<?xml version="1.0" encoding="UTF-8"?>
<osm version="0.6" generator="openstreetmap-cgimap 2.1.0 (383560 spike-06.openstreetmap.org)" copyright="OpenStreetMap and contributors" attribution="http://www.openstreetmap.org/copyright" license="http://opendatacommons.org/licenses/odbl/1-0/">
 <bounds minlat="21.0345090" minlon="105.8116110" maxlat="21.0392410" maxlon="105.8189610"/>
 <node id="98042452" visible="true" version="15" changeset="130815883" timestamp="2023-01-03T08:25:40Z" user="ItsLouisAnderson" uid="11691953" lat="21.0347047" lon="105.8143797"/>
 <node id="98043218" visible="true" version="15" changeset="154759121" timestamp="2024-08-03T05:09:40Z" user="openmap-vn" uid="21213273" lat="21.0338598" lon="105.8141260"/>
 <node id="106094000" visible="true" version="24" changeset="130815883" timestamp="2023-01-03T08:25:40Z" user="ItsLouisAnderson" uid="11691953" lat="21.0370748" lon="105.8151156"/>
 <node id="106094001" visible="true" version="23" changeset="130815883" timestamp="2023-01-03T08:25:40Z" user="ItsLouisAnderson" uid="11691953" lat="21.0372027" lon="105.8149064"/>
 <node id="106094002" visible="true" version="13" changeset="16800795" timestamp="2013-07-03T06:15:52Z" user="QuangDBui@TMA" uid="1276367" lat="21.0375752" lon="105.8141707"/>
 <node id="106094004" visible="true" version="13" changeset="16800795" timestamp="2013-07-03T06:15:52Z" user="QuangDBui@TMA" uid="1276367" lat="21.0378716" lon="105.8136517"/>
 <node id="106095113" visible="true" version="8" changeset="726647" timestamp="2008-11-09T07:10:07Z" user="Xemzi-E" uid="74822" lat="21.0384243" lon="105.8127379"/>
 <node id="106095678" visible="true" version="21" changeset="176888592" timestamp="2026-01-06T06:05:10Z" user="GrabVN_HHanh" uid="21825758" lat="21.0379498" lon="105.8133280"/>
 <node id="106096292" visible="true" version="7" changeset="141638202" timestamp="2023-09-23T10:35:22Z" user="vietnam321" uid="11196308" lat="21.0359219" lon="105.8127847"/>
 <node id="106096295" visible="true" version="7" changeset="141638202" timestamp="2023-09-23T10:35:22Z" user="vietnam321" uid="11196308" lat="21.0360827" lon="105.8113759"/>
 <node id="106096296" visible="true" version="6" changeset="141638202" timestamp="2023-09-23T10:35:22Z" user="vietnam321" uid="11196308" lat="21.0361013" lon="105.8110342"/>
 <node id="106096300" visible="true" version="5" changeset="106318488" timestamp="2021-06-14T08:01:58Z" user="ghar_07" uid="10751811" lat="21.0361474" lon="105.8106565"/>
 <node id="106096301" visible="true" version="7" changeset="143216057" timestamp="2023-10-27T15:02:11Z" user="vietnam321" uid="11196308" lat="21.0361601" lon="105.8105595"/>
 <node id="106098001" visible="true" version="22" changeset="154759121" timestamp="2024-08-03T05:09:40Z" user="openmap-vn" uid="21213273" lat="21.0331702" lon="105.8169747"/>
 <node id="106098690" visible="true" version="16" changeset="154759121" timestamp="2024-08-03T05:09:40Z" user="openmap-vn" uid="21213273" lat="21.0335600" lon="105.8170709"/>
 <node id="106098695" visible="true" version="16" changeset="152985266" timestamp="2024-06-21T10:04:02Z" user="openmap-vn" uid="21213273" lat="21.0340876" lon="105.8172402"/>
 <node id="106098697" visible="true" version="16" changeset="152985266" timestamp="2024-06-21T10:04:02Z" user="openmap-vn" uid="21213273" lat="21.0347709" lon="105.8175156"/>
 <node id="106098698" visible="true" version="25" changeset="149138558" timestamp="2024-03-25T16:09:25Z" user="openmap-vn" uid="21213273" lat="21.0355613" lon="105.8178814"/>
 <node id="106099274" visible="true" version="7" changeset="152985266" timestamp="2024-06-21T10:04:02Z" user="openmap-vn" uid="21213273" lat="21.0346261" lon="105.8148045"/>
 <node id="106099276" visible="true" version="9" changeset="155539426" timestamp="2024-08-21T06:25:41Z" user="phoenixsaigon1698" uid="3323343" lat="21.0343463" lon="105.8160033"/>
 <node id="106099277" visible="true" version="9" changeset="152985266" timestamp="2024-06-21T10:04:02Z" user="openmap-vn" uid="21213273" lat="21.0342979" lon="105.8162264"/>
 <node id="106099279" visible="true" version="18" changeset="152985266" timestamp="2024-06-21T10:04:02Z" user="openmap-vn" uid="21213273" lat="21.0340266" lon="105.8172013"/>
 <node id="309818608" visible="true" version="11" changeset="149122406" timestamp="2024-03-25T09:54:13Z" user="openmap-vn" uid="21213273" lat="21.0356664" lon="105.8176610"/>
 <node id="309818611" visible="true" version="11" changeset="154759169" timestamp="2024-08-03T05:13:45Z" user="openmap-vn" uid="21213273" lat="21.0354166" lon="105.8187090"/>
 <node id="309818668" visible="true" version="4" changeset="11329349" timestamp="2012-04-17T06:27:20Z" user="samgrahk" uid="294689" lat="21.0408499" lon="105.8130603"/>
 <node id="309818671" visible="true" version="3" changeset="726647" timestamp="2008-11-09T07:10:08Z" user="Xemzi-E" uid="74822" lat="21.0410529" lon="105.8131563"/>
 <node id="310725732" visible="true" version="14" changeset="16022447" timestamp="2013-05-08T03:52:49Z" user="QuangDBui@TMA" uid="1276367" lat="21.0421277" lon="105.8189915"/>
 <node id="310736140" visible="true" version="2" changeset="726647" timestamp="2008-11-09T07:10:07Z" user="Xemzi-E" uid="74822" lat="21.0401768" lon="105.8129584"/>
 <node id="310736141" visible="true" version="2" changeset="726647" timestamp="2008-11-09T07:10:07Z" user="Xemzi-E" uid="74822" lat="21.0390931" lon="105.8128154"/>
 <node id="317129393" visible="true" version="8" changeset="143216057" timestamp="2023-10-27T15:02:11Z" user="vietnam321" uid="11196308" lat="21.0378336" lon="105.8105118"/>
 <node id="317129394" visible="true" version="8" changeset="130815883" timestamp="2023-01-03T08:25:40Z" user="ItsLouisAnderson" uid="11691953" lat="21.0339223" lon="105.8139284"/>
 <node id="317129396" visible="true" version="2" changeset="11610447" timestamp="2012-05-16T03:09:34Z" user="samgrahk" uid="294689" lat="21.0411981" lon="105.8136318"/>
 <node id="317129397" visible="true" version="3" changeset="60002451" timestamp="2018-06-20T08:29:57Z" user="Ramanyam" uid="7671600" lat="21.0415078" lon="105.8140445"/>
 <node id="428403799" visible="true" version="10" changeset="148678495" timestamp="2024-03-15T09:42:45Z" user="phoenixsaigon1698" uid="3323343" lat="21.0411127" lon="105.8161075"/>
 <node id="442031853" visible="true" version="5" changeset="95322215" timestamp="2020-12-05T04:01:18Z" user="vietnam321" uid="11196308" lat="21.0405951" lon="105.8129091"/>
 <node id="445252274" visible="true" version="3" changeset="152985266" timestamp="2024-06-21T10:04:02Z" user="openmap-vn" uid="21213273" lat="21.0372379" lon="105.8190849"/>
 <node id="445252360" visible="true" version="4" changeset="69293353" timestamp="2019-04-17T03:40:45Z" user="Copernicus529" uid="9319354" lat="21.0360644" lon="105.8169117"/>
 <node id="445252449" visible="true" version="2" changeset="152985266" timestamp="2024-06-21T10:04:02Z" user="openmap-vn" uid="21213273" lat="21.0376936" lon="105.8163222"/>
 <node id="445252455" visible="true" version="3" changeset="152985266" timestamp="2024-06-21T10:04:02Z" user="openmap-vn" uid="21213273" lat="21.0351473" lon="105.8165655"/>
 <node id="445252496" visible="true" version="7" changeset="130815883" timestamp="2023-01-03T08:25:40Z" user="ItsLouisAnderson" uid="11691953" lat="21.0386608" lon="105.8153594"/>
 <node id="445252512" visible="true" version="3" changeset="152985266" timestamp="2024-06-21T10:04:02Z" user="openmap-vn" uid="21213273" lat="21.0390907" lon="105.8167422"/>
 <node id="445252524" visible="true" version="4" changeset="122933665" timestamp="2022-06-28T02:43:00Z" user="vietnam321" uid="11196308" lat="21.0384883" lon="105.8166425"/>
 <node id="445252529" visible="true" version="5" changeset="16800795" timestamp="2013-07-03T06:15:52Z" user="QuangDBui@TMA" uid="1276367" lat="21.0363387" lon="105.8164316"/>
 <node id="445253706" visible="true" version="5" changeset="149759132" timestamp="2024-04-09T04:40:58Z" user="Grab_Cong" uid="18820325" lat="21.0345278" lon="105.8135964"/>
 <node id="445253715" visible="true" version="6" changeset="38298584" timestamp="2016-04-04T18:50:43Z" user="DannyAiquipa" uid="2226712" lat="21.0378171" lon="105.8099378"/>
 <node id="445253733" visible="true" version="4" changeset="152973382" timestamp="2024-06-21T03:46:03Z" user="openmap-vn" uid="21213273" lat="21.0345040" lon="105.8126344"/>
 <node id="445253739" visible="true" version="2" changeset="4692162" timestamp="2010-05-14T04:16:34Z" user="ninomax" uid="47976" lat="21.0387173" lon="105.8127707"/>
 <node id="445253744" visible="true" version="6" changeset="149115534" timestamp="2024-03-25T06:46:43Z" user="openmap-vn" uid="21213273" lat="21.0376916" lon="105.8085747"/>
 <node id="445253747" visible="true" version="5" changeset="72097669" timestamp="2019-07-10T14:21:49Z" user="ReedtheRiver" uid="9965337" lat="21.0343982" lon="105.8139472"/>
 <node id="445253776" visible="true" version="3" changeset="60135729" timestamp="2018-06-25T05:29:44Z" user="Ramanyam" uid="7671600" lat="21.0350981" lon="105.8126688"/>
 <node id="446009103" visible="true" version="7" changeset="152985266" timestamp="2024-06-21T10:04:02Z" user="openmap-vn" uid="21213273" lat="21.0376446" lon="105.8152759"/>
 <node id="446009104" visible="true" version="7" changeset="130815883" timestamp="2023-01-03T08:25:40Z" user="ItsLouisAnderson" uid="11691953" lat="21.0386070" lon="105.8155648"/>
 <node id="724829179" visible="true" version="4" changeset="141342443" timestamp="2023-09-16T13:17:20Z" user="simonschaufi" uid="6193370" lat="21.0382692" lon="105.8157044">
  <tag k="amenity" v="atm"/>
  <tag k="brand" v="VietinBank"/>
  <tag k="brand:wikidata" v="Q7928459"/>
  <tag k="name" v="VietinBank"/>
  <tag k="operator" v="VietinBank"/>
  <tag k="operator:wikidata" v="Q7928459"/>
 </node>
 <node id="724829401" visible="true" version="4" changeset="129372959" timestamp="2022-11-25T15:07:46Z" user="user_14538650" uid="14538650" lat="21.0366470" lon="105.8160746">
  <tag k="amenity" v="atm"/>
 </node>
 <node id="724829550" visible="true" version="3" changeset="4646299" timestamp="2010-05-09T09:39:40Z" user="scai" uid="118134" lat="21.0379237" lon="105.8126950">
  <tag k="amenity" v="atm"/>
  <tag k="operator" v="Techcombank - ATM"/>
 </node>
 <node id="724829817" visible="true" version="5" changeset="149118896" timestamp="2024-03-25T08:32:55Z" user="openmap-vn" uid="21213273" lat="21.0377309" lon="105.8140598">
  <tag k="amenity" v="atm"/>
  <tag k="operator" v="MHB Bank"/>
 </node>
 <node id="724829877" visible="true" version="7" changeset="168946648" timestamp="2025-07-15T06:20:23Z" user="Tewuzij" uid="16194143" lat="21.0353476" lon="105.8146863">
  <tag k="amenity" v="atm"/>
  <tag k="brand" v="VIB"/>
  <tag k="brand:wikidata" v="Q49054349"/>
  <tag k="name" v="VIB"/>
  <tag k="operator" v="VIB"/>
  <tag k="operator:wikidata" v="Q49054349"/>
 </node>
 <node id="733433411" visible="true" version="6" changeset="130833401" timestamp="2023-01-03T16:14:37Z" user="ItsLouisAnderson" uid="11691953" lat="21.0376693" lon="105.8072797"/>
 <node id="738813746" visible="true" version="2" changeset="104863610" timestamp="2021-05-18T06:10:02Z" user="ItsLouisAnderson" uid="11691953" lat="21.0364222" lon="105.8150357">
  <tag k="bus" v="yes"/>
  <tag k="highway" v="bus_stop"/>
  <tag k="name" v="Viện Khoa học xã hội Việt Nam - số 1 Liễu Giai"/>
  <tag k="public_transport" v="platform"/>
 </node>
 <node id="738815421" visible="true" version="4" changeset="126381777" timestamp="2022-09-19T15:31:02Z" user="ItsLouisAnderson" uid="11691953" lat="21.0358789" lon="105.8143773">
  <tag k="bus" v="yes"/>
  <tag k="highway" v="bus_stop"/>
  <tag k="name" v="22 Liễu Giai"/>
  <tag k="public_transport" v="platform"/>
 </node>
 <node id="1498025813" visible="true" version="10" changeset="170041566" timestamp="2025-08-06T07:31:13Z" user="jungfreud" uid="23147920" lat="21.0380758" lon="105.8158501">
  <tag k="addr:country" v="VN"/>
  <tag k="addr:district" v="Quận Ba Đình"/>
  <tag k="addr:housenumber" v="3"/>
  <tag k="addr:street" v="Liễu Giai"/>
  <tag k="amenity" v="atm"/>
  <tag k="brand" v="MB"/>
  <tag k="brand:wikidata" v="Q10800269"/>
  <tag k="name" v="MB"/>
  <tag k="operator" v="MB"/>
  <tag k="operator:wikidata" v="Q10800269"/>
 </node>
 <node id="1537688085" visible="true" version="11" changeset="141638202" timestamp="2023-09-23T10:35:22Z" user="vietnam321" uid="11196308" lat="21.0357243" lon="105.8144585"/>
 <node id="1681503709" visible="true" version="6" changeset="167981647" timestamp="2025-06-23T03:07:09Z" user="phoenixsaigon1698" uid="3323343" lat="21.0387599" lon="105.8107373"/>
 <node id="1681536771" visible="true" version="1" changeset="11028992" timestamp="2012-03-19T12:53:44Z" user="samgrahk" uid="294689" lat="21.0342536" lon="105.8126008"/>
 <node id="1694663002" visible="true" version="8" changeset="130815883" timestamp="2023-01-03T08:25:40Z" user="ItsLouisAnderson" uid="11691953" lat="21.0410612" lon="105.8163054"/>
 <node id="1720181447" visible="true" version="1" changeset="11329349" timestamp="2012-04-17T06:27:17Z" user="samgrahk" uid="294689" lat="21.0394139" lon="105.8114942"/>
 <node id="1720181451" visible="true" version="2" changeset="95322215" timestamp="2020-12-05T04:01:18Z" user="vietnam321" uid="11196308" lat="21.0394226" lon="105.8127405"/>
 <node id="1720181456" visible="true" version="3" changeset="104365129" timestamp="2021-05-08T13:17:34Z" user="vietnam321" uid="11196308" lat="21.0391990" lon="105.8122963"/>
 <node id="1720181457" visible="true" version="2" changeset="95322215" timestamp="2020-12-05T04:01:18Z" user="vietnam321" uid="11196308" lat="21.0394544" lon="105.8123340"/>
 <node id="1720181467" visible="true" version="2" changeset="95322215" timestamp="2020-12-05T04:01:18Z" user="vietnam321" uid="11196308" lat="21.0407224" lon="105.8113490"/>
 <node id="1721379984" visible="true" version="5" changeset="168253506" timestamp="2025-06-29T07:35:47Z" user="Tewuzij" uid="16194143" lat="21.0376705" lon="105.8079007"/>
 <node id="1745116722" visible="true" version="9" changeset="141638202" timestamp="2023-09-23T10:35:22Z" user="vietnam321" uid="11196308" lat="21.0356752" lon="105.8146742"/>
 <node id="1746426839" visible="true" version="3" changeset="152973382" timestamp="2024-06-21T03:46:03Z" user="openmap-vn" uid="21213273" lat="21.0350183" lon="105.8134709"/>
 <node id="1746426841" visible="true" version="6" changeset="152973382" timestamp="2024-06-21T03:46:03Z" user="openmap-vn" uid="21213273" lat="21.0358327" lon="105.8135400"/>
 <node id="1746426842" visible="true" version="4" changeset="152973382" timestamp="2024-06-21T03:46:03Z" user="openmap-vn" uid="21213273" lat="21.0366026" lon="105.8121089"/>
 <node id="1746426843" visible="true" version="3" changeset="60134707" timestamp="2018-06-25T04:34:57Z" user="Ramanyam" uid="7671600" lat="21.0366743" lon="105.8115012"/>
 <node id="1746426845" visible="true" version="7" changeset="152973382" timestamp="2024-06-21T03:46:03Z" user="openmap-vn" uid="21213273" lat="21.0361015" lon="105.8110586"/>
 <node id="1746426846" visible="true" version="6" changeset="149115976" timestamp="2024-03-25T07:03:46Z" user="openmap-vn" uid="21213273" lat="21.0378484" lon="105.8108524"/>
 <node id="1754434522" visible="true" version="4" changeset="141638202" timestamp="2023-09-23T10:35:22Z" user="vietnam321" uid="11196308" lat="21.0360450" lon="105.8116845"/>
 <node id="1754434523" visible="true" version="2" changeset="60135729" timestamp="2018-06-25T05:29:44Z" user="Ramanyam" uid="7671600" lat="21.0354883" lon="105.8127086"/>
 <node id="1754434524" visible="true" version="4" changeset="152973382" timestamp="2024-06-21T03:46:03Z" user="openmap-vn" uid="21213273" lat="21.0354456" lon="105.8131677"/>
 <node id="1754434525" visible="true" version="4" changeset="152973382" timestamp="2024-06-21T03:46:03Z" user="openmap-vn" uid="21213273" lat="21.0356710" lon="105.8127478"/>
 <node id="1754434526" visible="true" version="5" changeset="152973382" timestamp="2024-06-21T03:46:03Z" user="openmap-vn" uid="21213273" lat="21.0353402" lon="105.8134968"/>
 <node id="1754434541" visible="true" version="2" changeset="60135729" timestamp="2018-06-25T05:29:45Z" user="Ramanyam" uid="7671600" lat="21.0357032" lon="105.8130142"/>
 <node id="1754434545" visible="true" version="3" changeset="152973382" timestamp="2024-06-21T03:46:03Z" user="openmap-vn" uid="21213273" lat="21.0357419" lon="105.8120448"/>
 <node id="1905193365" visible="true" version="2" changeset="16800795" timestamp="2013-07-03T06:15:52Z" user="QuangDBui@TMA" uid="1276367" lat="21.0378562" lon="105.8109722"/>
 <node id="1905193367" visible="true" version="4" changeset="153014014" timestamp="2024-06-22T03:22:46Z" user="openmap-vn" uid="21213273" lat="21.0380919" lon="105.8116552"/>
 <node id="1905193373" visible="true" version="3" changeset="153014014" timestamp="2024-06-22T03:22:46Z" user="openmap-vn" uid="21213273" lat="21.0382380" lon="105.8117572"/>
 <node id="1905193375" visible="true" version="4" changeset="153014014" timestamp="2024-06-22T03:22:46Z" user="openmap-vn" uid="21213273" lat="21.0382467" lon="105.8109437"/>
 <node id="2043293135" visible="true" version="2" changeset="141492671" timestamp="2023-09-20T04:11:47Z" user="vietnam321" uid="11196308" lat="21.0380684" lon="105.8118007"/>
 <node id="2043293137" visible="true" version="2" changeset="141492671" timestamp="2023-09-20T04:11:47Z" user="vietnam321" uid="11196308" lat="21.0383885" lon="105.8124216"/>
 <node id="2043293138" visible="true" version="2" changeset="141492671" timestamp="2023-09-20T04:11:47Z" user="vietnam321" uid="11196308" lat="21.0380944" lon="105.8124392"/>
 <node id="2043293146" visible="true" version="2" changeset="141492671" timestamp="2023-09-20T04:11:47Z" user="vietnam321" uid="11196308" lat="21.0380404" lon="105.8118290"/>
 <node id="2043293148" visible="true" version="2" changeset="141492671" timestamp="2023-09-20T04:11:47Z" user="vietnam321" uid="11196308" lat="21.0381588" lon="105.8122485"/>
 <node id="2043293149" visible="true" version="2" changeset="141492671" timestamp="2023-09-20T04:11:47Z" user="vietnam321" uid="11196308" lat="21.0383787" lon="105.8122352"/>
 <node id="2043293151" visible="true" version="2" changeset="141492671" timestamp="2023-09-20T04:11:47Z" user="vietnam321" uid="11196308" lat="21.0381488" lon="105.8120308"/>
 <node id="2043293152" visible="true" version="2" changeset="141492671" timestamp="2023-09-20T04:11:47Z" user="vietnam321" uid="11196308" lat="21.0380698" lon="105.8118272"/>
 <node id="2043293153" visible="true" version="2" changeset="141492671" timestamp="2023-09-20T04:11:47Z" user="vietnam321" uid="11196308" lat="21.0381366" lon="105.8117966"/>
 <node id="2057249078" visible="true" version="3" changeset="153014014" timestamp="2024-06-22T03:22:46Z" user="openmap-vn" uid="21213273" lat="21.0381020" lon="105.8109766"/>
 <node id="2062617518" visible="true" version="5" changeset="152985266" timestamp="2024-06-21T10:04:02Z" user="openmap-vn" uid="21213273" lat="21.0337655" lon="105.8171192"/>
 <node id="2062617653" visible="true" version="4" changeset="152704838" timestamp="2024-06-15T03:58:19Z" user="vietnam321" uid="11196308" lat="21.0338990" lon="105.8181126"/>
 <node id="2062617737" visible="true" version="3" changeset="106067784" timestamp="2021-06-09T05:05:31Z" user="pedda_pelli" uid="13354516" lat="21.0341425" lon="105.8184815"/>
 <node id="2062617776" visible="true" version="3" changeset="106067784" timestamp="2021-06-09T05:05:31Z" user="pedda_pelli" uid="13354516" lat="21.0342578" lon="105.8186284"/>
 <node id="2062617900" visible="true" version="5" changeset="106067784" timestamp="2021-06-09T05:05:31Z" user="pedda_pelli" uid="13354516" lat="21.0348862" lon="105.8187301"/>
 <node id="2062617913" visible="true" version="5" changeset="106067784" timestamp="2021-06-09T05:05:31Z" user="pedda_pelli" uid="13354516" lat="21.0344807" lon="105.8187207"/>
 <node id="2062617943" visible="true" version="1" changeset="14245633" timestamp="2012-12-12T05:48:47Z" user="samgrahk" uid="294689" lat="21.0355482" lon="105.8162613"/>
 <node id="2062617983" visible="true" version="4" changeset="60136260" timestamp="2018-06-25T05:53:57Z" user="Ramanyam" uid="7671600" lat="21.0354697" lon="105.8166768"/>
 <node id="2062618018" visible="true" version="3" changeset="172347026" timestamp="2025-09-23T14:15:15Z" user="Hung Tran 9x0" uid="20910140" lat="21.0351614" lon="105.8172208">
  <tag k="noexit" v="yes"/>
 </node>
 <node id="2062618065" visible="true" version="3" changeset="152985266" timestamp="2024-06-21T10:04:02Z" user="openmap-vn" uid="21213273" lat="21.0352421" lon="105.8160024"/>
 <node id="2062618144" visible="true" version="4" changeset="152704838" timestamp="2024-06-15T03:58:19Z" user="vietnam321" uid="11196308" lat="21.0348766" lon="105.8171671"/>
 <node id="2062618180" visible="true" version="2" changeset="152985266" timestamp="2024-06-21T10:04:02Z" user="openmap-vn" uid="21213273" lat="21.0345899" lon="105.8163183"/>
 <node id="2062618219" visible="true" version="4" changeset="152985266" timestamp="2024-06-21T10:04:02Z" user="openmap-vn" uid="21213273" lat="21.0344669" lon="105.8168383"/>
 <node id="2062618263" visible="true" version="6" changeset="152985266" timestamp="2024-06-21T10:04:02Z" user="openmap-vn" uid="21213273" lat="21.0347071" lon="105.8158111"/>
 <node id="2062618309" visible="true" version="5" changeset="152985266" timestamp="2024-06-21T10:04:02Z" user="openmap-vn" uid="21213273" lat="21.0341410" lon="105.8167488"/>
 <node id="2062618345" visible="true" version="5" changeset="152985266" timestamp="2024-06-21T10:04:02Z" user="openmap-vn" uid="21213273" lat="21.0353511" lon="105.8152803"/>
 <node id="2062618385" visible="true" version="5" changeset="152985266" timestamp="2024-06-21T10:04:02Z" user="openmap-vn" uid="21213273" lat="21.0347601" lon="105.8151566"/>
 <node id="2062618427" visible="true" version="6" changeset="152985266" timestamp="2024-06-21T10:04:02Z" user="openmap-vn" uid="21213273" lat="21.0345642" lon="105.8150941"/>
 <node id="2062618428" visible="true" version="2" changeset="14245706" timestamp="2012-12-12T06:06:25Z" user="samgrahk" uid="294689" lat="21.0346772" lon="105.8155925"/>
 <node id="2062618443" visible="true" version="4" changeset="155539426" timestamp="2024-08-21T06:25:41Z" user="phoenixsaigon1698" uid="3323343" lat="21.0344968" lon="105.8153986"/>
 <node id="2062618485" visible="true" version="5" changeset="152985266" timestamp="2024-06-21T10:04:02Z" user="openmap-vn" uid="21213273" lat="21.0351384" lon="105.8152383"/>
 <node id="2062618520" visible="true" version="6" changeset="130815883" timestamp="2023-01-03T08:25:40Z" user="ItsLouisAnderson" uid="11691953" lat="21.0352806" lon="105.8145561"/>
 <node id="2062618557" visible="true" version="6" changeset="130815883" timestamp="2023-01-03T08:25:40Z" user="ItsLouisAnderson" uid="11691953" lat="21.0355139" lon="105.8146269"/>
 <node id="2062618593" visible="true" version="4" changeset="60136260" timestamp="2018-06-25T05:53:57Z" user="Ramanyam" uid="7671600" lat="21.0349278" lon="105.8151907"/>
 <node id="2062618626" visible="true" version="9" changeset="130815883" timestamp="2023-01-03T08:25:40Z" user="ItsLouisAnderson" uid="11691953" lat="21.0350823" lon="105.8144966"/>
 <node id="2062618796" visible="true" version="3" changeset="152985266" timestamp="2024-06-21T10:04:02Z" user="openmap-vn" uid="21213273" lat="21.0343078" lon="105.8147160"/>
 <node id="2062620786" visible="true" version="7" changeset="152985266" timestamp="2024-06-21T10:04:02Z" user="openmap-vn" uid="21213273" lat="21.0344159" lon="105.8157388"/>
 <node id="2062622257" visible="true" version="3" changeset="106067784" timestamp="2021-06-09T05:05:31Z" user="pedda_pelli" uid="13354516" lat="21.0339596" lon="105.8184454"/>
 <node id="2062622258" visible="true" version="3" changeset="152985266" timestamp="2024-06-21T10:04:02Z" user="openmap-vn" uid="21213273" lat="21.0336642" lon="105.8176079"/>
 <node id="2062622260" visible="true" version="4" changeset="152985266" timestamp="2024-06-21T10:04:02Z" user="openmap-vn" uid="21213273" lat="21.0346341" lon="105.8157920"/>
 <node id="2062622261" visible="true" version="3" changeset="152985266" timestamp="2024-06-21T10:04:02Z" user="openmap-vn" uid="21213273" lat="21.0336448" lon="105.8174174"/>
 <node id="2062622262" visible="true" version="3" changeset="106067784" timestamp="2021-06-09T05:05:31Z" user="pedda_pelli" uid="13354516" lat="21.0340548" lon="105.8184830"/>
 <node id="2062622263" visible="true" version="3" changeset="152985266" timestamp="2024-06-21T10:04:02Z" user="openmap-vn" uid="21213273" lat="21.0337443" lon="105.8178674"/>
 <node id="2062830310" visible="true" version="5" changeset="170647726" timestamp="2025-08-19T04:34:12Z" user="Hung Tran 9x0" uid="20910140" lat="21.0348878" lon="105.8164169"/>
 <node id="2062830314" visible="true" version="4" changeset="152985266" timestamp="2024-06-21T10:04:02Z" user="openmap-vn" uid="21213273" lat="21.0350706" lon="105.8158966"/>
 <node id="2062830315" visible="true" version="1" changeset="14247574" timestamp="2012-12-12T10:49:50Z" user="samgrahk" uid="294689" lat="21.0347043" lon="105.8169855"/>
 <node id="2062830317" visible="true" version="5" changeset="152985266" timestamp="2024-06-21T10:04:02Z" user="openmap-vn" uid="21213273" lat="21.0351608" lon="105.8154384"/>
 <node id="2062830320" visible="true" version="4" changeset="152985266" timestamp="2024-06-21T10:04:02Z" user="openmap-vn" uid="21213273" lat="21.0352947" lon="105.8154783"/>
 <node id="2062830360" visible="true" version="1" changeset="14247574" timestamp="2012-12-12T10:49:55Z" user="samgrahk" uid="294689" lat="21.0352268" lon="105.8158843"/>
 <node id="2062830388" visible="true" version="4" changeset="152985266" timestamp="2024-06-21T10:04:02Z" user="openmap-vn" uid="21213273" lat="21.0349170" lon="105.8153787"/>
 <node id="2062830389" visible="true" version="4" changeset="152985266" timestamp="2024-06-21T10:04:02Z" user="openmap-vn" uid="21213273" lat="21.0348376" lon="105.8158525"/>
 <node id="2062830396" visible="true" version="3" changeset="152985266" timestamp="2024-06-21T10:04:02Z" user="openmap-vn" uid="21213273" lat="21.0348209" lon="105.8160463"/>
 <node id="2084303024" visible="true" version="3" changeset="152973382" timestamp="2024-06-21T03:46:03Z" user="openmap-vn" uid="21213273" lat="21.0356675" lon="105.8135254"/>
 <node id="2084303025" visible="true" version="3" changeset="152973382" timestamp="2024-06-21T03:46:03Z" user="openmap-vn" uid="21213273" lat="21.0356903" lon="105.8132239"/>
 <node id="2084303041" visible="true" version="3" changeset="152973382" timestamp="2024-06-21T03:46:03Z" user="openmap-vn" uid="21213273" lat="21.0350600" lon="105.8131279"/>
 <node id="2084303042" visible="true" version="3" changeset="152973382" timestamp="2024-06-21T03:46:03Z" user="openmap-vn" uid="21213273" lat="21.0352174" lon="105.8134874"/>
 <node id="2084303044" visible="true" version="4" changeset="152973382" timestamp="2024-06-21T03:46:03Z" user="openmap-vn" uid="21213273" lat="21.0352465" lon="105.8131437"/>
 <node id="2084303045" visible="true" version="3" changeset="152973382" timestamp="2024-06-21T03:46:03Z" user="openmap-vn" uid="21213273" lat="21.0348936" lon="105.8134606"/>
 <node id="2091744951" visible="true" version="3" changeset="152973382" timestamp="2024-06-21T03:46:03Z" user="openmap-vn" uid="21213273" lat="21.0353735" lon="105.8131592"/>
 <node id="2091852926" visible="true" version="4" changeset="154757829" timestamp="2024-08-03T02:40:34Z" user="openmap-vn" uid="21213273" lat="21.0373863" lon="105.8145478"/>
 <node id="2091852936" visible="true" version="4" changeset="130815883" timestamp="2023-01-03T08:25:40Z" user="ItsLouisAnderson" uid="11691953" lat="21.0375771" lon="105.8150405"/>
 <node id="2093091268" visible="true" version="1" changeset="14509075" timestamp="2013-01-03T08:19:55Z" user="samgrahk" uid="294689" lat="21.0356467" lon="105.8149260"/>
 <node id="2093091275" visible="true" version="1" changeset="14509075" timestamp="2013-01-03T08:19:55Z" user="samgrahk" uid="294689" lat="21.0354084" lon="105.8152143"/>
 <node id="2093091305" visible="true" version="1" changeset="14509075" timestamp="2013-01-03T08:19:56Z" user="samgrahk" uid="294689" lat="21.0355632" lon="105.8152589"/>
 <node id="2093091447" visible="true" version="1" changeset="14509075" timestamp="2013-01-03T08:19:57Z" user="samgrahk" uid="294689" lat="21.0354919" lon="105.8148814"/>
 <node id="2105753377" visible="true" version="5" changeset="132433590" timestamp="2023-02-12T07:50:02Z" user="Mapping_95" uid="10498092" lat="21.0343615" lon="105.8140494"/>
 <node id="2175083039" visible="true" version="2" changeset="152985266" timestamp="2024-06-21T10:04:02Z" user="openmap-vn" uid="21213273" lat="21.0376343" lon="105.8166429"/>
 <node id="2175083040" visible="true" version="2" changeset="152985266" timestamp="2024-06-21T10:04:02Z" user="openmap-vn" uid="21213273" lat="21.0377778" lon="105.8158800"/>
 <node id="2182473681" visible="true" version="4" changeset="168946648" timestamp="2025-07-15T06:20:23Z" user="Tewuzij" uid="16194143" lat="21.0362469" lon="105.8158280">
  <tag k="addr:country" v="VN"/>
  <tag k="addr:housename" v="Ladeco"/>
  <tag k="addr:housenumber" v="266"/>
  <tag k="addr:street" v="Đội Cấn"/>
  <tag k="amenity" v="bank"/>
  <tag k="brand" v="Agribank"/>
  <tag k="brand:wikidata" v="Q1924723"/>
  <tag k="name" v="Agribank"/>
  <tag k="official_name" v="Ngân hàng Nông nghiệp và Phát triển Nông thôn Việt Nam"/>
  <tag k="official_name:en" v="Vietnam Bank for Agriculture and Rural Development"/>
  <tag k="official_name:vi" v="Ngân hàng Nông nghiệp và Phát triển Nông thôn Việt Nam"/>
 </node>
 <node id="2195289142" visible="true" version="5" changeset="130815883" timestamp="2023-01-03T08:25:40Z" user="ItsLouisAnderson" uid="11691953" lat="21.0374458" lon="105.8152145"/>
 <node id="2195289151" visible="true" version="3" changeset="130815883" timestamp="2023-01-03T08:25:40Z" user="ItsLouisAnderson" uid="11691953" lat="21.0369038" lon="105.8154275"/>
 <node id="2371522047" visible="true" version="1" changeset="16800795" timestamp="2013-07-03T06:15:51Z" user="QuangDBui@TMA" uid="1276367" lat="21.0382867" lon="105.8128540"/>
 <node id="2428074060" visible="true" version="4" changeset="159306847" timestamp="2024-11-19T02:39:19Z" user="GrabVN_Dang" uid="21825913" lat="21.0338000" lon="105.8174804"/>
 <node id="2428074075" visible="true" version="4" changeset="106067784" timestamp="2021-06-09T05:05:31Z" user="pedda_pelli" uid="13354516" lat="21.0343090" lon="105.8186787"/>
 <node id="2428074095" visible="true" version="2" changeset="116177107" timestamp="2022-01-15T10:25:13Z" user="vietnam321" uid="11196308" lat="21.0344614" lon="105.8189392"/>
 <node id="2428074096" visible="true" version="1" changeset="17455532" timestamp="2013-08-22T13:26:04Z" user="Alex Rollin" uid="538459" lat="21.0344615" lon="105.8182003"/>
 <node id="2428074098" visible="true" version="1" changeset="17455532" timestamp="2013-08-22T13:26:04Z" user="Alex Rollin" uid="538459" lat="21.0344637" lon="105.8181592"/>
 <node id="2428074100" visible="true" version="2" changeset="116177107" timestamp="2022-01-15T10:25:13Z" user="vietnam321" uid="11196308" lat="21.0344760" lon="105.8187610"/>
 <node id="2428074101" visible="true" version="1" changeset="17455532" timestamp="2013-08-22T13:26:04Z" user="Alex Rollin" uid="538459" lat="21.0344728" lon="105.8181483"/>
 <node id="2428074102" visible="true" version="1" changeset="17455532" timestamp="2013-08-22T13:26:04Z" user="Alex Rollin" uid="538459" lat="21.0344797" lon="105.8180196"/>
 <node id="2428074108" visible="true" version="2" changeset="116177107" timestamp="2022-01-15T10:25:13Z" user="vietnam321" uid="11196308" lat="21.0345398" lon="105.8189464"/>
 <node id="2428074110" visible="true" version="2" changeset="116177107" timestamp="2022-01-15T10:25:13Z" user="vietnam321" uid="11196308" lat="21.0345446" lon="105.8188854"/>
 <node id="2428074112" visible="true" version="1" changeset="17455532" timestamp="2013-08-22T13:26:04Z" user="Alex Rollin" uid="538459" lat="21.0345400" lon="105.8184997"/>
 <node id="2428074113" visible="true" version="2" changeset="116177107" timestamp="2022-01-15T10:25:13Z" user="vietnam321" uid="11196308" lat="21.0345430" lon="105.8187902"/>
 <node id="2428074120" visible="true" version="1" changeset="17455532" timestamp="2013-08-22T13:26:05Z" user="Alex Rollin" uid="538459" lat="21.0345641" lon="105.8181538"/>
 <node id="2428074123" visible="true" version="1" changeset="17455532" timestamp="2013-08-22T13:26:05Z" user="Alex Rollin" uid="538459" lat="21.0345709" lon="105.8180252"/>
 <node id="2428074125" visible="true" version="1" changeset="17455532" timestamp="2013-08-22T13:26:05Z" user="Alex Rollin" uid="538459" lat="21.0345880" lon="105.8181581"/>
 <node id="2428074127" visible="true" version="1" changeset="17455532" timestamp="2013-08-22T13:26:05Z" user="Alex Rollin" uid="538459" lat="21.0345952" lon="105.8180229"/>
 <node id="2428074134" visible="true" version="2" changeset="116177107" timestamp="2022-01-15T10:25:13Z" user="vietnam321" uid="11196308" lat="21.0346321" lon="105.8188934"/>
 <node id="2428074138" visible="true" version="2" changeset="116177107" timestamp="2022-01-15T10:25:13Z" user="vietnam321" uid="11196308" lat="21.0346227" lon="105.8190130"/>
 <node id="2428074145" visible="true" version="4" changeset="152985266" timestamp="2024-06-21T10:04:02Z" user="openmap-vn" uid="21213273" lat="21.0346290" lon="105.8178249"/>
 <node id="2428074160" visible="true" version="1" changeset="17455532" timestamp="2013-08-22T13:26:05Z" user="Alex Rollin" uid="538459" lat="21.0346657" lon="105.8183131"/>
 <node id="2428074161" visible="true" version="1" changeset="17455532" timestamp="2013-08-22T13:26:05Z" user="Alex Rollin" uid="538459" lat="21.0346692" lon="105.8182478"/>
 <node id="2428074162" visible="true" version="3" changeset="106067784" timestamp="2021-06-09T05:05:31Z" user="pedda_pelli" uid="13354516" lat="21.0346988" lon="105.8186932"/>
 <node id="2428074163" visible="true" version="1" changeset="17455532" timestamp="2013-08-22T13:26:06Z" user="Alex Rollin" uid="538459" lat="21.0346880" lon="105.8182489"/>
 <node id="2428074164" visible="true" version="1" changeset="17455532" timestamp="2013-08-22T13:26:06Z" user="Alex Rollin" uid="538459" lat="21.0346899" lon="105.8182141"/>
 <node id="2428074165" visible="true" version="1" changeset="17455532" timestamp="2013-08-22T13:26:06Z" user="Alex Rollin" uid="538459" lat="21.0346925" lon="105.8185066"/>
 <node id="2428074166" visible="true" version="1" changeset="17455532" timestamp="2013-08-22T13:26:06Z" user="Alex Rollin" uid="538459" lat="21.0346931" lon="105.8181645"/>
 <node id="2428074167" visible="true" version="1" changeset="17455532" timestamp="2013-08-22T13:26:06Z" user="Alex Rollin" uid="538459" lat="21.0347000" lon="105.8183382"/>
 <node id="2428074168" visible="true" version="1" changeset="17455532" timestamp="2013-08-22T13:26:06Z" user="Alex Rollin" uid="538459" lat="21.0347003" lon="105.8180293"/>
 <node id="2428074169" visible="true" version="1" changeset="17455532" timestamp="2013-08-22T13:26:06Z" user="Alex Rollin" uid="538459" lat="21.0347194" lon="105.8181747"/>
 <node id="2428074171" visible="true" version="2" changeset="116177107" timestamp="2022-01-15T10:25:13Z" user="vietnam321" uid="11196308" lat="21.0347310" lon="105.8190228"/>
 <node id="2428074172" visible="true" version="1" changeset="17455532" timestamp="2013-08-22T13:26:06Z" user="Alex Rollin" uid="538459" lat="21.0347241" lon="105.8180850"/>
 <node id="2428074176" visible="true" version="2" changeset="116177107" timestamp="2022-01-15T10:25:13Z" user="vietnam321" uid="11196308" lat="21.0347479" lon="105.8188088"/>
 <node id="2428074179" visible="true" version="3" changeset="72101076" timestamp="2019-07-10T15:45:01Z" user="ReedtheRiver" uid="9965337" lat="21.0347030" lon="105.8174835"/>
 <node id="2428074181" visible="true" version="1" changeset="17455532" timestamp="2013-08-22T13:26:06Z" user="Alex Rollin" uid="538459" lat="21.0347560" lon="105.8185589"/>
 <node id="2428074182" visible="true" version="4" changeset="106067784" timestamp="2021-06-09T05:05:31Z" user="pedda_pelli" uid="13354516" lat="21.0347702" lon="105.8187428"/>
 <node id="2428074184" visible="true" version="3" changeset="153271806" timestamp="2024-06-28T02:11:00Z" user="phoenixsaigon1698" uid="3323343" lat="21.0347680" lon="105.8199471"/>
 <node id="2428074185" visible="true" version="1" changeset="17455532" timestamp="2013-08-22T13:26:06Z" user="Alex Rollin" uid="538459" lat="21.0347612" lon="105.8187102"/>
 <node id="2428074188" visible="true" version="4" changeset="152985266" timestamp="2024-06-21T10:04:02Z" user="openmap-vn" uid="21213273" lat="21.0347507" lon="105.8193979"/>
 <node id="2428074193" visible="true" version="2" changeset="152985266" timestamp="2024-06-21T10:04:02Z" user="openmap-vn" uid="21213273" lat="21.0348316" lon="105.8158198"/>
 <node id="2428074194" visible="true" version="2" changeset="152985266" timestamp="2024-06-21T10:04:02Z" user="openmap-vn" uid="21213273" lat="21.0348492" lon="105.8158775"/>
 <node id="2428074197" visible="true" version="1" changeset="17455532" timestamp="2013-08-22T13:26:08Z" user="Alex Rollin" uid="538459" lat="21.0348503" lon="105.8185552"/>
 <node id="2428074198" visible="true" version="1" changeset="17455532" timestamp="2013-08-22T13:26:08Z" user="Alex Rollin" uid="538459" lat="21.0348519" lon="105.8183244"/>
 <node id="2428074200" visible="true" version="1" changeset="17455532" timestamp="2013-08-22T13:26:08Z" user="Alex Rollin" uid="538459" lat="21.0348528" lon="105.8186280"/>
 <node id="2428074201" visible="true" version="1" changeset="17455532" timestamp="2013-08-22T13:26:08Z" user="Alex Rollin" uid="538459" lat="21.0348561" lon="105.8182445"/>
 <node id="2428074202" visible="true" version="1" changeset="17455532" timestamp="2013-08-22T13:26:08Z" user="Alex Rollin" uid="538459" lat="21.0348646" lon="105.8181947"/>
 <node id="2428074203" visible="true" version="1" changeset="17455532" timestamp="2013-08-22T13:26:08Z" user="Alex Rollin" uid="538459" lat="21.0348699" lon="105.8180939"/>
 <node id="2428074206" visible="true" version="1" changeset="17455532" timestamp="2013-08-22T13:26:08Z" user="Alex Rollin" uid="538459" lat="21.0348735" lon="105.8182456"/>
 <node id="2428074207" visible="true" version="1" changeset="17455532" timestamp="2013-08-22T13:26:08Z" user="Alex Rollin" uid="538459" lat="21.0348761" lon="105.8181954"/>
 <node id="2428074210" visible="true" version="2" changeset="116177107" timestamp="2022-01-15T10:25:13Z" user="vietnam321" uid="11196308" lat="21.0347957" lon="105.8187683"/>
 <node id="2428074211" visible="true" version="2" changeset="116177107" timestamp="2022-01-15T10:25:13Z" user="vietnam321" uid="11196308" lat="21.0347942" lon="105.8188602"/>
 <node id="2428074217" visible="true" version="2" changeset="116177107" timestamp="2022-01-15T10:25:13Z" user="vietnam321" uid="11196308" lat="21.0349869" lon="105.8187720"/>
 <node id="2428074218" visible="true" version="2" changeset="116177107" timestamp="2022-01-15T10:25:13Z" user="vietnam321" uid="11196308" lat="21.0349854" lon="105.8188639"/>
 <node id="2428074222" visible="true" version="2" changeset="116177107" timestamp="2022-01-15T10:25:13Z" user="vietnam321" uid="11196308" lat="21.0350117" lon="105.8188478"/>
 <node id="2428074223" visible="true" version="2" changeset="116177107" timestamp="2022-01-15T10:25:13Z" user="vietnam321" uid="11196308" lat="21.0350117" lon="105.8189224"/>
 <node id="2428074226" visible="true" version="2" changeset="116177107" timestamp="2022-01-15T10:25:13Z" user="vietnam321" uid="11196308" lat="21.0350802" lon="105.8188478"/>
 <node id="2428074227" visible="true" version="2" changeset="116177107" timestamp="2022-01-15T10:25:13Z" user="vietnam321" uid="11196308" lat="21.0350802" lon="105.8189224"/>
 <node id="2428074248" visible="true" version="1" changeset="17455532" timestamp="2013-08-22T13:26:09Z" user="Alex Rollin" uid="538459" lat="21.0351960" lon="105.8186145"/>
 <node id="2428074249" visible="true" version="1" changeset="17455532" timestamp="2013-08-22T13:26:09Z" user="Alex Rollin" uid="538459" lat="21.0351987" lon="105.8186929"/>
 <node id="2428074251" visible="true" version="2" changeset="106075168" timestamp="2021-06-09T07:12:08Z" user="pedda_pelli" uid="13354516" lat="21.0352177" lon="105.8172467"/>
 <node id="2428074266" visible="true" version="2" changeset="106075168" timestamp="2021-06-09T07:12:08Z" user="pedda_pelli" uid="13354516" lat="21.0352703" lon="105.8171437"/>
 <node id="2428074271" visible="true" version="2" changeset="106075168" timestamp="2021-06-09T07:12:08Z" user="pedda_pelli" uid="13354516" lat="21.0352949" lon="105.8171067"/>
 <node id="2428074277" visible="true" version="2" changeset="106075168" timestamp="2021-06-09T07:12:08Z" user="pedda_pelli" uid="13354516" lat="21.0353220" lon="105.8170519"/>
 <node id="2428074316" visible="true" version="3" changeset="152985266" timestamp="2024-06-21T10:04:02Z" user="openmap-vn" uid="21213273" lat="21.0354613" lon="105.8160171"/>
 <node id="2428074318" visible="true" version="1" changeset="17455532" timestamp="2013-08-22T13:26:11Z" user="Alex Rollin" uid="538459" lat="21.0354772" lon="105.8167936"/>
 <node id="2428074321" visible="true" version="3" changeset="152985266" timestamp="2024-06-21T10:04:02Z" user="openmap-vn" uid="21213273" lat="21.0355269" lon="105.8157713"/>
 <node id="2428074322" visible="true" version="3" changeset="152985266" timestamp="2024-06-21T10:04:02Z" user="openmap-vn" uid="21213273" lat="21.0355112" lon="105.8157065"/>
 <node id="2428074328" visible="true" version="3" changeset="152985266" timestamp="2024-06-21T10:04:02Z" user="openmap-vn" uid="21213273" lat="21.0355315" lon="105.8156138"/>
 <node id="2428074329" visible="true" version="1" changeset="17455532" timestamp="2013-08-22T13:26:11Z" user="Alex Rollin" uid="538459" lat="21.0355163" lon="105.8167162"/>
 <node id="2428074331" visible="true" version="1" changeset="17455532" timestamp="2013-08-22T13:26:11Z" user="Alex Rollin" uid="538459" lat="21.0355201" lon="105.8169620"/>
 <node id="2428074337" visible="true" version="2" changeset="106075168" timestamp="2021-06-09T07:12:08Z" user="pedda_pelli" uid="13354516" lat="21.0355200" lon="105.8174238"/>
 <node id="2428074347" visible="true" version="1" changeset="17455532" timestamp="2013-08-22T13:26:11Z" user="Alex Rollin" uid="538459" lat="21.0355457" lon="105.8169136"/>
 <node id="2428074360" visible="true" version="3" changeset="152985266" timestamp="2024-06-21T10:04:02Z" user="openmap-vn" uid="21213273" lat="21.0355827" lon="105.8160543"/>
 <node id="2428074362" visible="true" version="2" changeset="106075168" timestamp="2021-06-09T07:12:08Z" user="pedda_pelli" uid="13354516" lat="21.0355726" lon="105.8173208"/>
 <node id="2428074372" visible="true" version="2" changeset="106075168" timestamp="2021-06-09T07:12:08Z" user="pedda_pelli" uid="13354516" lat="21.0355994" lon="105.8172791"/>
 <node id="2428074374" visible="true" version="3" changeset="152985266" timestamp="2024-06-21T10:04:02Z" user="openmap-vn" uid="21213273" lat="21.0356483" lon="105.8158084"/>
 <node id="2428074389" visible="true" version="2" changeset="106075168" timestamp="2021-06-09T07:12:08Z" user="pedda_pelli" uid="13354516" lat="21.0356264" lon="105.8172243"/>
 <node id="2428074391" visible="true" version="1" changeset="17455532" timestamp="2013-08-22T13:26:12Z" user="Alex Rollin" uid="538459" lat="21.0356383" lon="105.8190393"/>
 <node id="2428074393" visible="true" version="1" changeset="17455532" timestamp="2013-08-22T13:26:12Z" user="Alex Rollin" uid="538459" lat="21.0356398" lon="105.8191415"/>
 <node id="2428074397" visible="true" version="3" changeset="152985266" timestamp="2024-06-21T10:04:02Z" user="openmap-vn" uid="21213273" lat="21.0356580" lon="105.8159771"/>
 <node id="2428074420" visible="true" version="1" changeset="17455532" timestamp="2013-08-22T13:26:14Z" user="Alex Rollin" uid="538459" lat="21.0356598" lon="105.8189487"/>
 <node id="2428074421" visible="true" version="3" changeset="152985266" timestamp="2024-06-21T10:04:02Z" user="openmap-vn" uid="21213273" lat="21.0356817" lon="105.8160706"/>
 <node id="2428074422" visible="true" version="3" changeset="152985266" timestamp="2024-06-21T10:04:02Z" user="openmap-vn" uid="21213273" lat="21.0356817" lon="105.8158691"/>
 <node id="2428074424" visible="true" version="1" changeset="17455532" timestamp="2013-08-22T13:26:14Z" user="Alex Rollin" uid="538459" lat="21.0356721" lon="105.8192667"/>
 <node id="2428074431" visible="true" version="1" changeset="17455532" timestamp="2013-08-22T13:26:14Z" user="Alex Rollin" uid="538459" lat="21.0356967" lon="105.8188894"/>
 <node id="2428074434" visible="true" version="2" changeset="152985266" timestamp="2024-06-21T10:04:02Z" user="openmap-vn" uid="21213273" lat="21.0357350" lon="105.8166359"/>
 <node id="2428074435" visible="true" version="3" changeset="152985266" timestamp="2024-06-21T10:04:02Z" user="openmap-vn" uid="21213273" lat="21.0357312" lon="105.8158815"/>
 <node id="2428074439" visible="true" version="3" changeset="152985266" timestamp="2024-06-21T10:04:02Z" user="openmap-vn" uid="21213273" lat="21.0357561" lon="105.8157682"/>
 <node id="2428074443" visible="true" version="1" changeset="17455532" timestamp="2013-08-22T13:26:15Z" user="Alex Rollin" uid="538459" lat="21.0357521" lon="105.8188548"/>
 <node id="2428074448" visible="true" version="2" changeset="152985266" timestamp="2024-06-21T10:04:02Z" user="openmap-vn" uid="21213273" lat="21.0357574" lon="105.8166795"/>
 <node id="2428074449" visible="true" version="1" changeset="17455532" timestamp="2013-08-22T13:26:15Z" user="Alex Rollin" uid="538459" lat="21.0357691" lon="105.8165362"/>
 <node id="2428074450" visible="true" version="1" changeset="17455532" timestamp="2013-08-22T13:26:15Z" user="Alex Rollin" uid="538459" lat="21.0357767" lon="105.8171181"/>
 <node id="2428074453" visible="true" version="1" changeset="17455532" timestamp="2013-08-22T13:26:15Z" user="Alex Rollin" uid="538459" lat="21.0357951" lon="105.8190377"/>
 <node id="2428074457" visible="true" version="1" changeset="17455532" timestamp="2013-08-22T13:26:15Z" user="Alex Rollin" uid="538459" lat="21.0358024" lon="105.8170697"/>
 <node id="2428074460" visible="true" version="1" changeset="17455532" timestamp="2013-08-22T13:26:15Z" user="Alex Rollin" uid="538459" lat="21.0358115" lon="105.8164524"/>
 <node id="2428074461" visible="true" version="1" changeset="17455532" timestamp="2013-08-22T13:26:15Z" user="Alex Rollin" uid="538459" lat="21.0358132" lon="105.8169882"/>
 <node id="2428074464" visible="true" version="1" changeset="17455532" timestamp="2013-08-22T13:26:15Z" user="Alex Rollin" uid="538459" lat="21.0358213" lon="105.8192288"/>
 <node id="2428074465" visible="true" version="1" changeset="17455532" timestamp="2013-08-22T13:26:15Z" user="Alex Rollin" uid="538459" lat="21.0358228" lon="105.8189322"/>
 <node id="2428074466" visible="true" version="3" changeset="152985266" timestamp="2024-06-21T10:04:02Z" user="openmap-vn" uid="21213273" lat="21.0358194" lon="105.8161052"/>
 <node id="2428074469" visible="true" version="1" changeset="17455532" timestamp="2013-08-22T13:26:15Z" user="Alex Rollin" uid="538459" lat="21.0358290" lon="105.8188268"/>
 <node id="2428074470" visible="true" version="1" changeset="17455532" timestamp="2013-08-22T13:26:15Z" user="Alex Rollin" uid="538459" lat="21.0358413" lon="105.8190294"/>
 <node id="2428074473" visible="true" version="1" changeset="17455532" timestamp="2013-08-22T13:26:15Z" user="Alex Rollin" uid="538459" lat="21.0358523" lon="105.8169108"/>
 <node id="2428074474" visible="true" version="1" changeset="17455532" timestamp="2013-08-22T13:26:15Z" user="Alex Rollin" uid="538459" lat="21.0358539" lon="105.8164361"/>
 <node id="2428074475" visible="true" version="1" changeset="17455532" timestamp="2013-08-22T13:26:15Z" user="Alex Rollin" uid="538459" lat="21.0358551" lon="105.8189256"/>
 <node id="2428074484" visible="true" version="3" changeset="152985266" timestamp="2024-06-21T10:04:02Z" user="openmap-vn" uid="21213273" lat="21.0359096" lon="105.8156938"/>
 <node id="2428074490" visible="true" version="2" changeset="152985266" timestamp="2024-06-21T10:04:02Z" user="openmap-vn" uid="21213273" lat="21.0359590" lon="105.8167548"/>
 <node id="2428074509" visible="true" version="1" changeset="17455532" timestamp="2013-08-22T13:26:16Z" user="Alex Rollin" uid="538459" lat="21.0360694" lon="105.8165788"/>
 <node id="2428074527" visible="true" version="1" changeset="17455532" timestamp="2013-08-22T13:26:16Z" user="Alex Rollin" uid="538459" lat="21.0362039" lon="105.8166678"/>
 <node id="2625487077" visible="true" version="6" changeset="153271806" timestamp="2024-06-28T02:11:00Z" user="phoenixsaigon1698" uid="3323343" lat="21.0352954" lon="105.8202620"/>
 <node id="2631904611" visible="true" version="2" changeset="152985266" timestamp="2024-06-21T10:04:02Z" user="openmap-vn" uid="21213273" lat="21.0371351" lon="105.8189739"/>
 <node id="2631904613" visible="true" version="2" changeset="152985266" timestamp="2024-06-21T10:04:02Z" user="openmap-vn" uid="21213273" lat="21.0369936" lon="105.8188364"/>
 <node id="2631904616" visible="true" version="1" changeset="20134613" timestamp="2014-01-22T02:57:26Z" user="Philippe Lê" uid="1784163" lat="21.0368585" lon="105.8187325"/>
 <node id="2631904618" visible="true" version="2" changeset="152985266" timestamp="2024-06-21T10:04:02Z" user="openmap-vn" uid="21213273" lat="21.0367101" lon="105.8186493"/>
 <node id="2631904624" visible="true" version="3" changeset="152985266" timestamp="2024-06-21T10:04:02Z" user="openmap-vn" uid="21213273" lat="21.0365506" lon="105.8185730"/>
 <node id="2631904626" visible="true" version="3" changeset="152985266" timestamp="2024-06-21T10:04:02Z" user="openmap-vn" uid="21213273" lat="21.0363821" lon="105.8185233"/>
 <node id="2631904628" visible="true" version="2" changeset="152985266" timestamp="2024-06-21T10:04:02Z" user="openmap-vn" uid="21213273" lat="21.0363021" lon="105.8184998"/>
 <node id="2631904630" visible="true" version="1" changeset="20134613" timestamp="2014-01-22T02:57:26Z" user="Philippe Lê" uid="1784163" lat="21.0361275" lon="105.8185930"/>
 <node id="2631904632" visible="true" version="1" changeset="20134613" timestamp="2014-01-22T02:57:26Z" user="Philippe Lê" uid="1784163" lat="21.0359973" lon="105.8186654"/>
 <node id="2631904634" visible="true" version="1" changeset="20134613" timestamp="2014-01-22T02:57:26Z" user="Philippe Lê" uid="1784163" lat="21.0358059" lon="105.8187155"/>
 <node id="2631904636" visible="true" version="2" changeset="72616115" timestamp="2019-07-24T19:05:33Z" user="nutchayahongvilai" uid="10028134" lat="21.0354064" lon="105.8188356"/>
 <node id="2631904644" visible="true" version="2" changeset="152985266" timestamp="2024-06-21T10:04:02Z" user="openmap-vn" uid="21213273" lat="21.0370599" lon="105.8188979"/>
 <node id="2631904646" visible="true" version="2" changeset="152985266" timestamp="2024-06-21T10:04:02Z" user="openmap-vn" uid="21213273" lat="21.0372176" lon="105.8187417"/>
 <node id="2631904647" visible="true" version="2" changeset="152985266" timestamp="2024-06-21T10:04:02Z" user="openmap-vn" uid="21213273" lat="21.0373692" lon="105.8185592"/>
 <node id="2631904649" visible="true" version="2" changeset="152985266" timestamp="2024-06-21T10:04:02Z" user="openmap-vn" uid="21213273" lat="21.0374152" lon="105.8186122"/>
 <node id="2631904651" visible="true" version="2" changeset="152985266" timestamp="2024-06-21T10:04:02Z" user="openmap-vn" uid="21213273" lat="21.0368081" lon="105.8186979"/>
 <node id="2631904653" visible="true" version="2" changeset="152985266" timestamp="2024-06-21T10:04:02Z" user="openmap-vn" uid="21213273" lat="21.0362833" lon="105.8183292"/>
 <node id="2631904655" visible="true" version="2" changeset="152985266" timestamp="2024-06-21T10:04:02Z" user="openmap-vn" uid="21213273" lat="21.0362527" lon="105.8180776"/>
 <node id="2631904657" visible="true" version="2" changeset="152985266" timestamp="2024-06-21T10:04:02Z" user="openmap-vn" uid="21213273" lat="21.0362502" lon="105.8176885"/>
 <node id="2631904659" visible="true" version="1" changeset="20134613" timestamp="2014-01-22T02:57:26Z" user="Philippe Lê" uid="1784163" lat="21.0363051" lon="105.8176610"/>
 <node id="2631904661" visible="true" version="2" changeset="142144908" timestamp="2023-10-04T13:07:02Z" user="AndreiaCadar" uid="13514970" lat="21.0364226" lon="105.8176551"/>
 <node id="2631904662" visible="true" version="1" changeset="20134613" timestamp="2014-01-22T02:57:26Z" user="Philippe Lê" uid="1784163" lat="21.0366626" lon="105.8176727"/>
 <node id="2631904663" visible="true" version="1" changeset="20134613" timestamp="2014-01-22T02:57:26Z" user="Philippe Lê" uid="1784163" lat="21.0367366" lon="105.8176914"/>
 <node id="2631904664" visible="true" version="1" changeset="20134613" timestamp="2014-01-22T02:57:27Z" user="Philippe Lê" uid="1784163" lat="21.0367345" lon="105.8178105"/>
 <node id="2631904665" visible="true" version="2" changeset="152985266" timestamp="2024-06-21T10:04:02Z" user="openmap-vn" uid="21213273" lat="21.0367174" lon="105.8178887"/>
 <node id="2631904667" visible="true" version="3" changeset="152985266" timestamp="2024-06-21T10:04:02Z" user="openmap-vn" uid="21213273" lat="21.0368031" lon="105.8179552"/>
 <node id="2631904668" visible="true" version="1" changeset="20134613" timestamp="2014-01-22T02:57:27Z" user="Philippe Lê" uid="1784163" lat="21.0369655" lon="105.8180370"/>
 <node id="2631904669" visible="true" version="1" changeset="20134613" timestamp="2014-01-22T02:57:27Z" user="Philippe Lê" uid="1784163" lat="21.0369807" lon="105.8180533"/>
 <node id="2631904670" visible="true" version="1" changeset="20134613" timestamp="2014-01-22T02:57:27Z" user="Philippe Lê" uid="1784163" lat="21.0370374" lon="105.8181210"/>
 <node id="2631904671" visible="true" version="1" changeset="20134613" timestamp="2014-01-22T02:57:27Z" user="Philippe Lê" uid="1784163" lat="21.0370527" lon="105.8182121"/>
 <node id="2631904672" visible="true" version="1" changeset="20134613" timestamp="2014-01-22T02:57:27Z" user="Philippe Lê" uid="1784163" lat="21.0370047" lon="105.8182892"/>
 <node id="2631904673" visible="true" version="2" changeset="152985266" timestamp="2024-06-21T10:04:02Z" user="openmap-vn" uid="21213273" lat="21.0369508" lon="105.8184507"/>
 <node id="2631904674" visible="true" version="2" changeset="152985266" timestamp="2024-06-21T10:04:02Z" user="openmap-vn" uid="21213273" lat="21.0368672" lon="105.8185801"/>
 <node id="2631904675" visible="true" version="2" changeset="152985266" timestamp="2024-06-21T10:04:02Z" user="openmap-vn" uid="21213273" lat="21.0368971" lon="105.8185285"/>
 <node id="2631904676" visible="true" version="2" changeset="152985266" timestamp="2024-06-21T10:04:02Z" user="openmap-vn" uid="21213273" lat="21.0369781" lon="105.8185838"/>
 <node id="2631904677" visible="true" version="2" changeset="152985266" timestamp="2024-06-21T10:04:02Z" user="openmap-vn" uid="21213273" lat="21.0370294" lon="105.8185096"/>
 <node id="2631904678" visible="true" version="1" changeset="20134613" timestamp="2014-01-22T02:57:27Z" user="Philippe Lê" uid="1784163" lat="21.0369459" lon="105.8182471"/>
 <node id="2631904679" visible="true" version="1" changeset="20134613" timestamp="2014-01-22T02:57:27Z" user="Philippe Lê" uid="1784163" lat="21.0368216" lon="105.8182425"/>
 <node id="2631904680" visible="true" version="1" changeset="20134613" timestamp="2014-01-22T02:57:27Z" user="Philippe Lê" uid="1784163" lat="21.0370112" lon="105.8179342"/>
 <node id="2631904681" visible="true" version="1" changeset="20134613" timestamp="2014-01-22T02:57:27Z" user="Philippe Lê" uid="1784163" lat="21.0370527" lon="105.8178362"/>
 <node id="2631904682" visible="true" version="2" changeset="20134652" timestamp="2014-01-22T03:01:44Z" user="Philippe Lê" uid="1784163" lat="21.0365156" lon="105.8176543"/>
 <node id="2631904683" visible="true" version="2" changeset="152985266" timestamp="2024-06-21T10:04:02Z" user="openmap-vn" uid="21213273" lat="21.0365385" lon="105.8178091"/>
 <node id="2631904684" visible="true" version="2" changeset="152985266" timestamp="2024-06-21T10:04:02Z" user="openmap-vn" uid="21213273" lat="21.0365214" lon="105.8179222"/>
 <node id="2631904685" visible="true" version="1" changeset="20134613" timestamp="2014-01-22T02:57:27Z" user="Philippe Lê" uid="1784163" lat="21.0364729" lon="105.8180136"/>
 <node id="2631904686" visible="true" version="1" changeset="20134613" timestamp="2014-01-22T02:57:27Z" user="Philippe Lê" uid="1784163" lat="21.0364294" lon="105.8181140"/>
 <node id="2631904687" visible="true" version="2" changeset="152985266" timestamp="2024-06-21T10:04:02Z" user="openmap-vn" uid="21213273" lat="21.0362558" lon="105.8181260"/>
 <node id="2631904688" visible="true" version="3" changeset="152985266" timestamp="2024-06-21T10:04:02Z" user="openmap-vn" uid="21213273" lat="21.0365359" lon="105.8178638"/>
 <node id="2631904689" visible="true" version="2" changeset="152985266" timestamp="2024-06-21T10:04:02Z" user="openmap-vn" uid="21213273" lat="21.0366124" lon="105.8178827"/>
 <node id="2631904690" visible="true" version="2" changeset="152985266" timestamp="2024-06-21T10:04:02Z" user="openmap-vn" uid="21213273" lat="21.0366109" lon="105.8180648"/>
 <node id="2631904691" visible="true" version="1" changeset="20134613" timestamp="2014-01-22T02:57:27Z" user="Philippe Lê" uid="1784163" lat="21.0360741" lon="105.8183826"/>
 <node id="2631904692" visible="true" version="2" changeset="152985266" timestamp="2024-06-21T10:04:02Z" user="openmap-vn" uid="21213273" lat="21.0360559" lon="105.8182632"/>
 <node id="2631904694" visible="true" version="1" changeset="20134613" timestamp="2014-01-22T02:57:27Z" user="Philippe Lê" uid="1784163" lat="21.0361003" lon="105.8181491"/>
 <node id="2631904695" visible="true" version="1" changeset="20134613" timestamp="2014-01-22T02:57:27Z" user="Philippe Lê" uid="1784163" lat="21.0361177" lon="105.8180136"/>
 <node id="2631904696" visible="true" version="1" changeset="20134613" timestamp="2014-01-22T02:57:27Z" user="Philippe Lê" uid="1784163" lat="21.0360937" lon="105.8178945"/>
 <node id="2631904697" visible="true" version="1" changeset="20134613" timestamp="2014-01-22T02:57:27Z" user="Philippe Lê" uid="1784163" lat="21.0360635" lon="105.8186286"/>
 <node id="2631904698" visible="true" version="1" changeset="20134613" timestamp="2014-01-22T02:57:27Z" user="Philippe Lê" uid="1784163" lat="21.0361286" lon="105.8188472"/>
 <node id="2631904699" visible="true" version="2" changeset="152985266" timestamp="2024-06-21T10:04:02Z" user="openmap-vn" uid="21213273" lat="21.0369432" lon="105.8187955"/>
 <node id="2631904700" visible="true" version="2" changeset="152985266" timestamp="2024-06-21T10:04:02Z" user="openmap-vn" uid="21213273" lat="21.0371397" lon="105.8185528"/>
 <node id="2631904701" visible="true" version="2" changeset="152985266" timestamp="2024-06-21T10:04:02Z" user="openmap-vn" uid="21213273" lat="21.0371080" lon="105.8184448"/>
 <node id="2631904702" visible="true" version="2" changeset="152985266" timestamp="2024-06-21T10:04:02Z" user="openmap-vn" uid="21213273" lat="21.0371397" lon="105.8183212"/>
 <node id="2631904703" visible="true" version="2" changeset="152985266" timestamp="2024-06-21T10:04:02Z" user="openmap-vn" uid="21213273" lat="21.0371438" lon="105.8182438"/>
 <node id="2631904704" visible="true" version="2" changeset="152985266" timestamp="2024-06-21T10:04:02Z" user="openmap-vn" uid="21213273" lat="21.0371678" lon="105.8185524"/>
 <node id="2631904705" visible="true" version="1" changeset="20134613" timestamp="2014-01-22T02:57:27Z" user="Philippe Lê" uid="1784163" lat="21.0372161" lon="105.8184152"/>
 <node id="2631904706" visible="true" version="1" changeset="20134613" timestamp="2014-01-22T02:57:27Z" user="Philippe Lê" uid="1784163" lat="21.0372902" lon="105.8183429"/>
 <node id="2631904707" visible="true" version="1" changeset="20134613" timestamp="2014-01-22T02:57:27Z" user="Philippe Lê" uid="1784163" lat="21.0373425" lon="105.8183569"/>
 <node id="2631904708" visible="true" version="2" changeset="152985266" timestamp="2024-06-21T10:04:02Z" user="openmap-vn" uid="21213273" lat="21.0372484" lon="105.8186217"/>
 <node id="2631904712" visible="true" version="2" changeset="60136260" timestamp="2018-06-25T05:53:57Z" user="Ramanyam" uid="7671600" lat="21.0364038" lon="105.8190402"/>
 <node id="2631904717" visible="true" version="2" changeset="60136260" timestamp="2018-06-25T05:53:57Z" user="Ramanyam" uid="7671600" lat="21.0358531" lon="105.8192521"/>
 <node id="2631904718" visible="true" version="1" changeset="20134613" timestamp="2014-01-22T02:57:28Z" user="Philippe Lê" uid="1784163" lat="21.0358034" lon="105.8190983"/>
 <node id="2631904719" visible="true" version="1" changeset="20134613" timestamp="2014-01-22T02:57:28Z" user="Philippe Lê" uid="1784163" lat="21.0358263" lon="105.8190940"/>
 <node id="2631904720" visible="true" version="1" changeset="20134613" timestamp="2014-01-22T02:57:28Z" user="Philippe Lê" uid="1784163" lat="21.0359214" lon="105.8190672"/>
 <node id="2631904722" visible="true" version="1" changeset="20134613" timestamp="2014-01-22T02:57:28Z" user="Philippe Lê" uid="1784163" lat="21.0358814" lon="105.8188660"/>
 <node id="2631904723" visible="true" version="2" changeset="60136260" timestamp="2018-06-25T05:53:57Z" user="Ramanyam" uid="7671600" lat="21.0363670" lon="105.8186809"/>
 <node id="2631904726" visible="true" version="1" changeset="20134613" timestamp="2014-01-22T02:57:28Z" user="Philippe Lê" uid="1784163" lat="21.0353557" lon="105.8194290"/>
 <node id="2631904727" visible="true" version="3" changeset="152985266" timestamp="2024-06-21T10:04:02Z" user="openmap-vn" uid="21213273" lat="21.0367795" lon="105.8180198"/>
 <node id="2631904728" visible="true" version="3" changeset="152985266" timestamp="2024-06-21T10:04:02Z" user="openmap-vn" uid="21213273" lat="21.0367669" lon="105.8180526"/>
 <node id="2631904729" visible="true" version="5" changeset="152985266" timestamp="2024-06-21T10:04:02Z" user="openmap-vn" uid="21213273" lat="21.0367517" lon="105.8180899"/>
 <node id="2631904730" visible="true" version="3" changeset="152985266" timestamp="2024-06-21T10:04:02Z" user="openmap-vn" uid="21213273" lat="21.0367368" lon="105.8181442"/>
 <node id="2631904731" visible="true" version="3" changeset="152985266" timestamp="2024-06-21T10:04:02Z" user="openmap-vn" uid="21213273" lat="21.0367216" lon="105.8182053"/>
 <node id="2631904732" visible="true" version="3" changeset="152985266" timestamp="2024-06-21T10:04:02Z" user="openmap-vn" uid="21213273" lat="21.0366959" lon="105.8182831"/>
 <node id="2631904733" visible="true" version="3" changeset="152985266" timestamp="2024-06-21T10:04:02Z" user="openmap-vn" uid="21213273" lat="21.0366848" lon="105.8183192"/>
 <node id="2631904734" visible="true" version="3" changeset="152985266" timestamp="2024-06-21T10:04:02Z" user="openmap-vn" uid="21213273" lat="21.0366600" lon="105.8183728"/>
 <node id="2631904735" visible="true" version="3" changeset="152985266" timestamp="2024-06-21T10:04:02Z" user="openmap-vn" uid="21213273" lat="21.0366276" lon="105.8184362"/>
 <node id="2631904736" visible="true" version="3" changeset="152985266" timestamp="2024-06-21T10:04:02Z" user="openmap-vn" uid="21213273" lat="21.0366118" lon="105.8184715"/>
 <node id="2631904737" visible="true" version="3" changeset="152985266" timestamp="2024-06-21T10:04:02Z" user="openmap-vn" uid="21213273" lat="21.0366079" lon="105.8185032"/>
 <node id="2631904738" visible="true" version="3" changeset="152985266" timestamp="2024-06-21T10:04:02Z" user="openmap-vn" uid="21213273" lat="21.0365892" lon="105.8185484"/>
 <node id="2631906068" visible="true" version="3" changeset="154163300" timestamp="2024-07-20T01:48:17Z" user="logus2" uid="21611817" lat="21.0367164" lon="105.8171202"/>
 <node id="2631906069" visible="true" version="2" changeset="154163300" timestamp="2024-07-20T01:48:17Z" user="logus2" uid="21611817" lat="21.0365659" lon="105.8176624"/>
 <node id="2631906070" visible="true" version="3" changeset="152019749" timestamp="2024-05-30T07:41:57Z" user="vietnam321" uid="11196308" lat="21.0368171" lon="105.8179419"/>
 <node id="2631906071" visible="true" version="3" changeset="152019749" timestamp="2024-05-30T07:41:57Z" user="vietnam321" uid="11196308" lat="21.0368486" lon="105.8178898"/>
 <node id="2631906072" visible="true" version="3" changeset="152019749" timestamp="2024-05-30T07:41:57Z" user="vietnam321" uid="11196308" lat="21.0367603" lon="105.8178284"/>
 <node id="2631906073" visible="true" version="3" changeset="152019749" timestamp="2024-05-30T07:41:57Z" user="vietnam321" uid="11196308" lat="21.0367288" lon="105.8178805"/>
 <node id="2634652577" visible="true" version="3" changeset="152985266" timestamp="2024-06-21T10:04:02Z" user="openmap-vn" uid="21213273" lat="21.0379823" lon="105.8197610"/>
 <node id="2634652578" visible="true" version="2" changeset="152985266" timestamp="2024-06-21T10:04:02Z" user="openmap-vn" uid="21213273" lat="21.0379632" lon="105.8196911"/>
 <node id="2634652579" visible="true" version="2" changeset="152985266" timestamp="2024-06-21T10:04:02Z" user="openmap-vn" uid="21213273" lat="21.0379576" lon="105.8195837"/>
 <node id="2634652580" visible="true" version="1" changeset="20170732" timestamp="2014-01-24T02:47:38Z" user="Philippe Lê" uid="1784163" lat="21.0379937" lon="105.8194466"/>
 <node id="2634652581" visible="true" version="1" changeset="20170732" timestamp="2014-01-24T02:47:38Z" user="Philippe Lê" uid="1784163" lat="21.0380373" lon="105.8193111"/>
 <node id="2634652582" visible="true" version="1" changeset="20170732" timestamp="2014-01-24T02:47:38Z" user="Philippe Lê" uid="1784163" lat="21.0380329" lon="105.8192411"/>
 <node id="2634652583" visible="true" version="1" changeset="20170732" timestamp="2014-01-24T02:47:38Z" user="Philippe Lê" uid="1784163" lat="21.0381005" lon="105.8191384"/>
 <node id="2634652584" visible="true" version="1" changeset="20170732" timestamp="2014-01-24T02:47:38Z" user="Philippe Lê" uid="1784163" lat="21.0382465" lon="105.8190380"/>
 <node id="2634652585" visible="true" version="1" changeset="20170732" timestamp="2014-01-24T02:47:38Z" user="Philippe Lê" uid="1784163" lat="21.0384623" lon="105.8189259"/>
 <node id="2634652586" visible="true" version="2" changeset="152985266" timestamp="2024-06-21T10:04:02Z" user="openmap-vn" uid="21213273" lat="21.0386455" lon="105.8188400"/>
 <node id="2634652587" visible="true" version="2" changeset="152985266" timestamp="2024-06-21T10:04:02Z" user="openmap-vn" uid="21213273" lat="21.0386975" lon="105.8188216"/>
 <node id="2634652588" visible="true" version="2" changeset="152985266" timestamp="2024-06-21T10:04:02Z" user="openmap-vn" uid="21213273" lat="21.0386081" lon="105.8188540"/>
 <node id="2634652590" visible="true" version="2" changeset="152985266" timestamp="2024-06-21T10:04:02Z" user="openmap-vn" uid="21213273" lat="21.0386495" lon="105.8189522"/>
 <node id="2634652591" visible="true" version="2" changeset="152985266" timestamp="2024-06-21T10:04:02Z" user="openmap-vn" uid="21213273" lat="21.0386726" lon="105.8190002"/>
 <node id="2634652592" visible="true" version="1" changeset="20170732" timestamp="2014-01-24T02:47:38Z" user="Philippe Lê" uid="1784163" lat="21.0384884" lon="105.8190776"/>
 <node id="2634658932" visible="true" version="3" changeset="152019749" timestamp="2024-05-30T07:41:57Z" user="vietnam321" uid="11196308" lat="21.0407154" lon="105.8191054"/>
 <node id="2634662061" visible="true" version="2" changeset="152019749" timestamp="2024-05-30T07:41:57Z" user="vietnam321" uid="11196308" lat="21.0366419" lon="105.8175539"/>
 <node id="2634662062" visible="true" version="2" changeset="152019749" timestamp="2024-05-30T07:41:57Z" user="vietnam321" uid="11196308" lat="21.0366544" lon="105.8174991"/>
 <node id="2634662063" visible="true" version="2" changeset="152019749" timestamp="2024-05-30T07:41:57Z" user="vietnam321" uid="11196308" lat="21.0367388" lon="105.8175212"/>
 <node id="2634662064" visible="true" version="2" changeset="152019749" timestamp="2024-05-30T07:41:57Z" user="vietnam321" uid="11196308" lat="21.0367263" lon="105.8175761"/>
 <node id="2634662065" visible="true" version="3" changeset="152019749" timestamp="2024-05-30T07:41:57Z" user="vietnam321" uid="11196308" lat="21.0368430" lon="105.8175107"/>
 <node id="2634662066" visible="true" version="3" changeset="152019749" timestamp="2024-05-30T07:41:57Z" user="vietnam321" uid="11196308" lat="21.0368603" lon="105.8174416"/>
 <node id="2634662067" visible="true" version="3" changeset="152019749" timestamp="2024-05-30T07:41:57Z" user="vietnam321" uid="11196308" lat="21.0368086" lon="105.8174267"/>
 <node id="2634662068" visible="true" version="3" changeset="152019749" timestamp="2024-05-30T07:41:57Z" user="vietnam321" uid="11196308" lat="21.0368269" lon="105.8173539"/>
 <node id="2634662069" visible="true" version="3" changeset="152019749" timestamp="2024-05-30T07:41:57Z" user="vietnam321" uid="11196308" lat="21.0369739" lon="105.8173963"/>
 <node id="2634662070" visible="true" version="3" changeset="152019749" timestamp="2024-05-30T07:41:57Z" user="vietnam321" uid="11196308" lat="21.0369554" lon="105.8174700"/>
 <node id="2634662071" visible="true" version="3" changeset="152019749" timestamp="2024-05-30T07:41:57Z" user="vietnam321" uid="11196308" lat="21.0369023" lon="105.8174547"/>
 <node id="2634662072" visible="true" version="3" changeset="152019749" timestamp="2024-05-30T07:41:57Z" user="vietnam321" uid="11196308" lat="21.0368852" lon="105.8175229"/>
 <node id="2634662073" visible="true" version="1" changeset="20170886" timestamp="2014-01-24T03:25:32Z" user="Philippe Lê" uid="1784163" lat="21.0357370" lon="105.8187349"/>
 <node id="2634662074" visible="true" version="1" changeset="20170886" timestamp="2014-01-24T03:25:32Z" user="Philippe Lê" uid="1784163" lat="21.0360374" lon="105.8186205"/>
 <node id="2634662075" visible="true" version="1" changeset="20170886" timestamp="2014-01-24T03:25:32Z" user="Philippe Lê" uid="1784163" lat="21.0357401" lon="105.8187072"/>
 <node id="2634662076" visible="true" version="1" changeset="20170886" timestamp="2014-01-24T03:25:32Z" user="Philippe Lê" uid="1784163" lat="21.0356988" lon="105.8186789"/>
 <node id="2634662077" visible="true" version="1" changeset="20170886" timestamp="2014-01-24T03:25:32Z" user="Philippe Lê" uid="1784163" lat="21.0356675" lon="105.8186011"/>
 <node id="2634662078" visible="true" version="1" changeset="20170886" timestamp="2014-01-24T03:25:32Z" user="Philippe Lê" uid="1784163" lat="21.0356840" lon="105.8184949"/>
 <node id="2634662079" visible="true" version="1" changeset="20170886" timestamp="2014-01-24T03:25:32Z" user="Philippe Lê" uid="1784163" lat="21.0357781" lon="105.8182436"/>
 <node id="2634662080" visible="true" version="1" changeset="20170886" timestamp="2014-01-24T03:25:32Z" user="Philippe Lê" uid="1784163" lat="21.0359136" lon="105.8181923"/>
 <node id="2634692610" visible="true" version="2" changeset="71403015" timestamp="2019-06-19T13:51:59Z" user="TuanIfan" uid="625303" lat="21.0391232" lon="105.8189558"/>
 <node id="2634692611" visible="true" version="2" changeset="71403015" timestamp="2019-06-19T13:51:59Z" user="TuanIfan" uid="625303" lat="21.0393248" lon="105.8189478"/>
 <node id="2634692612" visible="true" version="2" changeset="71403015" timestamp="2019-06-19T13:51:59Z" user="TuanIfan" uid="625303" lat="21.0393160" lon="105.8186948"/>
 <node id="2634692613" visible="true" version="2" changeset="71403015" timestamp="2019-06-19T13:51:59Z" user="TuanIfan" uid="625303" lat="21.0391144" lon="105.8187029"/>
 <node id="2634692618" visible="true" version="1" changeset="20171234" timestamp="2014-01-24T04:31:02Z" user="Philippe Lê" uid="1784163" lat="21.0387947" lon="105.8190737"/>
 <node id="2634692619" visible="true" version="1" changeset="20171234" timestamp="2014-01-24T04:31:02Z" user="Philippe Lê" uid="1784163" lat="21.0388609" lon="105.8190200"/>
 <node id="2634692620" visible="true" version="1" changeset="20171234" timestamp="2014-01-24T04:31:02Z" user="Philippe Lê" uid="1784163" lat="21.0388413" lon="105.8189733"/>
 <node id="2634692621" visible="true" version="1" changeset="20171234" timestamp="2014-01-24T04:31:02Z" user="Philippe Lê" uid="1784163" lat="21.0388952" lon="105.8189295"/>
 <node id="2634692622" visible="true" version="1" changeset="20171234" timestamp="2014-01-24T04:31:02Z" user="Philippe Lê" uid="1784163" lat="21.0389381" lon="105.8189902"/>
 <node id="2634692623" visible="true" version="1" changeset="20171234" timestamp="2014-01-24T04:31:02Z" user="Philippe Lê" uid="1784163" lat="21.0389934" lon="105.8189454"/>
 <node id="2634692624" visible="true" version="1" changeset="20171234" timestamp="2014-01-24T04:31:02Z" user="Philippe Lê" uid="1784163" lat="21.0389043" lon="105.8188194"/>
 <node id="2634692625" visible="true" version="1" changeset="20171234" timestamp="2014-01-24T04:31:02Z" user="Philippe Lê" uid="1784163" lat="21.0387205" lon="105.8189686"/>
 <node id="2657122056" visible="true" version="5" changeset="152985266" timestamp="2024-06-21T10:04:02Z" user="openmap-vn" uid="21213273" lat="21.0417218" lon="105.8190031"/>
 <node id="2657122057" visible="true" version="4" changeset="152985266" timestamp="2024-06-21T10:04:02Z" user="openmap-vn" uid="21213273" lat="21.0413737" lon="105.8189762"/>
 <node id="2657122058" visible="true" version="4" changeset="152985266" timestamp="2024-06-21T10:04:02Z" user="openmap-vn" uid="21213273" lat="21.0412439" lon="105.8189563"/>
 <node id="2657122059" visible="true" version="2" changeset="71403015" timestamp="2019-06-19T13:51:59Z" user="TuanIfan" uid="625303" lat="21.0407905" lon="105.8189412"/>
 <node id="2657122060" visible="true" version="3" changeset="152019749" timestamp="2024-05-30T07:41:57Z" user="vietnam321" uid="11196308" lat="21.0406099" lon="105.8191416"/>
 <node id="2657122061" visible="true" version="3" changeset="152019749" timestamp="2024-05-30T07:41:57Z" user="vietnam321" uid="11196308" lat="21.0402882" lon="105.8191457"/>
 <node id="2657122062" visible="true" version="3" changeset="152019749" timestamp="2024-05-30T07:41:57Z" user="vietnam321" uid="11196308" lat="21.0401641" lon="105.8191075"/>
 <node id="2657122063" visible="true" version="2" changeset="71403015" timestamp="2019-06-19T13:51:59Z" user="TuanIfan" uid="625303" lat="21.0393144" lon="105.8186488"/>
 <node id="2657122064" visible="true" version="2" changeset="71403015" timestamp="2019-06-19T13:51:59Z" user="TuanIfan" uid="625303" lat="21.0390990" lon="105.8185201"/>
 <node id="2657122065" visible="true" version="2" changeset="71403015" timestamp="2019-06-19T13:51:59Z" user="TuanIfan" uid="625303" lat="21.0388865" lon="105.8184063"/>
 <node id="2657122066" visible="true" version="2" changeset="71403015" timestamp="2019-06-19T13:51:59Z" user="TuanIfan" uid="625303" lat="21.0387461" lon="105.8183128"/>
 <node id="2657122067" visible="true" version="2" changeset="97100985" timestamp="2021-01-07T10:14:43Z" user="thevivotran" uid="8955765" lat="21.0389697" lon="105.8179770"/>
 <node id="2657122068" visible="true" version="2" changeset="71403015" timestamp="2019-06-19T13:51:59Z" user="TuanIfan" uid="625303" lat="21.0390474" lon="105.8184925"/>
 <node id="2657122069" visible="true" version="1" changeset="20405149" timestamp="2014-02-06T02:53:55Z" user="Philippe Lê" uid="1784163" lat="21.0392255" lon="105.8181176"/>
 <node id="2657122070" visible="true" version="3" changeset="152019749" timestamp="2024-05-30T07:41:57Z" user="vietnam321" uid="11196308" lat="21.0398082" lon="105.8189002"/>
 <node id="2657122095" visible="true" version="4" changeset="71403015" timestamp="2019-06-19T13:51:59Z" user="TuanIfan" uid="625303" lat="21.0408523" lon="105.8189240"/>
 <node id="2922908912" visible="true" version="2" changeset="69293353" timestamp="2019-04-17T03:40:45Z" user="Copernicus529" uid="9319354" lat="21.0366557" lon="105.8172473"/>
 <node id="2922908915" visible="true" version="3" changeset="144887006" timestamp="2023-12-08T03:49:29Z" user="GrabVN_Ánh Linh Lê" uid="13749044" lat="21.0373304" lon="105.8173165"/>
 <node id="2922908917" visible="true" version="3" changeset="71403015" timestamp="2019-06-19T13:51:59Z" user="TuanIfan" uid="625303" lat="21.0375821" lon="105.8172195"/>
 <node id="2922908918" visible="true" version="1" changeset="23016241" timestamp="2014-06-19T03:22:07Z" user="Philippe Lê" uid="1784163" lat="21.0372423" lon="105.8174642"/>
 <node id="2922908919" visible="true" version="2" changeset="144887006" timestamp="2023-12-08T03:49:29Z" user="GrabVN_Ánh Linh Lê" uid="13749044" lat="21.0372612" lon="105.8175239"/>
 <node id="2922908920" visible="true" version="2" changeset="144887006" timestamp="2023-12-08T03:49:29Z" user="GrabVN_Ánh Linh Lê" uid="13749044" lat="21.0373272" lon="105.8177419"/>
 <node id="2922908922" visible="true" version="2" changeset="144887006" timestamp="2023-12-08T03:49:29Z" user="GrabVN_Ánh Linh Lê" uid="13749044" lat="21.0375828" lon="105.8176915"/>
 <node id="2922908923" visible="true" version="2" changeset="144887006" timestamp="2023-12-08T03:49:29Z" user="GrabVN_Ánh Linh Lê" uid="13749044" lat="21.0375856" lon="105.8176360"/>
 <node id="2922908924" visible="true" version="2" changeset="144887006" timestamp="2023-12-08T03:49:29Z" user="GrabVN_Ánh Linh Lê" uid="13749044" lat="21.0378536" lon="105.8176466"/>
 <node id="2922908925" visible="true" version="3" changeset="152985266" timestamp="2024-06-21T10:04:02Z" user="openmap-vn" uid="21213273" lat="21.0379269" lon="105.8173947"/>
 <node id="2922908926" visible="true" version="2" changeset="139092074" timestamp="2023-07-27T14:56:48Z" user="violettas_grab" uid="14391469" lat="21.0377705" lon="105.8174943"/>
 <node id="2922908927" visible="true" version="2" changeset="139092074" timestamp="2023-07-27T14:56:48Z" user="violettas_grab" uid="14391469" lat="21.0377558" lon="105.8174905"/>
 <node id="2922908928" visible="true" version="1" changeset="23016241" timestamp="2014-06-19T03:22:07Z" user="Philippe Lê" uid="1784163" lat="21.0377468" lon="105.8174761"/>
 <node id="2922908929" visible="true" version="1" changeset="23016241" timestamp="2014-06-19T03:22:07Z" user="Philippe Lê" uid="1784163" lat="21.0377643" lon="105.8173851"/>
 <node id="2922908930" visible="true" version="2" changeset="139092074" timestamp="2023-07-27T14:56:48Z" user="violettas_grab" uid="14391469" lat="21.0377844" lon="105.8173150"/>
 <node id="2922908933" visible="true" version="1" changeset="23016241" timestamp="2014-06-19T03:22:07Z" user="Philippe Lê" uid="1784163" lat="21.0378471" lon="105.8177820"/>
 <node id="2922908941" visible="true" version="2" changeset="144887006" timestamp="2023-12-08T03:49:29Z" user="GrabVN_Ánh Linh Lê" uid="13749044" lat="21.0373646" lon="105.8178478"/>
 <node id="2922908942" visible="true" version="2" changeset="144887006" timestamp="2023-12-08T03:49:29Z" user="GrabVN_Ánh Linh Lê" uid="13749044" lat="21.0374454" lon="105.8180032"/>
 <node id="2922908944" visible="true" version="3" changeset="152985266" timestamp="2024-06-21T10:04:02Z" user="openmap-vn" uid="21213273" lat="21.0376494" lon="105.8172352"/>
 <node id="2922908945" visible="true" version="3" changeset="152985266" timestamp="2024-06-21T10:04:02Z" user="openmap-vn" uid="21213273" lat="21.0378901" lon="105.8173368"/>
 <node id="2922908946" visible="true" version="4" changeset="157570699" timestamp="2024-10-07T08:31:46Z" user="Grab_Cong" uid="18820325" lat="21.0381964" lon="105.8174632"/>
 <node id="2922908947" visible="true" version="4" changeset="157570699" timestamp="2024-10-07T08:31:46Z" user="Grab_Cong" uid="18820325" lat="21.0382240" lon="105.8174144"/>
 <node id="2922908948" visible="true" version="4" changeset="157570699" timestamp="2024-10-07T08:31:46Z" user="Grab_Cong" uid="18820325" lat="21.0383631" lon="105.8174559"/>
 <node id="2922908950" visible="true" version="2" changeset="157570699" timestamp="2024-10-07T08:31:46Z" user="Grab_Cong" uid="18820325" lat="21.0383198" lon="105.8176383"/>
 <node id="2922908952" visible="true" version="3" changeset="152985266" timestamp="2024-06-21T10:04:02Z" user="openmap-vn" uid="21213273" lat="21.0384970" lon="105.8176157"/>
 <node id="2922908955" visible="true" version="3" changeset="157570699" timestamp="2024-10-07T08:31:46Z" user="Grab_Cong" uid="18820325" lat="21.0382917" lon="105.8174383"/>
 <node id="2922908958" visible="true" version="4" changeset="157570699" timestamp="2024-10-07T08:31:46Z" user="Grab_Cong" uid="18820325" lat="21.0380104" lon="105.8173968"/>
 <node id="2922908959" visible="true" version="3" changeset="157570699" timestamp="2024-10-07T08:31:46Z" user="Grab_Cong" uid="18820325" lat="21.0381165" lon="105.8170919"/>
 <node id="2922908960" visible="true" version="3" changeset="157570699" timestamp="2024-10-07T08:31:46Z" user="Grab_Cong" uid="18820325" lat="21.0381953" lon="105.8171158"/>
 <node id="2922908961" visible="true" version="3" changeset="157570699" timestamp="2024-10-07T08:31:46Z" user="Grab_Cong" uid="18820325" lat="21.0382548" lon="105.8171339"/>
 <node id="2922908962" visible="true" version="3" changeset="157570699" timestamp="2024-10-07T08:31:46Z" user="Grab_Cong" uid="18820325" lat="21.0383293" lon="105.8171754"/>
 <node id="2922908963" visible="true" version="2" changeset="152985266" timestamp="2024-06-21T10:04:02Z" user="openmap-vn" uid="21213273" lat="21.0379559" lon="105.8172107"/>
 <node id="2922908970" visible="true" version="3" changeset="157570699" timestamp="2024-10-07T08:31:46Z" user="Grab_Cong" uid="18820325" lat="21.0379996" lon="105.8171199"/>
 <node id="2922908971" visible="true" version="2" changeset="71403015" timestamp="2019-06-19T13:51:59Z" user="TuanIfan" uid="625303" lat="21.0377283" lon="105.8172545"/>
 <node id="2922908972" visible="true" version="1" changeset="23016241" timestamp="2014-06-19T03:22:08Z" user="Philippe Lê" uid="1784163" lat="21.0376335" lon="105.8174084"/>
 <node id="2922908973" visible="true" version="1" changeset="23016241" timestamp="2014-06-19T03:22:08Z" user="Philippe Lê" uid="1784163" lat="21.0376182" lon="105.8175181"/>
 <node id="2922908974" visible="true" version="1" changeset="23016241" timestamp="2014-06-19T03:22:08Z" user="Philippe Lê" uid="1784163" lat="21.0377403" lon="105.8170371"/>
 <node id="2922908975" visible="true" version="1" changeset="23016241" timestamp="2014-06-19T03:22:08Z" user="Philippe Lê" uid="1784163" lat="21.0378449" lon="105.8168457"/>
 <node id="2922908976" visible="true" version="1" changeset="23016241" timestamp="2014-06-19T03:22:08Z" user="Philippe Lê" uid="1784163" lat="21.0377250" lon="105.8167102"/>
 <node id="2922908977" visible="true" version="1" changeset="23016241" timestamp="2014-06-19T03:22:08Z" user="Philippe Lê" uid="1784163" lat="21.0377032" lon="105.8168270"/>
 <node id="2922908978" visible="true" version="2" changeset="152985266" timestamp="2024-06-21T10:04:02Z" user="openmap-vn" uid="21213273" lat="21.0379691" lon="105.8168671"/>
 <node id="2922908979" visible="true" version="1" changeset="23016241" timestamp="2014-06-19T03:22:08Z" user="Philippe Lê" uid="1784163" lat="21.0380062" lon="105.8167266"/>
 <node id="2922914426" visible="true" version="2" changeset="152985266" timestamp="2024-06-21T10:04:02Z" user="openmap-vn" uid="21213273" lat="21.0373462" lon="105.8191599"/>
 <node id="2922914427" visible="true" version="1" changeset="23016266" timestamp="2014-06-19T03:26:41Z" user="Philippe Lê" uid="1784163" lat="21.0375768" lon="105.8192367"/>
 <node id="2922914428" visible="true" version="2" changeset="152985266" timestamp="2024-06-21T10:04:02Z" user="openmap-vn" uid="21213273" lat="21.0377565" lon="105.8191361"/>
 <node id="2922914429" visible="true" version="2" changeset="152985266" timestamp="2024-06-21T10:04:02Z" user="openmap-vn" uid="21213273" lat="21.0380357" lon="105.8188309"/>
 <node id="2922914430" visible="true" version="2" changeset="152985266" timestamp="2024-06-21T10:04:02Z" user="openmap-vn" uid="21213273" lat="21.0381375" lon="105.8187408"/>
 <node id="2922914431" visible="true" version="2" changeset="152985266" timestamp="2024-06-21T10:04:02Z" user="openmap-vn" uid="21213273" lat="21.0382621" lon="105.8188704"/>
 <node id="2922914432" visible="true" version="1" changeset="23016266" timestamp="2014-06-19T03:26:41Z" user="Philippe Lê" uid="1784163" lat="21.0384181" lon="105.8188001"/>
 <node id="2922914433" visible="true" version="2" changeset="152985266" timestamp="2024-06-21T10:04:02Z" user="openmap-vn" uid="21213273" lat="21.0377010" lon="105.8190724"/>
 <node id="2922914434" visible="true" version="1" changeset="23016266" timestamp="2014-06-19T03:26:41Z" user="Philippe Lê" uid="1784163" lat="21.0375921" lon="105.8189005"/>
 <node id="2922914435" visible="true" version="1" changeset="23016266" timestamp="2014-06-19T03:26:41Z" user="Philippe Lê" uid="1784163" lat="21.0376226" lon="105.8187837"/>
 <node id="2922914436" visible="true" version="1" changeset="23016266" timestamp="2014-06-19T03:26:41Z" user="Philippe Lê" uid="1784163" lat="21.0377425" lon="105.8186366"/>
 <node id="2922914437" visible="true" version="1" changeset="23016266" timestamp="2014-06-19T03:26:41Z" user="Philippe Lê" uid="1784163" lat="21.0378885" lon="105.8185385"/>
 <node id="2922914438" visible="true" version="2" changeset="152985266" timestamp="2024-06-21T10:04:02Z" user="openmap-vn" uid="21213273" lat="21.0379297" lon="105.8186465"/>
 <node id="2922914439" visible="true" version="2" changeset="152985266" timestamp="2024-06-21T10:04:02Z" user="openmap-vn" uid="21213273" lat="21.0381086" lon="105.8187085"/>
 <node id="2922914440" visible="true" version="1" changeset="23016266" timestamp="2014-06-19T03:26:41Z" user="Philippe Lê" uid="1784163" lat="21.0381151" lon="105.8186600"/>
 <node id="2922914441" visible="true" version="2" changeset="152985266" timestamp="2024-06-21T10:04:02Z" user="openmap-vn" uid="21213273" lat="21.0382528" lon="105.8185923"/>
 <node id="2922914442" visible="true" version="1" changeset="23016266" timestamp="2014-06-19T03:26:41Z" user="Philippe Lê" uid="1784163" lat="21.0380585" lon="105.8185432"/>
 <node id="2922914443" visible="true" version="1" changeset="23016266" timestamp="2014-06-19T03:26:41Z" user="Philippe Lê" uid="1784163" lat="21.0380410" lon="105.8184848"/>
 <node id="2922914444" visible="true" version="1" changeset="23016266" timestamp="2014-06-19T03:26:41Z" user="Philippe Lê" uid="1784163" lat="21.0379669" lon="105.8183167"/>
 <node id="2922914445" visible="true" version="1" changeset="23016266" timestamp="2014-06-19T03:26:41Z" user="Philippe Lê" uid="1784163" lat="21.0379473" lon="105.8182724"/>
 <node id="2922914446" visible="true" version="1" changeset="23016266" timestamp="2014-06-19T03:26:41Z" user="Philippe Lê" uid="1784163" lat="21.0379909" lon="105.8180622"/>
 <node id="2922914447" visible="true" version="2" changeset="152985266" timestamp="2024-06-21T10:04:02Z" user="openmap-vn" uid="21213273" lat="21.0380336" lon="105.8178423"/>
 <node id="2922914448" visible="true" version="1" changeset="23016266" timestamp="2014-06-19T03:26:41Z" user="Philippe Lê" uid="1784163" lat="21.0379234" lon="105.8178100"/>
 <node id="2922914449" visible="true" version="1" changeset="23016266" timestamp="2014-06-19T03:26:41Z" user="Philippe Lê" uid="1784163" lat="21.0380310" lon="105.8184621"/>
 <node id="2922914450" visible="true" version="1" changeset="23016266" timestamp="2014-06-19T03:26:41Z" user="Philippe Lê" uid="1784163" lat="21.0381435" lon="105.8184358"/>
 <node id="2922914451" visible="true" version="1" changeset="23016266" timestamp="2014-06-19T03:26:41Z" user="Philippe Lê" uid="1784163" lat="21.0378732" lon="105.8183377"/>
 <node id="2922914452" visible="true" version="1" changeset="23016266" timestamp="2014-06-19T03:26:41Z" user="Philippe Lê" uid="1784163" lat="21.0378209" lon="105.8184054"/>
 <node id="2922914453" visible="true" version="1" changeset="23016266" timestamp="2014-06-19T03:26:41Z" user="Philippe Lê" uid="1784163" lat="21.0376967" lon="105.8185152"/>
 <node id="2922914454" visible="true" version="1" changeset="23016266" timestamp="2014-06-19T03:26:41Z" user="Philippe Lê" uid="1784163" lat="21.0376379" lon="105.8185572"/>
 <node id="2922914455" visible="true" version="1" changeset="23016266" timestamp="2014-06-19T03:26:41Z" user="Philippe Lê" uid="1784163" lat="21.0376902" lon="105.8186086"/>
 <node id="2922914456" visible="true" version="1" changeset="23016266" timestamp="2014-06-19T03:26:41Z" user="Philippe Lê" uid="1784163" lat="21.0377653" lon="105.8184545"/>
 <node id="2922914457" visible="true" version="2" changeset="152985266" timestamp="2024-06-21T10:04:02Z" user="openmap-vn" uid="21213273" lat="21.0377464" lon="105.8182200"/>
 <node id="2922914458" visible="true" version="2" changeset="144650716" timestamp="2023-12-01T07:16:28Z" user="Grab_Cong" uid="18820325" lat="21.0379628" lon="105.8181974"/>
 <node id="2922914459" visible="true" version="3" changeset="152985266" timestamp="2024-06-21T10:04:02Z" user="openmap-vn" uid="21213273" lat="21.0381907" lon="105.8182067"/>
 <node id="2922914460" visible="true" version="3" changeset="152985266" timestamp="2024-06-21T10:04:02Z" user="openmap-vn" uid="21213273" lat="21.0382530" lon="105.8182220"/>
 <node id="2922914461" visible="true" version="3" changeset="152985266" timestamp="2024-06-21T10:04:02Z" user="openmap-vn" uid="21213273" lat="21.0383384" lon="105.8182958"/>
 <node id="2922914462" visible="true" version="3" changeset="152985266" timestamp="2024-06-21T10:04:02Z" user="openmap-vn" uid="21213273" lat="21.0383708" lon="105.8183471"/>
 <node id="2922914463" visible="true" version="3" changeset="152985266" timestamp="2024-06-21T10:04:02Z" user="openmap-vn" uid="21213273" lat="21.0383953" lon="105.8183743"/>
 <node id="2922914464" visible="true" version="3" changeset="152985266" timestamp="2024-06-21T10:04:02Z" user="openmap-vn" uid="21213273" lat="21.0384316" lon="105.8184037"/>
 <node id="2922914465" visible="true" version="3" changeset="152985266" timestamp="2024-06-21T10:04:02Z" user="openmap-vn" uid="21213273" lat="21.0384750" lon="105.8184086"/>
 <node id="2922914466" visible="true" version="2" changeset="144650716" timestamp="2023-12-01T07:16:28Z" user="Grab_Cong" uid="18820325" lat="21.0386090" lon="105.8183884"/>
 <node id="2922914468" visible="true" version="2" changeset="152985266" timestamp="2024-06-21T10:04:02Z" user="openmap-vn" uid="21213273" lat="21.0380097" lon="105.8179851"/>
 <node id="2922914469" visible="true" version="2" changeset="152985266" timestamp="2024-06-21T10:04:02Z" user="openmap-vn" uid="21213273" lat="21.0382842" lon="105.8180040"/>
 <node id="2922914470" visible="true" version="1" changeset="23016266" timestamp="2014-06-19T03:26:41Z" user="Philippe Lê" uid="1784163" lat="21.0383017" lon="105.8179041"/>
 <node id="2922914471" visible="true" version="2" changeset="157570699" timestamp="2024-10-07T08:31:46Z" user="Grab_Cong" uid="18820325" lat="21.0383086" lon="105.8178409"/>
 <node id="2922914472" visible="true" version="1" changeset="23016266" timestamp="2014-06-19T03:26:41Z" user="Philippe Lê" uid="1784163" lat="21.0381966" lon="105.8178827"/>
 <node id="3341124491" visible="true" version="3" changeset="152019749" timestamp="2024-05-30T07:41:57Z" user="vietnam321" uid="11196308" lat="21.0410776" lon="105.8189230"/>
 <node id="3382291899" visible="true" version="5" changeset="130815883" timestamp="2023-01-03T08:25:40Z" user="ItsLouisAnderson" uid="11691953" lat="21.0401987" lon="105.8160485"/>
 <node id="3382291942" visible="true" version="3" changeset="122933665" timestamp="2022-06-28T02:43:00Z" user="vietnam321" uid="11196308" lat="21.0385055" lon="105.8165148"/>
 <node id="3382291943" visible="true" version="3" changeset="122933665" timestamp="2022-06-28T02:43:00Z" user="vietnam321" uid="11196308" lat="21.0384034" lon="105.8170202"/>
 <node id="3382291944" visible="true" version="2" changeset="122933665" timestamp="2022-06-28T02:43:00Z" user="vietnam321" uid="11196308" lat="21.0381752" lon="105.8169609"/>
 <node id="3382291945" visible="true" version="2" changeset="122933665" timestamp="2022-06-28T02:43:00Z" user="vietnam321" uid="11196308" lat="21.0382283" lon="105.8166275"/>
 <node id="3382291947" visible="true" version="2" changeset="152985266" timestamp="2024-06-21T10:04:02Z" user="openmap-vn" uid="21213273" lat="21.0393724" lon="105.8177918"/>
 <node id="3382291950" visible="true" version="3" changeset="157946298" timestamp="2024-10-16T04:21:57Z" user="Grab_Cong" uid="18820325" lat="21.0391932" lon="105.8161858"/>
 <node id="3382291951" visible="true" version="3" changeset="152985266" timestamp="2024-06-21T10:04:02Z" user="openmap-vn" uid="21213273" lat="21.0390107" lon="105.8177318"/>
 <node id="3382291952" visible="true" version="6" changeset="152985266" timestamp="2024-06-21T10:04:02Z" user="openmap-vn" uid="21213273" lat="21.0392730" lon="105.8157625"/>
 <node id="3382291959" visible="true" version="2" changeset="108358055" timestamp="2021-07-21T09:56:32Z" user="clw92" uid="3552673" lat="21.0387596" lon="105.8166881"/>
 <node id="3382291961" visible="true" version="4" changeset="152985266" timestamp="2024-06-21T10:04:02Z" user="openmap-vn" uid="21213273" lat="21.0386114" lon="105.8174985"/>
 <node id="3382291962" visible="true" version="3" changeset="157605843" timestamp="2024-10-08T03:23:44Z" user="Grab_Cong" uid="18820325" lat="21.0377592" lon="105.8157954"/>
 <node id="3382291963" visible="true" version="3" changeset="157605843" timestamp="2024-10-08T03:23:44Z" user="Grab_Cong" uid="18820325" lat="21.0379065" lon="105.8157957"/>
 <node id="3382291964" visible="true" version="2" changeset="157605843" timestamp="2024-10-08T03:23:44Z" user="Grab_Cong" uid="18820325" lat="21.0381733" lon="105.8158601"/>
 <node id="3382291965" visible="true" version="3" changeset="157605843" timestamp="2024-10-08T03:23:44Z" user="Grab_Cong" uid="18820325" lat="21.0383000" lon="105.8158868"/>
 <node id="3382291966" visible="true" version="3" changeset="157605843" timestamp="2024-10-08T03:23:44Z" user="Grab_Cong" uid="18820325" lat="21.0382906" lon="105.8160722"/>
 <node id="3382291967" visible="true" version="3" changeset="157605843" timestamp="2024-10-08T03:23:44Z" user="Grab_Cong" uid="18820325" lat="21.0386653" lon="105.8161756"/>
 <node id="3382291968" visible="true" version="3" changeset="157605843" timestamp="2024-10-08T03:23:44Z" user="Grab_Cong" uid="18820325" lat="21.0383650" lon="105.8162240"/>
 <node id="3382291969" visible="true" version="3" changeset="157605843" timestamp="2024-10-08T03:23:44Z" user="Grab_Cong" uid="18820325" lat="21.0381327" lon="105.8161631"/>
 <node id="3382291970" visible="true" version="2" changeset="152985266" timestamp="2024-06-21T10:04:02Z" user="openmap-vn" uid="21213273" lat="21.0377222" lon="105.8161587"/>
 <node id="3382291971" visible="true" version="2" changeset="152985266" timestamp="2024-06-21T10:04:02Z" user="openmap-vn" uid="21213273" lat="21.0380649" lon="105.8162501"/>
 <node id="3382291972" visible="true" version="2" changeset="152985266" timestamp="2024-06-21T10:04:02Z" user="openmap-vn" uid="21213273" lat="21.0380178" lon="105.8163917"/>
 <node id="3382291973" visible="true" version="2" changeset="152985266" timestamp="2024-06-21T10:04:02Z" user="openmap-vn" uid="21213273" lat="21.0376669" lon="105.8164736"/>
 <node id="3382291974" visible="true" version="2" changeset="152985266" timestamp="2024-06-21T10:04:02Z" user="openmap-vn" uid="21213273" lat="21.0372867" lon="105.8163815"/>
 <node id="3382291975" visible="true" version="2" changeset="152985266" timestamp="2024-06-21T10:04:02Z" user="openmap-vn" uid="21213273" lat="21.0374237" lon="105.8160850"/>
 <node id="3382291976" visible="true" version="4" changeset="139641241" timestamp="2023-08-09T06:14:59Z" user="ItsLouisAnderson" uid="11691953" lat="21.0366050" lon="105.8159554"/>
 <node id="3382291977" visible="true" version="4" changeset="139641241" timestamp="2023-08-09T06:14:59Z" user="ItsLouisAnderson" uid="11691953" lat="21.0369243" lon="105.8161644"/>
 <node id="4453205990" visible="true" version="3" changeset="72071774" timestamp="2019-07-09T22:02:51Z" user="ReedtheRiver" uid="9965337" lat="21.0345150" lon="105.8149570">
  <tag k="addr:country" v="VN"/>
  <tag k="addr:housenumber" v="6"/>
  <tag k="addr:street" v="Ngõ 19 Liễu Giai"/>
  <tag k="email" v="thebarrel@viettincom.com"/>
  <tag k="name:en" v="Barrel Wine &amp; Cigars"/>
  <tag k="phone" v="+84437627182"/>
  <tag k="shop" v="wine"/>
  <tag k="website" v="http://www.wines.vn"/>
 </node>
 <node id="4461962358" visible="true" version="2" changeset="71403015" timestamp="2019-06-19T13:51:59Z" user="TuanIfan" uid="625303" lat="21.0408348" lon="105.8189276"/>
 <node id="4476131489" visible="true" version="5" changeset="172235843" timestamp="2025-09-21T09:17:17Z" user="edumiz624" uid="20881381" lat="21.0354491" lon="105.8188672">
  <tag k="bus" v="yes"/>
  <tag k="highway" v="bus_stop"/>
  <tag k="name" v="285 Đội Cấn - Công ty Dệt Kim Hà Nội"/>
  <tag k="public_transport" v="platform"/>
 </node>
 <node id="4504245790" visible="true" version="1" changeset="43698517" timestamp="2016-11-16T13:02:44Z" user="Blake AJ" uid="4852351" lat="21.0352482" lon="105.8147175">
  <tag k="amenity" v="restaurant"/>
  <tag k="name:en" v="Singaporean Restaurant"/>
 </node>
 <node id="4504307292" visible="true" version="2" changeset="149139478" timestamp="2024-03-25T16:34:59Z" user="openmap-vn" uid="21213273" lat="21.0353715" lon="105.8183834">
  <tag k="amenity" v="restaurant"/>
  <tag k="name:en" v="Luna"/>
 </node>
 <node id="4520102589" visible="true" version="2" changeset="45866390" timestamp="2017-02-06T20:43:36Z" user="user_4861958" uid="4861958" lat="21.0358402" lon="105.8138918">
  <tag k="addr:country" v="VN"/>
  <tag k="addr:housenumber" v="47"/>
  <tag k="addr:street" v="Kim Mã Thượng"/>
  <tag k="amenity" v="restaurant"/>
  <tag k="name:en" v="Anh Quan 47 Mý Van Than"/>
 </node>
 <node id="4570534810" visible="true" version="2" changeset="132433590" timestamp="2023-02-12T07:50:02Z" user="Mapping_95" uid="10498092" lat="21.0374079" lon="105.8147089"/>
 <node id="4570534811" visible="true" version="2" changeset="132433590" timestamp="2023-02-12T07:50:02Z" user="Mapping_95" uid="10498092" lat="21.0374164" lon="105.8146995"/>
 <node id="4570534812" visible="true" version="2" changeset="132433590" timestamp="2023-02-12T07:50:02Z" user="Mapping_95" uid="10498092" lat="21.0374799" lon="105.8148804"/>
 <node id="4570534814" visible="true" version="2" changeset="132433590" timestamp="2023-02-12T07:50:02Z" user="Mapping_95" uid="10498092" lat="21.0374416" lon="105.8149002"/>
 <node id="4570534815" visible="true" version="2" changeset="132433590" timestamp="2023-02-12T07:50:02Z" user="Mapping_95" uid="10498092" lat="21.0373406" lon="105.8148564"/>
 <node id="4805279021" visible="true" version="2" changeset="121833371" timestamp="2022-06-02T04:14:11Z" user="Senior_Intern" uid="13899044" lat="21.0355549" lon="105.8178405">
  <tag k="amenity" v="restaurant"/>
  <tag k="cuisine" v="vietnamese"/>
  <tag k="name" v="Quán Lươn Bà Liên"/>
 </node>
 <node id="5350734821" visible="true" version="3" changeset="122011242" timestamp="2022-06-06T08:21:53Z" user="Senior_Intern" uid="13899044" lat="21.0353040" lon="105.8189349">
  <tag k="addr:housenumber" v="218"/>
  <tag k="addr:street" v="Đội Cấn"/>
  <tag k="amenity" v="food_court"/>
  <tag k="name" v="Nhà Hàng Chim Quay Móc Mật"/>
 </node>
 <node id="5485846220" visible="true" version="1" changeset="57283874" timestamp="2018-03-18T07:42:23Z" user="Vi Bui" uid="7841701" lat="21.0351069" lon="105.8125380"/>
 <node id="5485846621" visible="true" version="2" changeset="115494425" timestamp="2021-12-29T01:09:22Z" user="vietnam321" uid="11196308" lat="21.0351612" lon="105.8119144"/>
 <node id="5485848443" visible="true" version="4" changeset="152973382" timestamp="2024-06-21T03:46:03Z" user="openmap-vn" uid="21213273" lat="21.0349910" lon="105.8118806"/>
 <node id="5485848444" visible="true" version="4" changeset="152973382" timestamp="2024-06-21T03:46:03Z" user="openmap-vn" uid="21213273" lat="21.0348525" lon="105.8118631"/>
 <node id="5689527850" visible="true" version="3" changeset="152019749" timestamp="2024-05-30T07:41:57Z" user="vietnam321" uid="11196308" lat="21.0396386" lon="105.8187998"/>
 <node id="5704430358" visible="true" version="5" changeset="130815883" timestamp="2023-01-03T08:25:40Z" user="ItsLouisAnderson" uid="11691953" lat="21.0404962" lon="105.8159255"/>
 <node id="5704430363" visible="true" version="2" changeset="154592401" timestamp="2024-07-30T07:33:19Z" user="openmap-vn" uid="21213273" lat="21.0411908" lon="105.8136210"/>
 <node id="5707776087" visible="true" version="2" changeset="60036081" timestamp="2018-06-21T08:57:00Z" user="Ramanyam" uid="7671600" lat="21.0377932" lon="105.8095491"/>
 <node id="5707776088" visible="true" version="1" changeset="60035475" timestamp="2018-06-21T08:39:31Z" user="Ramanyam" uid="7671600" lat="21.0377328" lon="105.8091069"/>
 <node id="5709910379" visible="true" version="1" changeset="60059879" timestamp="2018-06-22T01:30:41Z" user="Ramanyam" uid="7671600" lat="21.0398938" lon="105.8129211"/>
 <node id="5709910382" visible="true" version="2" changeset="106081430" timestamp="2021-06-09T08:57:34Z" user="dhana_sari" uid="11659167" lat="21.0387729" lon="105.8115853"/>
 <node id="5709910384" visible="true" version="2" changeset="106081430" timestamp="2021-06-09T08:57:34Z" user="dhana_sari" uid="11659167" lat="21.0387659" lon="105.8112786"/>
 <node id="5709910393" visible="true" version="2" changeset="176789995" timestamp="2026-01-03T16:55:47Z" user="Hung Tran 9x0" uid="20910140" lat="21.0395262" lon="105.8128728"/>
 <node id="5709910398" visible="true" version="1" changeset="60059879" timestamp="2018-06-22T01:30:42Z" user="Ramanyam" uid="7671600" lat="21.0390828" lon="105.8115980"/>
 <node id="5709910399" visible="true" version="1" changeset="60059879" timestamp="2018-06-22T01:30:42Z" user="Ramanyam" uid="7671600" lat="21.0389505" lon="105.8127984"/>
 <node id="5709910400" visible="true" version="3" changeset="152985266" timestamp="2024-06-21T10:04:02Z" user="openmap-vn" uid="21213273" lat="21.0386454" lon="105.8143889"/>
 <node id="5709910401" visible="true" version="2" changeset="97100985" timestamp="2021-01-07T10:14:43Z" user="thevivotran" uid="8955765" lat="21.0382254" lon="105.8143540"/>
 <node id="5709910403" visible="true" version="4" changeset="176789995" timestamp="2026-01-03T16:55:47Z" user="Hung Tran 9x0" uid="20910140" lat="21.0380508" lon="105.8143237"/>
 <node id="5709910404" visible="true" version="4" changeset="176789995" timestamp="2026-01-03T16:55:47Z" user="Hung Tran 9x0" uid="20910140" lat="21.0390306" lon="105.8138996"/>
 <node id="5709910405" visible="true" version="2" changeset="71403015" timestamp="2019-06-19T13:51:59Z" user="TuanIfan" uid="625303" lat="21.0381290" lon="105.8139081"/>
 <node id="5709910406" visible="true" version="2" changeset="71403015" timestamp="2019-06-19T13:51:59Z" user="TuanIfan" uid="625303" lat="21.0380437" lon="105.8139208"/>
 <node id="5709910407" visible="true" version="4" changeset="176789995" timestamp="2026-01-03T16:55:47Z" user="Hung Tran 9x0" uid="20910140" lat="21.0379754" lon="105.8149078">
  <tag k="noexit" v="yes"/>
 </node>
 <node id="5709910408" visible="true" version="3" changeset="176789995" timestamp="2026-01-03T16:55:47Z" user="Hung Tran 9x0" uid="20910140" lat="21.0380270" lon="105.8144539"/>
 <node id="5709910409" visible="true" version="3" changeset="176789995" timestamp="2026-01-03T16:55:47Z" user="Hung Tran 9x0" uid="20910140" lat="21.0380342" lon="105.8143919"/>
 <node id="5709910410" visible="true" version="2" changeset="176789995" timestamp="2026-01-03T16:55:47Z" user="Hung Tran 9x0" uid="20910140" lat="21.0380597" lon="105.8141518"/>
 <node id="5709910411" visible="true" version="2" changeset="176789995" timestamp="2026-01-03T16:55:47Z" user="Hung Tran 9x0" uid="20910140" lat="21.0380659" lon="105.8139743"/>
 <node id="5709910412" visible="true" version="3" changeset="149118896" timestamp="2024-03-25T08:32:55Z" user="openmap-vn" uid="21213273" lat="21.0379732" lon="105.8139014"/>
 <node id="5709910413" visible="true" version="3" changeset="149118896" timestamp="2024-03-25T08:32:55Z" user="openmap-vn" uid="21213273" lat="21.0378040" lon="105.8137867"/>
 <node id="5716479683" visible="true" version="3" changeset="141638202" timestamp="2023-09-23T10:35:22Z" user="vietnam321" uid="11196308" lat="21.0358318" lon="105.8136121"/>
 <node id="5716479684" visible="true" version="3" changeset="168750786" timestamp="2025-07-10T16:04:12Z" user="Hung Tran 9x0" uid="20910140" lat="21.0362088" lon="105.8131062"/>
 <node id="5716479685" visible="true" version="2" changeset="149116979" timestamp="2024-03-25T07:40:02Z" user="openmap-vn" uid="21213273" lat="21.0377003" lon="105.8128244"/>
 <node id="5716479686" visible="true" version="2" changeset="149116979" timestamp="2024-03-25T07:40:02Z" user="openmap-vn" uid="21213273" lat="21.0379305" lon="105.8128164"/>
 <node id="5716479688" visible="true" version="4" changeset="168750786" timestamp="2025-07-10T16:04:12Z" user="Hung Tran 9x0" uid="20910140" lat="21.0372238" lon="105.8126506"/>
 <node id="5716479689" visible="true" version="2" changeset="152973382" timestamp="2024-06-21T03:46:03Z" user="openmap-vn" uid="21213273" lat="21.0372202" lon="105.8127715"/>
 <node id="5716479690" visible="true" version="3" changeset="168750786" timestamp="2025-07-10T16:04:12Z" user="Hung Tran 9x0" uid="20910140" lat="21.0372824" lon="105.8127820"/>
 <node id="5716479691" visible="true" version="4" changeset="168750786" timestamp="2025-07-10T16:04:12Z" user="Hung Tran 9x0" uid="20910140" lat="21.0372807" lon="105.8128659"/>
 <node id="5716479692" visible="true" version="3" changeset="168750786" timestamp="2025-07-10T16:04:12Z" user="Hung Tran 9x0" uid="20910140" lat="21.0375023" lon="105.8128932"/>
 <node id="5716479693" visible="true" version="5" changeset="168750786" timestamp="2025-07-10T16:04:12Z" user="Hung Tran 9x0" uid="20910140" lat="21.0374948" lon="105.8131156"/>
 <node id="5716479694" visible="true" version="2" changeset="176888592" timestamp="2026-01-06T06:05:10Z" user="GrabVN_HHanh" uid="21825758" lat="21.0379523" lon="105.8131712"/>
 <node id="5716479695" visible="true" version="4" changeset="152973382" timestamp="2024-06-21T03:46:03Z" user="openmap-vn" uid="21213273" lat="21.0372266" lon="105.8125490"/>
 <node id="5716479697" visible="true" version="1" changeset="60134707" timestamp="2018-06-25T04:34:56Z" user="Ramanyam" uid="7671600" lat="21.0376116" lon="105.8141070"/>
 <node id="5716479699" visible="true" version="3" changeset="176888592" timestamp="2026-01-06T06:05:10Z" user="GrabVN_HHanh" uid="21825758" lat="21.0379885" lon="105.8132694"/>
 <node id="5716479704" visible="true" version="3" changeset="168750786" timestamp="2025-07-10T16:04:12Z" user="Hung Tran 9x0" uid="20910140" lat="21.0363302" lon="105.8131640"/>
 <node id="5716479705" visible="true" version="3" changeset="141638202" timestamp="2023-09-23T10:35:22Z" user="vietnam321" uid="11196308" lat="21.0358832" lon="105.8130706"/>
 <node id="5716479707" visible="true" version="4" changeset="152973382" timestamp="2024-06-21T03:46:03Z" user="openmap-vn" uid="21213273" lat="21.0376840" lon="105.8112301"/>
 <node id="5716479708" visible="true" version="1" changeset="60134707" timestamp="2018-06-25T04:34:56Z" user="Ramanyam" uid="7671600" lat="21.0374881" lon="105.8119011"/>
 <node id="5716479709" visible="true" version="3" changeset="152973382" timestamp="2024-06-21T03:46:03Z" user="openmap-vn" uid="21213273" lat="21.0374619" lon="105.8112540"/>
 <node id="5716479712" visible="true" version="3" changeset="152973382" timestamp="2024-06-21T03:46:03Z" user="openmap-vn" uid="21213273" lat="21.0378659" lon="105.8112269"/>
 <node id="5716479718" visible="true" version="2" changeset="144927535" timestamp="2023-12-09T08:58:32Z" user="vietnam321" uid="11196308" lat="21.0377197" lon="105.8118836"/>
 <node id="5716479719" visible="true" version="3" changeset="149116639" timestamp="2024-03-25T07:28:14Z" user="openmap-vn" uid="21213273" lat="21.0377154" lon="105.8118255"/>
 <node id="5716479720" visible="true" version="2" changeset="149115976" timestamp="2024-03-25T07:03:46Z" user="openmap-vn" uid="21213273" lat="21.0376758" lon="105.8108533"/>
 <node id="5716479922" visible="true" version="1" changeset="60134707" timestamp="2018-06-25T04:34:56Z" user="Ramanyam" uid="7671600" lat="21.0378416" lon="105.8107400"/>
 <node id="5716548950" visible="true" version="3" changeset="130815883" timestamp="2023-01-03T08:25:40Z" user="ItsLouisAnderson" uid="11691953" lat="21.0369988" lon="105.8148490">
  <tag k="crossing" v="traffic_signals"/>
  <tag k="highway" v="crossing"/>
 </node>
 <node id="5716548951" visible="true" version="3" changeset="152985266" timestamp="2024-06-21T10:04:02Z" user="openmap-vn" uid="21213273" lat="21.0372933" lon="105.8140258"/>
 <node id="5716548952" visible="true" version="3" changeset="138448935" timestamp="2023-07-13T06:43:17Z" user="GrabVN_Ngaan" uid="14519322" lat="21.0373560" lon="105.8137957"/>
 <node id="5716548958" visible="true" version="3" changeset="152973382" timestamp="2024-06-21T03:46:03Z" user="openmap-vn" uid="21213273" lat="21.0368448" lon="105.8121464"/>
 <node id="5716548962" visible="true" version="3" changeset="130815883" timestamp="2023-01-03T08:25:40Z" user="ItsLouisAnderson" uid="11691953" lat="21.0360879" lon="105.8147948"/>
 <node id="5716548965" visible="true" version="3" changeset="152973382" timestamp="2024-06-21T03:46:03Z" user="openmap-vn" uid="21213273" lat="21.0349589" lon="105.8121695"/>
 <node id="5716548966" visible="true" version="3" changeset="159650517" timestamp="2024-11-27T09:35:23Z" user="iloveosm2004" uid="20517681" lat="21.0343956" lon="105.8120859"/>
 <node id="5716548967" visible="true" version="3" changeset="152973382" timestamp="2024-06-21T03:46:03Z" user="openmap-vn" uid="21213273" lat="21.0345841" lon="105.8118103"/>
 <node id="5716548968" visible="true" version="2" changeset="152973382" timestamp="2024-06-21T03:46:03Z" user="openmap-vn" uid="21213273" lat="21.0348908" lon="105.8137102"/>
 <node id="5716548969" visible="true" version="5" changeset="152973382" timestamp="2024-06-21T03:46:03Z" user="openmap-vn" uid="21213273" lat="21.0347958" lon="105.8141731"/>
 <node id="5716548970" visible="true" version="4" changeset="141638202" timestamp="2023-09-23T10:35:22Z" user="vietnam321" uid="11196308" lat="21.0358122" lon="105.8137670"/>
 <node id="5716548971" visible="true" version="2" changeset="106318177" timestamp="2021-06-14T07:56:38Z" user="ghar_07" uid="10751811" lat="21.0355855" lon="105.8137558"/>
 <node id="5716548972" visible="true" version="2" changeset="106318177" timestamp="2021-06-14T07:56:38Z" user="ghar_07" uid="10751811" lat="21.0355542" lon="105.8140804"/>
 <node id="5716548974" visible="true" version="4" changeset="152973382" timestamp="2024-06-21T03:46:03Z" user="openmap-vn" uid="21213273" lat="21.0359852" lon="105.8120631"/>
 <node id="5716548975" visible="true" version="2" changeset="152973382" timestamp="2024-06-21T03:46:03Z" user="openmap-vn" uid="21213273" lat="21.0354646" lon="105.8131893"/>
 <node id="5716548976" visible="true" version="2" changeset="152973382" timestamp="2024-06-21T03:46:03Z" user="openmap-vn" uid="21213273" lat="21.0354433" lon="105.8135089"/>
 <node id="5716548977" visible="true" version="2" changeset="152973382" timestamp="2024-06-21T03:46:03Z" user="openmap-vn" uid="21213273" lat="21.0354709" lon="105.8130007"/>
 <node id="5716548978" visible="true" version="3" changeset="174129800" timestamp="2025-11-03T03:52:34Z" user="GrabVN_HHanh" uid="21825758" lat="21.0354378" lon="105.8119896"/>
 <node id="5716548979" visible="true" version="3" changeset="152985266" timestamp="2024-06-21T10:04:02Z" user="openmap-vn" uid="21213273" lat="21.0368043" lon="105.8139799"/>
 <node id="5716548980" visible="true" version="2" changeset="152985266" timestamp="2024-06-21T10:04:02Z" user="openmap-vn" uid="21213273" lat="21.0367058" lon="105.8143566"/>
 <node id="5716548981" visible="true" version="4" changeset="132433590" timestamp="2023-02-12T07:50:02Z" user="Mapping_95" uid="10498092" lat="21.0365883" lon="105.8147190"/>
 <node id="5716548982" visible="true" version="1" changeset="60135729" timestamp="2018-06-25T05:29:43Z" user="Ramanyam" uid="7671600" lat="21.0361638" lon="105.8136472"/>
 <node id="5716625612" visible="true" version="3" changeset="138404294" timestamp="2023-07-12T04:56:33Z" user="Grab_Cong" uid="18820325" lat="21.0364124" lon="105.8171152"/>
 <node id="5716625613" visible="true" version="2" changeset="138404294" timestamp="2023-07-12T04:56:33Z" user="Grab_Cong" uid="18820325" lat="21.0363558" lon="105.8173257"/>
 <node id="5716625614" visible="true" version="3" changeset="152985266" timestamp="2024-06-21T10:04:02Z" user="openmap-vn" uid="21213273" lat="21.0362440" lon="105.8175242"/>
 <node id="5716625615" visible="true" version="2" changeset="138404294" timestamp="2023-07-12T04:56:33Z" user="Grab_Cong" uid="18820325" lat="21.0362895" lon="105.8173129"/>
 <node id="5716625616" visible="true" version="2" changeset="138404294" timestamp="2023-07-12T04:56:33Z" user="Grab_Cong" uid="18820325" lat="21.0364187" lon="105.8173401"/>
 <node id="5716625617" visible="true" version="1" changeset="60136260" timestamp="2018-06-25T05:53:56Z" user="Ramanyam" uid="7671600" lat="21.0366486" lon="105.8173678"/>
 <node id="5716625618" visible="true" version="4" changeset="152985266" timestamp="2024-06-21T10:04:02Z" user="openmap-vn" uid="21213273" lat="21.0346880" lon="105.8177409"/>
 <node id="5716626122" visible="true" version="1" changeset="60136260" timestamp="2018-06-25T05:53:56Z" user="Ramanyam" uid="7671600" lat="21.0360406" lon="105.8149866"/>
 <node id="5716626123" visible="true" version="1" changeset="60136260" timestamp="2018-06-25T05:53:56Z" user="Ramanyam" uid="7671600" lat="21.0364242" lon="105.8151573"/>
 <node id="5716626124" visible="true" version="1" changeset="60136260" timestamp="2018-06-25T05:53:56Z" user="Ramanyam" uid="7671600" lat="21.0365318" lon="105.8154228"/>
 <node id="5716626125" visible="true" version="1" changeset="60136260" timestamp="2018-06-25T05:53:56Z" user="Ramanyam" uid="7671600" lat="21.0363916" lon="105.8158091"/>
 <node id="5716626126" visible="true" version="1" changeset="60136260" timestamp="2018-06-25T05:53:56Z" user="Ramanyam" uid="7671600" lat="21.0362992" lon="105.8161043"/>
 <node id="5716626127" visible="true" version="1" changeset="60136260" timestamp="2018-06-25T05:53:56Z" user="Ramanyam" uid="7671600" lat="21.0364755" lon="105.8161843"/>
 <node id="5716626128" visible="true" version="1" changeset="60136260" timestamp="2018-06-25T05:53:56Z" user="Ramanyam" uid="7671600" lat="21.0358878" lon="105.8159832"/>
 <node id="5716626130" visible="true" version="1" changeset="60136260" timestamp="2018-06-25T05:53:56Z" user="Ramanyam" uid="7671600" lat="21.0357908" lon="105.8168337"/>
 <node id="5716626132" visible="true" version="2" changeset="152985266" timestamp="2024-06-21T10:04:02Z" user="openmap-vn" uid="21213273" lat="21.0349701" lon="105.8153918"/>
 <node id="5716626133" visible="true" version="1" changeset="60136260" timestamp="2018-06-25T05:53:56Z" user="Ramanyam" uid="7671600" lat="21.0349987" lon="105.8152050"/>
 <node id="5716626137" visible="true" version="4" changeset="149122609" timestamp="2024-03-25T09:58:56Z" user="openmap-vn" uid="21213273" lat="21.0357745" lon="105.8178086"/>
 <node id="5716626138" visible="true" version="5" changeset="149122609" timestamp="2024-03-25T09:58:56Z" user="openmap-vn" uid="21213273" lat="21.0358159" lon="105.8177578"/>
 <node id="5716626139" visible="true" version="3" changeset="149122406" timestamp="2024-03-25T09:54:13Z" user="openmap-vn" uid="21213273" lat="21.0357723" lon="105.8177205"/>
 <node id="5716626142" visible="true" version="6" changeset="175572180" timestamp="2025-12-06T05:07:06Z" user="Hung Tran 9x0" uid="20910140" lat="21.0369245" lon="105.8167928"/>
 <node id="5716626143" visible="true" version="2" changeset="122933665" timestamp="2022-06-28T02:43:00Z" user="vietnam321" uid="11196308" lat="21.0363584" lon="105.8163959"/>
 <node id="5719140504" visible="true" version="3" changeset="152704838" timestamp="2024-06-15T03:58:19Z" user="vietnam321" uid="11196308" lat="21.0339318" lon="105.8183310"/>
 <node id="5920363996" visible="true" version="1" changeset="62793910" timestamp="2018-09-21T11:37:14Z" user="Alex Steppat" uid="7963369" lat="21.0360490" lon="105.8118946">
  <tag k="addr:housenumber" v="35"/>
  <tag k="addr:street" v="Kim Mã Thượng"/>
  <tag k="amenity" v="restaurant"/>
  <tag k="opening_hours" v="Mo-Su 06:30-14:00"/>
 </node>
 <node id="6352368454" visible="true" version="2" changeset="114380623" timestamp="2021-11-29T23:18:50Z" user="Tommybara" uid="12198525" lat="21.0376871" lon="105.8063836"/>
 <node id="6408581234" visible="true" version="2" changeset="149116639" timestamp="2024-03-25T07:28:14Z" user="openmap-vn" uid="21213273" lat="21.0378959" lon="105.8118216"/>
 <node id="6408581235" visible="true" version="3" changeset="149116639" timestamp="2024-03-25T07:28:14Z" user="openmap-vn" uid="21213273" lat="21.0374641" lon="105.8122962"/>
 <node id="6408581237" visible="true" version="5" changeset="166732539" timestamp="2025-05-25T12:29:14Z" user="Hung Tran 9x0" uid="20910140" lat="21.0361526" lon="105.8145833"/>
 <node id="6408581238" visible="true" version="2" changeset="149116639" timestamp="2024-03-25T07:28:14Z" user="openmap-vn" uid="21213273" lat="21.0379106" lon="105.8122581"/>
 <node id="6408581239" visible="true" version="2" changeset="153014014" timestamp="2024-06-22T03:22:46Z" user="openmap-vn" uid="21213273" lat="21.0378891" lon="105.8116514"/>
 <node id="6408581240" visible="true" version="4" changeset="166732539" timestamp="2025-05-25T12:29:14Z" user="Hung Tran 9x0" uid="20910140" lat="21.0362225" lon="105.8142198"/>
 <node id="6408629570" visible="true" version="4" changeset="157946298" timestamp="2024-10-16T04:21:57Z" user="Grab_Cong" uid="18820325" lat="21.0406741" lon="105.8161898"/>
 <node id="6408629571" visible="true" version="3" changeset="130815883" timestamp="2023-01-03T08:25:40Z" user="ItsLouisAnderson" uid="11691953" lat="21.0403339" lon="105.8160864"/>
 <node id="6408629573" visible="true" version="2" changeset="130815883" timestamp="2023-01-03T08:25:40Z" user="ItsLouisAnderson" uid="11691953" lat="21.0398939" lon="105.8159529"/>
 <node id="6408629575" visible="true" version="2" changeset="130815883" timestamp="2023-01-03T08:25:40Z" user="ItsLouisAnderson" uid="11691953" lat="21.0384371" lon="105.8155069"/>
 <node id="6408629577" visible="true" version="2" changeset="139343471" timestamp="2023-08-02T11:41:43Z" user="cghisa_grab" uid="14109441" lat="21.0383955" lon="105.8156774"/>
 <node id="6408724122" visible="true" version="3" changeset="145724993" timestamp="2023-12-31T09:46:50Z" user="vietnam321" uid="11196308" lat="21.0379425" lon="105.8151441"/>
 <node id="6408750131" visible="true" version="1" changeset="69263621" timestamp="2019-04-16T09:32:27Z" user="Corban8" uid="4240913" lat="21.0378682" lon="105.8112487"/>
 <node id="6408750132" visible="true" version="1" changeset="69263621" timestamp="2019-04-16T09:32:27Z" user="Corban8" uid="4240913" lat="21.0378735" lon="105.8113521"/>
 <node id="6410707201" visible="true" version="3" changeset="152985266" timestamp="2024-06-21T10:04:02Z" user="openmap-vn" uid="21213273" lat="21.0339858" lon="105.8175268"/>
 <node id="6557766326" visible="true" version="1" changeset="71403015" timestamp="2019-06-19T13:51:59Z" user="TuanIfan" uid="625303" lat="21.0365943" lon="105.8173535"/>
 <node id="6557766327" visible="true" version="1" changeset="71403015" timestamp="2019-06-19T13:51:59Z" user="TuanIfan" uid="625303" lat="21.0363996" lon="105.8173028"/>
 <node id="6557766328" visible="true" version="1" changeset="71403015" timestamp="2019-06-19T13:51:59Z" user="TuanIfan" uid="625303" lat="21.0364299" lon="105.8171694"/>
 <node id="6557766329" visible="true" version="1" changeset="71403015" timestamp="2019-06-19T13:51:59Z" user="TuanIfan" uid="625303" lat="21.0366246" lon="105.8172201"/>
 <node id="6557766330" visible="true" version="2" changeset="138450674" timestamp="2023-07-13T07:29:53Z" user="kmayuri" uid="15743311" lat="21.0365425" lon="105.8175270"/>
 <node id="6557766331" visible="true" version="2" changeset="138450674" timestamp="2023-07-13T07:29:53Z" user="kmayuri" uid="15743311" lat="21.0362677" lon="105.8174754"/>
 <node id="6557766332" visible="true" version="2" changeset="138450674" timestamp="2023-07-13T07:29:53Z" user="kmayuri" uid="15743311" lat="21.0363027" lon="105.8173326"/>
 <node id="6557766333" visible="true" version="2" changeset="138450674" timestamp="2023-07-13T07:29:53Z" user="kmayuri" uid="15743311" lat="21.0365712" lon="105.8174010"/>
 <node id="6557766334" visible="true" version="1" changeset="71403015" timestamp="2019-06-19T13:51:59Z" user="TuanIfan" uid="625303" lat="21.0362383" lon="105.8172937"/>
 <node id="6557766335" visible="true" version="1" changeset="71403015" timestamp="2019-06-19T13:51:59Z" user="TuanIfan" uid="625303" lat="21.0363359" lon="105.8172789"/>
 <node id="6557766336" visible="true" version="1" changeset="71403015" timestamp="2019-06-19T13:51:59Z" user="TuanIfan" uid="625303" lat="21.0363697" lon="105.8171455"/>
 <node id="6557766337" visible="true" version="1" changeset="71403015" timestamp="2019-06-19T13:51:59Z" user="TuanIfan" uid="625303" lat="21.0362477" lon="105.8171126"/>
 <node id="6557766338" visible="true" version="1" changeset="71403015" timestamp="2019-06-19T13:51:59Z" user="TuanIfan" uid="625303" lat="21.0361826" lon="105.8171368"/>
 <node id="6557766339" visible="true" version="1" changeset="71403015" timestamp="2019-06-19T13:51:59Z" user="TuanIfan" uid="625303" lat="21.0359954" lon="105.8174613"/>
 <node id="6557766340" visible="true" version="1" changeset="71403015" timestamp="2019-06-19T13:51:59Z" user="TuanIfan" uid="625303" lat="21.0361112" lon="105.8175378"/>
 <node id="6557766341" visible="true" version="1" changeset="71403015" timestamp="2019-06-19T13:51:59Z" user="TuanIfan" uid="625303" lat="21.0362214" lon="105.8170067">
  <tag k="natural" v="tree"/>
 </node>
 <node id="6557766342" visible="true" version="1" changeset="71403015" timestamp="2019-06-19T13:51:59Z" user="TuanIfan" uid="625303" lat="21.0361913" lon="105.8169959">
  <tag k="amenity" v="place_of_worship"/>
  <tag k="religion" v="vietnamese_folk"/>
 </node>
 <node id="6557766352" visible="true" version="2" changeset="152019749" timestamp="2024-05-30T07:41:57Z" user="vietnam321" uid="11196308" lat="21.0369770" lon="105.8177532"/>
 <node id="6557766353" visible="true" version="2" changeset="152019749" timestamp="2024-05-30T07:41:57Z" user="vietnam321" uid="11196308" lat="21.0368687" lon="105.8178546"/>
 <node id="6557766356" visible="true" version="1" changeset="71403015" timestamp="2019-06-19T13:51:59Z" user="TuanIfan" uid="625303" lat="21.0367696" lon="105.8176933"/>
 <node id="6557766357" visible="true" version="1" changeset="71403015" timestamp="2019-06-19T13:51:59Z" user="TuanIfan" uid="625303" lat="21.0366057" lon="105.8176289"/>
 <node id="6557766358" visible="true" version="1" changeset="71403015" timestamp="2019-06-19T13:51:59Z" user="TuanIfan" uid="625303" lat="21.0366980" lon="105.8171561"/>
 <node id="6557766359" visible="true" version="2" changeset="152019749" timestamp="2024-05-30T07:41:57Z" user="vietnam321" uid="11196308" lat="21.0372255" lon="105.8173514"/>
 <node id="6557766361" visible="true" version="1" changeset="71403015" timestamp="2019-06-19T13:51:59Z" user="TuanIfan" uid="625303" lat="21.0373680" lon="105.8173098"/>
 <node id="6557766362" visible="true" version="1" changeset="71403015" timestamp="2019-06-19T13:51:59Z" user="TuanIfan" uid="625303" lat="21.0374193" lon="105.8172910"/>
 <node id="6557766363" visible="true" version="1" changeset="71403015" timestamp="2019-06-19T13:51:59Z" user="TuanIfan" uid="625303" lat="21.0374769" lon="105.8172642"/>
 <node id="6557766383" visible="true" version="1" changeset="71403015" timestamp="2019-06-19T13:51:59Z" user="TuanIfan" uid="625303" lat="21.0399052" lon="105.8184993"/>
 <node id="6557766384" visible="true" version="1" changeset="71403015" timestamp="2019-06-19T13:51:59Z" user="TuanIfan" uid="625303" lat="21.0398995" lon="105.8185825"/>
 <node id="6557784885" visible="true" version="1" changeset="71403015" timestamp="2019-06-19T13:51:59Z" user="TuanIfan" uid="625303" lat="21.0398182" lon="105.8188346"/>
 <node id="6557784886" visible="true" version="1" changeset="71403015" timestamp="2019-06-19T13:51:59Z" user="TuanIfan" uid="625303" lat="21.0397750" lon="105.8189218"/>
 <node id="6557784887" visible="true" version="1" changeset="71403015" timestamp="2019-06-19T13:51:59Z" user="TuanIfan" uid="625303" lat="21.0397086" lon="105.8188494"/>
 <node id="6557784888" visible="true" version="1" changeset="71403015" timestamp="2019-06-19T13:51:59Z" user="TuanIfan" uid="625303" lat="21.0396436" lon="105.8187756"/>
 <node id="6557784889" visible="true" version="1" changeset="71403015" timestamp="2019-06-19T13:51:59Z" user="TuanIfan" uid="625303" lat="21.0394527" lon="105.8186884"/>
 <node id="6557784890" visible="true" version="1" changeset="71403015" timestamp="2019-06-19T13:51:59Z" user="TuanIfan" uid="625303" lat="21.0393294" lon="105.8186536"/>
 <node id="6557784891" visible="true" version="1" changeset="71403015" timestamp="2019-06-19T13:51:59Z" user="TuanIfan" uid="625303" lat="21.0392199" lon="105.8185798"/>
 <node id="6557784892" visible="true" version="1" changeset="71403015" timestamp="2019-06-19T13:51:59Z" user="TuanIfan" uid="625303" lat="21.0391341" lon="105.8184846"/>
 <node id="6557784893" visible="true" version="1" changeset="71403015" timestamp="2019-06-19T13:51:59Z" user="TuanIfan" uid="625303" lat="21.0391153" lon="105.8184457"/>
 <node id="6557784894" visible="true" version="1" changeset="71403015" timestamp="2019-06-19T13:51:59Z" user="TuanIfan" uid="625303" lat="21.0393469" lon="105.8180179"/>
 <node id="6557784895" visible="true" version="1" changeset="71403015" timestamp="2019-06-19T13:51:59Z" user="TuanIfan" uid="625303" lat="21.0396648" lon="105.8181158"/>
 <node id="6557784896" visible="true" version="1" changeset="71403015" timestamp="2019-06-19T13:51:59Z" user="TuanIfan" uid="625303" lat="21.0399715" lon="105.8182499"/>
 <node id="6557784901" visible="true" version="1" changeset="71403015" timestamp="2019-06-19T13:51:59Z" user="TuanIfan" uid="625303" lat="21.0393995" lon="105.8194341"/>
 <node id="6557784902" visible="true" version="1" changeset="71403015" timestamp="2019-06-19T13:51:59Z" user="TuanIfan" uid="625303" lat="21.0393319" lon="105.8194421"/>
 <node id="6557784903" visible="true" version="1" changeset="71403015" timestamp="2019-06-19T13:51:59Z" user="TuanIfan" uid="625303" lat="21.0391980" lon="105.8191538"/>
 <node id="6557784904" visible="true" version="1" changeset="71403015" timestamp="2019-06-19T13:51:59Z" user="TuanIfan" uid="625303" lat="21.0391967" lon="105.8190505"/>
 <node id="6557784905" visible="true" version="1" changeset="71403015" timestamp="2019-06-19T13:51:59Z" user="TuanIfan" uid="625303" lat="21.0390953" lon="105.8189218"/>
 <node id="6557784906" visible="true" version="1" changeset="71403015" timestamp="2019-06-19T13:51:59Z" user="TuanIfan" uid="625303" lat="21.0390778" lon="105.8187139"/>
 <node id="6557784907" visible="true" version="1" changeset="71403015" timestamp="2019-06-19T13:51:59Z" user="TuanIfan" uid="625303" lat="21.0390903" lon="105.8185744"/>
 <node id="6557784908" visible="true" version="1" changeset="71403015" timestamp="2019-06-19T13:51:59Z" user="TuanIfan" uid="625303" lat="21.0393807" lon="105.8187219"/>
 <node id="6557784909" visible="true" version="1" changeset="71403015" timestamp="2019-06-19T13:51:59Z" user="TuanIfan" uid="625303" lat="21.0395009" lon="105.8187863"/>
 <node id="6557784910" visible="true" version="1" changeset="71403015" timestamp="2019-06-19T13:51:59Z" user="TuanIfan" uid="625303" lat="21.0401392" lon="105.8191860"/>
 <node id="6557784911" visible="true" version="1" changeset="71403015" timestamp="2019-06-19T13:51:59Z" user="TuanIfan" uid="625303" lat="21.0401618" lon="105.8199048"/>
 <node id="6557784912" visible="true" version="1" changeset="71403015" timestamp="2019-06-19T13:51:59Z" user="TuanIfan" uid="625303" lat="21.0400040" lon="105.8199021"/>
 <node id="6557784913" visible="true" version="1" changeset="71403015" timestamp="2019-06-19T13:51:59Z" user="TuanIfan" uid="625303" lat="21.0397399" lon="105.8198002"/>
 <node id="6557784914" visible="true" version="1" changeset="71403015" timestamp="2019-06-19T13:51:59Z" user="TuanIfan" uid="625303" lat="21.0395559" lon="105.8198297"/>
 <node id="6557784937" visible="true" version="1" changeset="71403015" timestamp="2019-06-19T13:51:59Z" user="TuanIfan" uid="625303" lat="21.0394813" lon="105.8187051"/>
 <node id="6557784938" visible="true" version="2" changeset="106131988" timestamp="2021-06-10T06:25:56Z" user="lok_man" uid="13354512" lat="21.0395496" lon="105.8186046"/>
 <node id="6557784939" visible="true" version="2" changeset="106131988" timestamp="2021-06-10T06:25:56Z" user="lok_man" uid="13354512" lat="21.0394148" lon="105.8185234"/>
 <node id="6557784940" visible="true" version="2" changeset="106131988" timestamp="2021-06-10T06:25:56Z" user="lok_man" uid="13354512" lat="21.0394019" lon="105.8185388"/>
 <node id="6557784941" visible="true" version="2" changeset="106131988" timestamp="2021-06-10T06:25:56Z" user="lok_man" uid="13354512" lat="21.0393869" lon="105.8185549"/>
 <node id="6557784942" visible="true" version="2" changeset="106131988" timestamp="2021-06-10T06:25:56Z" user="lok_man" uid="13354512" lat="21.0393619" lon="105.8185677"/>
 <node id="6557784943" visible="true" version="2" changeset="106131988" timestamp="2021-06-10T06:25:56Z" user="lok_man" uid="13354512" lat="21.0393318" lon="105.8185757"/>
 <node id="6557784944" visible="true" version="2" changeset="106131988" timestamp="2021-06-10T06:25:56Z" user="lok_man" uid="13354512" lat="21.0392768" lon="105.8185744"/>
 <node id="6557784945" visible="true" version="2" changeset="106131988" timestamp="2021-06-10T06:25:56Z" user="lok_man" uid="13354512" lat="21.0392411" lon="105.8185616"/>
 <node id="6557784946" visible="true" version="2" changeset="106131988" timestamp="2021-06-10T06:25:56Z" user="lok_man" uid="13354512" lat="21.0392129" lon="105.8185435"/>
 <node id="6557784947" visible="true" version="2" changeset="106131988" timestamp="2021-06-10T06:25:56Z" user="lok_man" uid="13354512" lat="21.0391973" lon="105.8185301"/>
 <node id="6557784948" visible="true" version="2" changeset="106131988" timestamp="2021-06-10T06:25:56Z" user="lok_man" uid="13354512" lat="21.0391785" lon="105.8185113"/>
 <node id="6557784949" visible="true" version="2" changeset="106131988" timestamp="2021-06-10T06:25:56Z" user="lok_man" uid="13354512" lat="21.0391647" lon="105.8184684"/>
 <node id="6557784950" visible="true" version="2" changeset="106131988" timestamp="2021-06-10T06:25:56Z" user="lok_man" uid="13354512" lat="21.0391579" lon="105.8184128"/>
 <node id="6557784951" visible="true" version="2" changeset="106131988" timestamp="2021-06-10T06:25:56Z" user="lok_man" uid="13354512" lat="21.0391579" lon="105.8183779"/>
 <node id="6557784952" visible="true" version="2" changeset="106131988" timestamp="2021-06-10T06:25:56Z" user="lok_man" uid="13354512" lat="21.0391704" lon="105.8183390"/>
 <node id="6557784953" visible="true" version="2" changeset="106131988" timestamp="2021-06-10T06:25:56Z" user="lok_man" uid="13354512" lat="21.0392017" lon="105.8183558"/>
 <node id="6557784954" visible="true" version="2" changeset="106131988" timestamp="2021-06-10T06:25:56Z" user="lok_man" uid="13354512" lat="21.0392830" lon="105.8181848"/>
 <node id="6557784955" visible="true" version="2" changeset="106131988" timestamp="2021-06-10T06:25:56Z" user="lok_man" uid="13354512" lat="21.0396535" lon="105.8183880"/>
 <node id="6557784973" visible="true" version="2" changeset="170647726" timestamp="2025-08-19T04:34:12Z" user="Hung Tran 9x0" uid="20910140" lat="21.0345538" lon="105.8162759"/>
 <node id="6557784974" visible="true" version="2" changeset="170647726" timestamp="2025-08-19T04:34:12Z" user="Hung Tran 9x0" uid="20910140" lat="21.0343158" lon="105.8162111"/>
 <node id="6557784976" visible="true" version="2" changeset="170647726" timestamp="2025-08-19T04:34:12Z" user="Hung Tran 9x0" uid="20910140" lat="21.0344243" lon="105.8157536"/>
 <node id="6557784979" visible="true" version="2" changeset="170647726" timestamp="2025-08-19T04:34:12Z" user="Hung Tran 9x0" uid="20910140" lat="21.0346624" lon="105.8158184"/>
 <node id="6557784980" visible="true" version="1" changeset="71403015" timestamp="2019-06-19T13:51:59Z" user="TuanIfan" uid="625303" lat="21.0354933" lon="105.8155099"/>
 <node id="6557784981" visible="true" version="1" changeset="71403015" timestamp="2019-06-19T13:51:59Z" user="TuanIfan" uid="625303" lat="21.0353288" lon="105.8154633"/>
 <node id="6557784982" visible="true" version="1" changeset="71403015" timestamp="2019-06-19T13:51:59Z" user="TuanIfan" uid="625303" lat="21.0353867" lon="105.8152285"/>
 <node id="6557784983" visible="true" version="1" changeset="71403015" timestamp="2019-06-19T13:51:59Z" user="TuanIfan" uid="625303" lat="21.0355512" lon="105.8152751"/>
 <node id="6557784984" visible="true" version="3" changeset="169943155" timestamp="2025-08-04T09:24:40Z" user="Tewuzij" uid="16194143" lat="21.0361826" lon="105.8159056">
  <tag k="amenity" v="university"/>
  <tag k="education" v="university"/>
  <tag k="name" v="Đại Học Nguyễn Trãi"/>
 </node>
 <node id="6557784985" visible="true" version="1" changeset="71403015" timestamp="2019-06-19T13:51:59Z" user="TuanIfan" uid="625303" lat="21.0361650" lon="105.8154094">
  <tag k="addr:housenumber" v="1"/>
  <tag k="addr:street" v="Phố Liễu Giai"/>
  <tag k="amenity" v="research_institute"/>
  <tag k="name" v="Viện Hàn lâm Khoa học xã hội Việt Nam"/>
 </node>
 <node id="6557784986" visible="true" version="1" changeset="71403015" timestamp="2019-06-19T13:51:59Z" user="TuanIfan" uid="625303" lat="21.0354954" lon="105.8155891"/>
 <node id="6557784987" visible="true" version="1" changeset="71403015" timestamp="2019-06-19T13:51:59Z" user="TuanIfan" uid="625303" lat="21.0357007" lon="105.8148099"/>
 <node id="6557784988" visible="true" version="1" changeset="71403015" timestamp="2019-06-19T13:51:59Z" user="TuanIfan" uid="625303" lat="21.0366244" lon="105.8150607"/>
 <node id="6557784989" visible="true" version="1" changeset="71403015" timestamp="2019-06-19T13:51:59Z" user="TuanIfan" uid="625303" lat="21.0368297" lon="105.8154054"/>
 <node id="6557784990" visible="true" version="1" changeset="71403015" timestamp="2019-06-19T13:51:59Z" user="TuanIfan" uid="625303" lat="21.0366119" lon="105.8158118"/>
 <node id="6557784991" visible="true" version="1" changeset="71403015" timestamp="2019-06-19T13:51:59Z" user="TuanIfan" uid="625303" lat="21.0363728" lon="105.8157340"/>
 <node id="6557784992" visible="true" version="1" changeset="71403015" timestamp="2019-06-19T13:51:59Z" user="TuanIfan" uid="625303" lat="21.0363691" lon="105.8157890"/>
 <node id="6557784993" visible="true" version="1" changeset="71403015" timestamp="2019-06-19T13:51:59Z" user="TuanIfan" uid="625303" lat="21.0359861" lon="105.8156937"/>
 <node id="6557784994" visible="true" version="1" changeset="71403015" timestamp="2019-06-19T13:51:59Z" user="TuanIfan" uid="625303" lat="21.0358301" lon="105.8156460"/>
 <node id="6557784995" visible="true" version="1" changeset="71403015" timestamp="2019-06-19T13:51:59Z" user="TuanIfan" uid="625303" lat="21.0356965" lon="105.8156091"/>
 <node id="6557784996" visible="true" version="1" changeset="71403015" timestamp="2019-06-19T13:51:59Z" user="TuanIfan" uid="625303" lat="21.0357177" lon="105.8155209"/>
 <node id="6557784997" visible="true" version="1" changeset="71403015" timestamp="2019-06-19T13:51:59Z" user="TuanIfan" uid="625303" lat="21.0358513" lon="105.8155578"/>
 <node id="6557784998" visible="true" version="1" changeset="71403015" timestamp="2019-06-19T13:51:59Z" user="TuanIfan" uid="625303" lat="21.0358517" lon="105.8154592"/>
 <node id="6557784999" visible="true" version="1" changeset="71403015" timestamp="2019-06-19T13:51:59Z" user="TuanIfan" uid="625303" lat="21.0358188" lon="105.8154492"/>
 <node id="6557785000" visible="true" version="1" changeset="71403015" timestamp="2019-06-19T13:51:59Z" user="TuanIfan" uid="625303" lat="21.0358028" lon="105.8155096"/>
 <node id="6557785001" visible="true" version="1" changeset="71403015" timestamp="2019-06-19T13:51:59Z" user="TuanIfan" uid="625303" lat="21.0355797" lon="105.8154417"/>
 <node id="6557785002" visible="true" version="1" changeset="71403015" timestamp="2019-06-19T13:51:59Z" user="TuanIfan" uid="625303" lat="21.0355936" lon="105.8153895"/>
 <node id="6557785003" visible="true" version="1" changeset="71403015" timestamp="2019-06-19T13:51:59Z" user="TuanIfan" uid="625303" lat="21.0355714" lon="105.8153827"/>
 <node id="6557785004" visible="true" version="1" changeset="71403015" timestamp="2019-06-19T13:51:59Z" user="TuanIfan" uid="625303" lat="21.0356760" lon="105.8149884"/>
 <node id="6557785005" visible="true" version="1" changeset="71403015" timestamp="2019-06-19T13:51:59Z" user="TuanIfan" uid="625303" lat="21.0359541" lon="105.8150731"/>
 <node id="6557785006" visible="true" version="1" changeset="71403015" timestamp="2019-06-19T13:51:59Z" user="TuanIfan" uid="625303" lat="21.0359936" lon="105.8153339"/>
 <node id="6557785007" visible="true" version="1" changeset="71403015" timestamp="2019-06-19T13:51:59Z" user="TuanIfan" uid="625303" lat="21.0361313" lon="105.8156924"/>
 <node id="6557785008" visible="true" version="1" changeset="71403015" timestamp="2019-06-19T13:51:59Z" user="TuanIfan" uid="625303" lat="21.0359936" lon="105.8156508"/>
 <node id="6557785009" visible="true" version="1" changeset="71403015" timestamp="2019-06-19T13:51:59Z" user="TuanIfan" uid="625303" lat="21.0359360" lon="105.8155355"/>
 <node id="6557785010" visible="true" version="1" changeset="71403015" timestamp="2019-06-19T13:51:59Z" user="TuanIfan" uid="625303" lat="21.0363077" lon="105.8153994"/>
 <node id="6557785011" visible="true" version="1" changeset="71403015" timestamp="2019-06-19T13:51:59Z" user="TuanIfan" uid="625303" lat="21.0362721" lon="105.8153290"/>
 <node id="6557785012" visible="true" version="1" changeset="71403015" timestamp="2019-06-19T13:51:59Z" user="TuanIfan" uid="625303" lat="21.0363090" lon="105.8151707"/>
 <node id="6557785013" visible="true" version="1" changeset="71403015" timestamp="2019-06-19T13:51:59Z" user="TuanIfan" uid="625303" lat="21.0360912" lon="105.8151050"/>
 <node id="6557785014" visible="true" version="1" changeset="71403015" timestamp="2019-06-19T13:51:59Z" user="TuanIfan" uid="625303" lat="21.0360349" lon="105.8153424"/>
 <node id="6557785015" visible="true" version="1" changeset="71403015" timestamp="2019-06-19T13:51:59Z" user="TuanIfan" uid="625303" lat="21.0361638" lon="105.8156186"/>
 <node id="6557785016" visible="true" version="1" changeset="71403015" timestamp="2019-06-19T13:51:59Z" user="TuanIfan" uid="625303" lat="21.0363829" lon="105.8156897"/>
 <node id="6557785017" visible="true" version="1" changeset="71403015" timestamp="2019-06-19T13:51:59Z" user="TuanIfan" uid="625303" lat="21.0364529" lon="105.8154443"/>
 <node id="6557785018" visible="true" version="1" changeset="71403015" timestamp="2019-06-19T13:51:59Z" user="TuanIfan" uid="625303" lat="21.0363524" lon="105.8158206"/>
 <node id="6557785019" visible="true" version="1" changeset="71403015" timestamp="2019-06-19T13:51:59Z" user="TuanIfan" uid="625303" lat="21.0360296" lon="105.8157237"/>
 <node id="6557785020" visible="true" version="1" changeset="71403015" timestamp="2019-06-19T13:51:59Z" user="TuanIfan" uid="625303" lat="21.0359611" lon="105.8159853"/>
 <node id="6557785021" visible="true" version="1" changeset="71403015" timestamp="2019-06-19T13:51:59Z" user="TuanIfan" uid="625303" lat="21.0362840" lon="105.8160822"/>
 <node id="6557785022" visible="true" version="1" changeset="71403015" timestamp="2019-06-19T13:51:59Z" user="TuanIfan" uid="625303" lat="21.0367609" lon="105.8170375"/>
 <node id="6557785023" visible="true" version="1" changeset="71403015" timestamp="2019-06-19T13:51:59Z" user="TuanIfan" uid="625303" lat="21.0366651" lon="105.8170013"/>
 <node id="6557785024" visible="true" version="1" changeset="71403015" timestamp="2019-06-19T13:51:59Z" user="TuanIfan" uid="625303" lat="21.0365137" lon="105.8168913"/>
 <node id="6557785025" visible="true" version="1" changeset="71403015" timestamp="2019-06-19T13:51:59Z" user="TuanIfan" uid="625303" lat="21.0364892" lon="105.8169289"/>
 <node id="6557785026" visible="true" version="1" changeset="71403015" timestamp="2019-06-19T13:51:59Z" user="TuanIfan" uid="625303" lat="21.0363484" lon="105.8168404"/>
 <node id="6557785027" visible="true" version="1" changeset="71403015" timestamp="2019-06-19T13:51:59Z" user="TuanIfan" uid="625303" lat="21.0364705" lon="105.8165923"/>
 <node id="6557785028" visible="true" version="1" changeset="71403015" timestamp="2019-06-19T13:51:59Z" user="TuanIfan" uid="625303" lat="21.0368748" lon="105.8168457"/>
 <node id="6557785029" visible="true" version="2" changeset="139641241" timestamp="2023-08-09T06:14:59Z" user="ItsLouisAnderson" uid="11691953" lat="21.0369054" lon="105.8158292"/>
 <node id="6557785030" visible="true" version="2" changeset="139641241" timestamp="2023-08-09T06:14:59Z" user="ItsLouisAnderson" uid="11691953" lat="21.0367828" lon="105.8160507"/>
 <node id="6557785031" visible="true" version="2" changeset="139641241" timestamp="2023-08-09T06:14:59Z" user="ItsLouisAnderson" uid="11691953" lat="21.0370730" lon="105.8162350"/>
 <node id="6557785032" visible="true" version="2" changeset="139641241" timestamp="2023-08-09T06:14:59Z" user="ItsLouisAnderson" uid="11691953" lat="21.0371955" lon="105.8160135"/>
 <node id="6557785033" visible="true" version="1" changeset="71403015" timestamp="2019-06-19T13:51:59Z" user="TuanIfan" uid="625303" lat="21.0374593" lon="105.8156522"/>
 <node id="6557785034" visible="true" version="1" changeset="71403015" timestamp="2019-06-19T13:51:59Z" user="TuanIfan" uid="625303" lat="21.0372628" lon="105.8160210"/>
 <node id="6557785035" visible="true" version="1" changeset="71403015" timestamp="2019-06-19T13:51:59Z" user="TuanIfan" uid="625303" lat="21.0368184" lon="105.8157299"/>
 <node id="6557785036" visible="true" version="1" changeset="71403015" timestamp="2019-06-19T13:51:59Z" user="TuanIfan" uid="625303" lat="21.0369261" lon="105.8155341"/>
 <node id="6557785037" visible="true" version="1" changeset="71403015" timestamp="2019-06-19T13:51:59Z" user="TuanIfan" uid="625303" lat="21.0373542" lon="105.8153263"/>
 <node id="6557785038" visible="true" version="1" changeset="71403015" timestamp="2019-06-19T13:51:59Z" user="TuanIfan" uid="625303" lat="21.0375432" lon="105.8153799"/>
 <node id="6557785039" visible="true" version="1" changeset="71403015" timestamp="2019-06-19T13:51:59Z" user="TuanIfan" uid="625303" lat="21.0371727" lon="105.8147643"/>
 <node id="6557785040" visible="true" version="1" changeset="71403015" timestamp="2019-06-19T13:51:59Z" user="TuanIfan" uid="625303" lat="21.0371376" lon="105.8147617"/>
 <node id="6557785041" visible="true" version="1" changeset="71403015" timestamp="2019-06-19T13:51:59Z" user="TuanIfan" uid="625303" lat="21.0370876" lon="105.8147496"/>
 <node id="6557785042" visible="true" version="1" changeset="71403015" timestamp="2019-06-19T13:51:59Z" user="TuanIfan" uid="625303" lat="21.0370125" lon="105.8147268"/>
 <node id="6557785043" visible="true" version="1" changeset="71403015" timestamp="2019-06-19T13:51:59Z" user="TuanIfan" uid="625303" lat="21.0373642" lon="105.8140750"/>
 <node id="6557785044" visible="true" version="1" changeset="71403015" timestamp="2019-06-19T13:51:59Z" user="TuanIfan" uid="625303" lat="21.0375094" lon="105.8141461"/>
 <node id="6557785049" visible="true" version="2" changeset="72112556" timestamp="2019-07-10T21:56:58Z" user="Kaarti_B" uid="9029309" lat="21.0369904" lon="105.8145700"/>
 <node id="6557785050" visible="true" version="2" changeset="72112556" timestamp="2019-07-10T21:56:58Z" user="Kaarti_B" uid="9029309" lat="21.0368938" lon="105.8145500"/>
 <node id="6557785051" visible="true" version="2" changeset="72112556" timestamp="2019-07-10T21:56:58Z" user="Kaarti_B" uid="9029309" lat="21.0369526" lon="105.8142243"/>
 <node id="6557785052" visible="true" version="2" changeset="72112556" timestamp="2019-07-10T21:56:58Z" user="Kaarti_B" uid="9029309" lat="21.0370493" lon="105.8142444"/>
 <node id="6557785053" visible="true" version="2" changeset="72112556" timestamp="2019-07-10T21:56:58Z" user="Kaarti_B" uid="9029309" lat="21.0371342" lon="105.8144887"/>
 <node id="6557785054" visible="true" version="2" changeset="72112556" timestamp="2019-07-10T21:56:58Z" user="Kaarti_B" uid="9029309" lat="21.0370218" lon="105.8144253"/>
 <node id="6557785055" visible="true" version="2" changeset="72112556" timestamp="2019-07-10T21:56:58Z" user="Kaarti_B" uid="9029309" lat="21.0371948" lon="105.8140731"/>
 <node id="6557785056" visible="true" version="2" changeset="72112556" timestamp="2019-07-10T21:56:58Z" user="Kaarti_B" uid="9029309" lat="21.0373073" lon="105.8141365"/>
 <node id="6557785058" visible="true" version="2" changeset="104357035" timestamp="2021-05-08T09:36:29Z" user="vietnam321" uid="11196308" lat="21.0374042" lon="105.8136123"/>
 <node id="6557785061" visible="true" version="3" changeset="174900384" timestamp="2025-11-20T10:46:53Z" user="Trần Thanh Tuấn" uid="16014056" lat="21.0374981" lon="105.8132952"/>
 <node id="6557785064" visible="true" version="5" changeset="174900384" timestamp="2025-11-20T10:46:53Z" user="Trần Thanh Tuấn" uid="16014056" lat="21.0377840" lon="105.8133614"/>
 <node id="6557785079" visible="true" version="1" changeset="71403015" timestamp="2019-06-19T13:51:59Z" user="TuanIfan" uid="625303" lat="21.0379750" lon="105.8137116"/>
 <node id="6557785080" visible="true" version="2" changeset="142217672" timestamp="2023-10-06T06:51:00Z" user="hieuvan" uid="2678766" lat="21.0378875" lon="105.8136753"/>
 <node id="6557785081" visible="true" version="2" changeset="142217672" timestamp="2023-10-06T06:51:00Z" user="hieuvan" uid="2678766" lat="21.0379638" lon="105.8134099"/>
 <node id="6557785082" visible="true" version="2" changeset="142217672" timestamp="2023-10-06T06:51:00Z" user="hieuvan" uid="2678766" lat="21.0380464" lon="105.8133106"/>
 <node id="6557785083" visible="true" version="1" changeset="71403015" timestamp="2019-06-19T13:51:59Z" user="TuanIfan" uid="625303" lat="21.0384557" lon="105.8133870"/>
 <node id="6557785084" visible="true" version="2" changeset="138044685" timestamp="2023-07-03T02:47:32Z" user="vietnam321" uid="11196308" lat="21.0386034" lon="105.8133938"/>
 <node id="6557785085" visible="true" version="2" changeset="138044685" timestamp="2023-07-03T02:47:32Z" user="vietnam321" uid="11196308" lat="21.0386572" lon="105.8139181"/>
 <node id="6557785086" visible="true" version="1" changeset="71403015" timestamp="2019-06-19T13:51:59Z" user="TuanIfan" uid="625303" lat="21.0379782" lon="105.8138846"/>
 <node id="6557785087" visible="true" version="1" changeset="71403015" timestamp="2019-06-19T13:51:59Z" user="TuanIfan" uid="625303" lat="21.0385344" lon="105.8136284"/>
 <node id="6557785088" visible="true" version="1" changeset="71403015" timestamp="2019-06-19T13:51:59Z" user="TuanIfan" uid="625303" lat="21.0385172" lon="105.8138517"/>
 <node id="6557785089" visible="true" version="1" changeset="71403015" timestamp="2019-06-19T13:51:59Z" user="TuanIfan" uid="625303" lat="21.0385857" lon="105.8138578"/>
 <node id="6557785090" visible="true" version="1" changeset="71403015" timestamp="2019-06-19T13:51:59Z" user="TuanIfan" uid="625303" lat="21.0386029" lon="105.8136344"/>
 <node id="6557785091" visible="true" version="1" changeset="71403015" timestamp="2019-06-19T13:51:59Z" user="TuanIfan" uid="625303" lat="21.0383640" lon="105.8136341"/>
 <node id="6557785092" visible="true" version="1" changeset="71403015" timestamp="2019-06-19T13:51:59Z" user="TuanIfan" uid="625303" lat="21.0384193" lon="105.8136380"/>
 <node id="6557785093" visible="true" version="1" changeset="71403015" timestamp="2019-06-19T13:51:59Z" user="TuanIfan" uid="625303" lat="21.0384031" lon="105.8139055"/>
 <node id="6557785094" visible="true" version="1" changeset="71403015" timestamp="2019-06-19T13:51:59Z" user="TuanIfan" uid="625303" lat="21.0379951" lon="105.8138771"/>
 <node id="6557785095" visible="true" version="1" changeset="71403015" timestamp="2019-06-19T13:51:59Z" user="TuanIfan" uid="625303" lat="21.0380082" lon="105.8136619"/>
 <node id="6557785096" visible="true" version="1" changeset="71403015" timestamp="2019-06-19T13:51:59Z" user="TuanIfan" uid="625303" lat="21.0380850" lon="105.8136673"/>
 <node id="6557785097" visible="true" version="1" changeset="71403015" timestamp="2019-06-19T13:51:59Z" user="TuanIfan" uid="625303" lat="21.0380770" lon="105.8137987"/>
 <node id="6557785098" visible="true" version="1" changeset="71403015" timestamp="2019-06-19T13:51:59Z" user="TuanIfan" uid="625303" lat="21.0383308" lon="105.8138164"/>
 <node id="6557785099" visible="true" version="1" changeset="71403015" timestamp="2019-06-19T13:51:59Z" user="TuanIfan" uid="625303" lat="21.0383370" lon="105.8137143"/>
 <node id="6557785100" visible="true" version="1" changeset="71403015" timestamp="2019-06-19T13:51:59Z" user="TuanIfan" uid="625303" lat="21.0382440" lon="105.8137079"/>
 <node id="6557785101" visible="true" version="1" changeset="71403015" timestamp="2019-06-19T13:51:59Z" user="TuanIfan" uid="625303" lat="21.0382497" lon="105.8136149"/>
 <node id="6557785102" visible="true" version="1" changeset="71403015" timestamp="2019-06-19T13:51:59Z" user="TuanIfan" uid="625303" lat="21.0383647" lon="105.8136229"/>
 <node id="6557785103" visible="true" version="1" changeset="71403015" timestamp="2019-06-19T13:51:59Z" user="TuanIfan" uid="625303" lat="21.0384048" lon="105.8133967"/>
 <node id="6557785104" visible="true" version="1" changeset="71403015" timestamp="2019-06-19T13:51:59Z" user="TuanIfan" uid="625303" lat="21.0381835" lon="105.8133812"/>
 <node id="6557785105" visible="true" version="1" changeset="71403015" timestamp="2019-06-19T13:51:59Z" user="TuanIfan" uid="625303" lat="21.0381711" lon="105.8135832"/>
 <node id="6557785106" visible="true" version="1" changeset="71403015" timestamp="2019-06-19T13:51:59Z" user="TuanIfan" uid="625303" lat="21.0383925" lon="105.8135988"/>
 <node id="6557785107" visible="true" version="1" changeset="71403015" timestamp="2019-06-19T13:51:59Z" user="TuanIfan" uid="625303" lat="21.0386248" lon="105.8146100"/>
 <node id="6557785108" visible="true" version="1" changeset="71403015" timestamp="2019-06-19T13:51:59Z" user="TuanIfan" uid="625303" lat="21.0386439" lon="105.8146110"/>
 <node id="6557785109" visible="true" version="1" changeset="71403015" timestamp="2019-06-19T13:51:59Z" user="TuanIfan" uid="625303" lat="21.0386373" lon="105.8147516"/>
 <node id="6557785110" visible="true" version="1" changeset="71403015" timestamp="2019-06-19T13:51:59Z" user="TuanIfan" uid="625303" lat="21.0386240" lon="105.8147509"/>
 <node id="6557785111" visible="true" version="1" changeset="71403015" timestamp="2019-06-19T13:51:59Z" user="TuanIfan" uid="625303" lat="21.0386210" lon="105.8148156"/>
 <node id="6557785112" visible="true" version="1" changeset="71403015" timestamp="2019-06-19T13:51:59Z" user="TuanIfan" uid="625303" lat="21.0382596" lon="105.8147963"/>
 <node id="6557785113" visible="true" version="1" changeset="71403015" timestamp="2019-06-19T13:51:59Z" user="TuanIfan" uid="625303" lat="21.0382631" lon="105.8147219"/>
 <node id="6557785114" visible="true" version="1" changeset="71403015" timestamp="2019-06-19T13:51:59Z" user="TuanIfan" uid="625303" lat="21.0382441" lon="105.8147209"/>
 <node id="6557785115" visible="true" version="1" changeset="71403015" timestamp="2019-06-19T13:51:59Z" user="TuanIfan" uid="625303" lat="21.0382504" lon="105.8145841"/>
 <node id="6557785116" visible="true" version="1" changeset="71403015" timestamp="2019-06-19T13:51:59Z" user="TuanIfan" uid="625303" lat="21.0382687" lon="105.8145851"/>
 <node id="6557785117" visible="true" version="1" changeset="71403015" timestamp="2019-06-19T13:51:59Z" user="TuanIfan" uid="625303" lat="21.0382715" lon="105.8145239"/>
 <node id="6557785118" visible="true" version="1" changeset="71403015" timestamp="2019-06-19T13:51:59Z" user="TuanIfan" uid="625303" lat="21.0386279" lon="105.8145429"/>
 <node id="6557785119" visible="true" version="1" changeset="71403015" timestamp="2019-06-19T13:51:59Z" user="TuanIfan" uid="625303" lat="21.0384507" lon="105.8149829"/>
 <node id="6557785120" visible="true" version="1" changeset="71403015" timestamp="2019-06-19T13:51:59Z" user="TuanIfan" uid="625303" lat="21.0384231" lon="105.8150889"/>
 <node id="6557785121" visible="true" version="1" changeset="71403015" timestamp="2019-06-19T13:51:59Z" user="TuanIfan" uid="625303" lat="21.0383881" lon="105.8150862"/>
 <node id="6557785122" visible="true" version="2" changeset="130815883" timestamp="2023-01-03T08:25:40Z" user="ItsLouisAnderson" uid="11691953" lat="21.0383481" lon="105.8152592"/>
 <node id="6557785124" visible="true" version="1" changeset="71403015" timestamp="2019-06-19T13:51:59Z" user="TuanIfan" uid="625303" lat="21.0411931" lon="105.8136968"/>
 <node id="6557785125" visible="true" version="1" changeset="71403015" timestamp="2019-06-19T13:51:59Z" user="TuanIfan" uid="625303" lat="21.0410868" lon="105.8137853"/>
 <node id="6557785126" visible="true" version="1" changeset="71403015" timestamp="2019-06-19T13:51:59Z" user="TuanIfan" uid="625303" lat="21.0410041" lon="105.8141179"/>
 <node id="6557785127" visible="true" version="2" changeset="147412688" timestamp="2024-02-13T14:54:51Z" user="vietnam321" uid="11196308" lat="21.0413469" lon="105.8141897"/>
 <node id="6557785128" visible="true" version="2" changeset="147412688" timestamp="2024-02-13T14:54:51Z" user="vietnam321" uid="11196308" lat="21.0408889" lon="105.8158976"/>
 <node id="6557785129" visible="true" version="2" changeset="144169159" timestamp="2023-11-18T10:48:47Z" user="vietnam321" uid="11196308" lat="21.0391316" lon="105.8153639"/>
 <node id="6557785130" visible="true" version="2" changeset="144169159" timestamp="2023-11-18T10:48:47Z" user="vietnam321" uid="11196308" lat="21.0392230" lon="105.8149347"/>
 <node id="6557785131" visible="true" version="2" changeset="144169159" timestamp="2023-11-18T10:48:47Z" user="vietnam321" uid="11196308" lat="21.0393983" lon="105.8149507"/>
 <node id="6557785132" visible="true" version="1" changeset="71403015" timestamp="2019-06-19T13:51:59Z" user="TuanIfan" uid="625303" lat="21.0393607" lon="105.8146396"/>
 <node id="6557785133" visible="true" version="2" changeset="144169159" timestamp="2023-11-18T10:48:47Z" user="vietnam321" uid="11196308" lat="21.0394433" lon="105.8140978"/>
 <node id="6557785134" visible="true" version="1" changeset="71403015" timestamp="2019-06-19T13:51:59Z" user="TuanIfan" uid="625303" lat="21.0396661" lon="105.8141112"/>
 <node id="6557785135" visible="true" version="1" changeset="71403015" timestamp="2019-06-19T13:51:59Z" user="TuanIfan" uid="625303" lat="21.0396836" lon="105.8140187"/>
 <node id="6557785136" visible="true" version="1" changeset="71403015" timestamp="2019-06-19T13:51:59Z" user="TuanIfan" uid="625303" lat="21.0398000" lon="105.8140428"/>
 <node id="6557785137" visible="true" version="1" changeset="71403015" timestamp="2019-06-19T13:51:59Z" user="TuanIfan" uid="625303" lat="21.0398413" lon="105.8136754"/>
 <node id="6557785138" visible="true" version="1" changeset="71403015" timestamp="2019-06-19T13:51:59Z" user="TuanIfan" uid="625303" lat="21.0398989" lon="105.8134165"/>
 <node id="6557785139" visible="true" version="1" changeset="71403015" timestamp="2019-06-19T13:51:59Z" user="TuanIfan" uid="625303" lat="21.0401818" lon="105.8131939"/>
 <node id="6557785140" visible="true" version="1" changeset="71403015" timestamp="2019-06-19T13:51:59Z" user="TuanIfan" uid="625303" lat="21.0407976" lon="105.8133361"/>
 <node id="6557785169" visible="true" version="1" changeset="71403015" timestamp="2019-06-19T13:51:59Z" user="TuanIfan" uid="625303" lat="21.0408564" lon="105.8134729"/>
 <node id="6557785170" visible="true" version="1" changeset="71403015" timestamp="2019-06-19T13:51:59Z" user="TuanIfan" uid="625303" lat="21.0410930" lon="105.8135104"/>
 <node id="6601147169" visible="true" version="2" changeset="72072229" timestamp="2019-07-09T22:31:28Z" user="ReedtheRiver" uid="9965337" lat="21.0354459" lon="105.8166305">
  <tag k="addr:housenumber" v="105"/>
  <tag k="addr:street" v="Ngõ 260 Đội Cấn"/>
 </node>
 <node id="6601147170" visible="true" version="3" changeset="141638202" timestamp="2023-09-23T10:35:22Z" user="vietnam321" uid="11196308" lat="21.0357418" lon="105.8143759">
  <tag k="crossing" v="uncontrolled"/>
  <tag k="highway" v="crossing"/>
 </node>
 <node id="6601147171" visible="true" version="2" changeset="72071774" timestamp="2019-07-09T22:02:51Z" user="ReedtheRiver" uid="9965337" lat="21.0346623" lon="105.8146269">
  <tag k="addr:housenumber" v="3"/>
  <tag k="addr:street" v="Ngõ 19 Liễu Giai"/>
 </node>
 <node id="6601147172" visible="true" version="2" changeset="72071774" timestamp="2019-07-09T22:02:51Z" user="ReedtheRiver" uid="9965337" lat="21.0346154" lon="105.8148341">
  <tag k="addr:housenumber" v="7"/>
  <tag k="addr:street" v="Ngõ 19 Liễu Giai"/>
 </node>
 <node id="6601147173" visible="true" version="2" changeset="72071774" timestamp="2019-07-09T22:02:51Z" user="ReedtheRiver" uid="9965337" lat="21.0345722" lon="105.8150768">
  <tag k="addr:housenumber" v="15"/>
  <tag k="addr:street" v="Ngõ 19 Liễu Giai"/>
 </node>
 <node id="6601147174" visible="true" version="2" changeset="72071774" timestamp="2019-07-09T22:02:51Z" user="ReedtheRiver" uid="9965337" lat="21.0345240" lon="105.8153839">
  <tag k="addr:housenumber" v="27"/>
  <tag k="addr:street" v="Ngõ 19 Liễu Giai"/>
 </node>
 <node id="6601188878" visible="true" version="2" changeset="72097047" timestamp="2019-07-10T14:06:49Z" user="ReedtheRiver" uid="9965337" lat="21.0347550" lon="105.8163945">
  <tag k="addr:housenumber" v="37"/>
  <tag k="fixme" v="addr:street"/>
 </node>
 <node id="6601291078" visible="true" version="1" changeset="72072433" timestamp="2019-07-09T22:44:49Z" user="ReedtheRiver" uid="9965337" lat="21.0352275" lon="105.8146369">
  <tag k="addr:housenumber" v="7"/>
  <tag k="addr:street" v="Phố Liễu Giai"/>
 </node>
 <node id="6601292393" visible="true" version="1" changeset="72072229" timestamp="2019-07-09T22:31:28Z" user="ReedtheRiver" uid="9965337" lat="21.0350385" lon="105.8164897">
  <tag k="addr:housenumber" v="32"/>
  <tag k="addr:street" v="Ngõ 260 Đội Cấn"/>
 </node>
 <node id="6601294653" visible="true" version="1" changeset="72072299" timestamp="2019-07-09T22:36:49Z" user="ReedtheRiver" uid="9965337" lat="21.0350923" lon="105.8146074">
  <tag k="addr:housenumber" v="9"/>
  <tag k="addr:street" v="Phố Liễu Giai"/>
 </node>
 <node id="6601294654" visible="true" version="1" changeset="72072299" timestamp="2019-07-09T22:36:49Z" user="ReedtheRiver" uid="9965337" lat="21.0348514" lon="105.8145484">
  <tag k="addr:housenumber" v="13"/>
  <tag k="addr:street" v="Phố Liễu Giai"/>
 </node>
 <node id="6601294655" visible="true" version="1" changeset="72072299" timestamp="2019-07-09T22:36:49Z" user="ReedtheRiver" uid="9965337" lat="21.0347825" lon="105.8145263">
  <tag k="addr:housenumber" v="15"/>
  <tag k="addr:street" v="Phố Liễu Giai"/>
 </node>
 <node id="6602972579" visible="true" version="3" changeset="128816583" timestamp="2022-11-12T15:07:14Z" user="ItsLouisAnderson" uid="11691953" lat="21.0340983" lon="105.8138608"/>
 <node id="6602972580" visible="true" version="3" changeset="130815883" timestamp="2023-01-03T08:25:40Z" user="ItsLouisAnderson" uid="11691953" lat="21.0339679" lon="105.8143127"/>
 <node id="6602972581" visible="true" version="7" changeset="152690442" timestamp="2024-06-14T17:19:25Z" user="Equate" uid="12945167" lat="21.0340086" lon="105.8141717">
  <tag k="button_operated" v="no"/>
  <tag k="crossing" v="traffic_signals"/>
  <tag k="highway" v="crossing"/>
  <tag k="traffic_signals:sound" v="no"/>
  <tag k="traffic_signals:vibration" v="no"/>
 </node>
 <node id="6602972582" visible="true" version="6" changeset="175693963" timestamp="2025-12-09T03:29:48Z" user="Hung Tran 9x0" uid="20910140" lat="21.0340671" lon="105.8139652">
  <tag k="button_operated" v="no"/>
  <tag k="crossing" v="traffic_signals"/>
  <tag k="highway" v="traffic_signals"/>
  <tag k="traffic_signals" v="traffic_lights"/>
  <tag k="traffic_signals:direction" v="forward"/>
 </node>
 <node id="6603023187" visible="true" version="2" changeset="154759121" timestamp="2024-08-03T05:09:40Z" user="openmap-vn" uid="21213273" lat="21.0332968" lon="105.8169972">
  <tag k="crossing" v="uncontrolled"/>
  <tag k="highway" v="crossing"/>
 </node>
 <node id="6603125164" visible="true" version="1" changeset="72099664" timestamp="2019-07-10T15:06:02Z" user="ReedtheRiver" uid="9965337" lat="21.0350936" lon="105.8176048">
  <tag k="addr:housenumber" v="26"/>
  <tag k="addr:street" v="Phố Vạn Bảo"/>
 </node>
 <node id="6603125165" visible="true" version="1" changeset="72099664" timestamp="2019-07-10T15:06:02Z" user="ReedtheRiver" uid="9965337" lat="21.0351449" lon="105.8176256">
  <tag k="addr:housenumber" v="22"/>
  <tag k="addr:street" v="Phố Vạn Bảo"/>
 </node>
 <node id="6603125166" visible="true" version="1" changeset="72099664" timestamp="2019-07-10T15:06:02Z" user="ReedtheRiver" uid="9965337" lat="21.0352795" lon="105.8177443">
  <tag k="addr:housenumber" v="11"/>
  <tag k="addr:street" v="Phố Vạn Bảo"/>
 </node>
 <node id="6603125167" visible="true" version="2" changeset="152985266" timestamp="2024-06-21T10:04:02Z" user="openmap-vn" uid="21213273" lat="21.0350133" lon="105.8179364"/>
 <node id="6603125168" visible="true" version="2" changeset="152985266" timestamp="2024-06-21T10:04:02Z" user="openmap-vn" uid="21213273" lat="21.0351150" lon="105.8176702"/>
 <node id="6603125169" visible="true" version="3" changeset="152985266" timestamp="2024-06-21T10:04:02Z" user="openmap-vn" uid="21213273" lat="21.0344809" lon="105.8177623"/>
 <node id="6603125170" visible="true" version="2" changeset="118725320" timestamp="2022-03-21T08:55:11Z" user="Samm_1" uid="14386623" lat="21.0345912" lon="105.8174325"/>
 <node id="6603139954" visible="true" version="3" changeset="154759121" timestamp="2024-08-03T05:09:40Z" user="openmap-vn" uid="21213273" lat="21.0334583" lon="105.8170442"/>
 <node id="6603230804" visible="true" version="1" changeset="72101414" timestamp="2019-07-10T15:55:37Z" user="ReedtheRiver" uid="9965337" lat="21.0359541" lon="105.8172092">
  <tag k="addr:housenumber" v="343"/>
  <tag k="addr:street" v="Phố Đội Cấn"/>
 </node>
 <node id="6603230805" visible="true" version="2" changeset="138404294" timestamp="2023-07-12T04:56:33Z" user="Grab_Cong" uid="18820325" lat="21.0360714" lon="105.8175319"/>
 <node id="6603230806" visible="true" version="3" changeset="149121749" timestamp="2024-03-25T09:37:19Z" user="openmap-vn" uid="21213273" lat="21.0358353" lon="105.8173415"/>
 <node id="6603230807" visible="true" version="1" changeset="72101414" timestamp="2019-07-10T15:55:37Z" user="ReedtheRiver" uid="9965337" lat="21.0357989" lon="105.8175129">
  <tag k="addr:housenumber" v="337"/>
  <tag k="addr:street" v="Phố Đội Cấn"/>
 </node>
 <node id="6603248985" visible="true" version="1" changeset="72101076" timestamp="2019-07-10T15:45:01Z" user="ReedtheRiver" uid="9965337" lat="21.0347299" lon="105.8175324">
  <tag k="addr:housenumber" v="23"/>
  <tag k="addr:street" v="Phố Vạn Bảo"/>
 </node>
 <node id="6603248986" visible="true" version="1" changeset="72101076" timestamp="2019-07-10T15:45:01Z" user="ReedtheRiver" uid="9965337" lat="21.0346561" lon="105.8175022">
  <tag k="addr:housenumber" v="25"/>
  <tag k="addr:street" v="Phố Vạn Bảo"/>
 </node>
 <node id="6603248987" visible="true" version="1" changeset="72101076" timestamp="2019-07-10T15:45:01Z" user="ReedtheRiver" uid="9965337" lat="21.0345766" lon="105.8174259"/>
 <node id="6603248988" visible="true" version="2" changeset="152985266" timestamp="2024-06-21T10:04:02Z" user="openmap-vn" uid="21213273" lat="21.0344644" lon="105.8177552"/>
 <node id="6603270364" visible="true" version="5" changeset="154188821" timestamp="2024-07-20T17:19:07Z" user="logus2" uid="21611817" lat="21.0355367" lon="105.8177175">
  <tag k="addr:country" v="VN"/>
  <tag k="addr:district" v="Quận Ba Đình"/>
  <tag k="addr:housenumber" v="258;220"/>
  <tag k="addr:street" v="Phố Đội Cấn;Đội Cấn"/>
  <tag k="amenity" v="atm"/>
  <tag k="brand" v="BIDV"/>
  <tag k="brand:wikidata" v="Q1003180"/>
  <tag k="name" v="BIDV"/>
  <tag k="official_name" v="Ngân hàng Đầu tư và Phát triển Việt Nam"/>
  <tag k="official_name:en" v="Bank for Investment and Development of Vietnam"/>
  <tag k="official_name:vi" v="Ngân hàng Đầu tư và Phát triển Việt Nam"/>
  <tag k="operator" v="BIDV"/>
  <tag k="operator:wikidata" v="Q1003180"/>
 </node>
 <node id="6603270365" visible="true" version="1" changeset="72102348" timestamp="2019-07-10T16:23:52Z" user="ReedtheRiver" uid="9965337" lat="21.0353787" lon="105.8177242">
  <tag k="addr:housenumber" v="4"/>
  <tag k="addr:street" v="Phố Vạn Bảo"/>
 </node>
 <node id="6603270366" visible="true" version="1" changeset="72102348" timestamp="2019-07-10T16:23:52Z" user="ReedtheRiver" uid="9965337" lat="21.0352541" lon="105.8176712">
  <tag k="addr:housenumber" v="14"/>
  <tag k="addr:street" v="Phố Vạn Bảo"/>
 </node>
 <node id="6603270367" visible="true" version="1" changeset="72102348" timestamp="2019-07-10T16:23:52Z" user="ReedtheRiver" uid="9965337" lat="21.0348257" lon="105.8174928">
  <tag k="addr:housenumber" v="30"/>
  <tag k="addr:street" v="Phố Vạn Bảo"/>
 </node>
 <node id="6603270370" visible="true" version="2" changeset="152985266" timestamp="2024-06-21T10:04:02Z" user="openmap-vn" uid="21213273" lat="21.0343218" lon="105.8173253"/>
 <node id="6610900668" visible="true" version="3" changeset="154759169" timestamp="2024-08-03T05:13:45Z" user="openmap-vn" uid="21213273" lat="21.0352888" lon="105.8203401"/>
 <node id="6641615017" visible="true" version="2" changeset="72617520" timestamp="2019-07-24T20:00:04Z" user="nutchayahongvilai" uid="10028134" lat="21.0354049" lon="105.8188505">
  <tag k="crossing" v="uncontrolled"/>
  <tag k="highway" v="crossing"/>
 </node>
 <node id="6641988472" visible="true" version="2" changeset="149122406" timestamp="2024-03-25T09:54:13Z" user="openmap-vn" uid="21213273" lat="21.0356276" lon="105.8177397"/>
 <node id="6641988476" visible="true" version="1" changeset="72578415" timestamp="2019-07-23T23:49:44Z" user="nutchayahongvilai" uid="10028134" lat="21.0354453" lon="105.8189192">
  <tag k="access" v="permissive"/>
  <tag k="barrier" v="gate"/>
 </node>
 <node id="6641988477" visible="true" version="1" changeset="72578415" timestamp="2019-07-23T23:49:44Z" user="nutchayahongvilai" uid="10028134" lat="21.0355692" lon="105.8191484"/>
 <node id="6641988478" visible="true" version="1" changeset="72578415" timestamp="2019-07-23T23:49:44Z" user="nutchayahongvilai" uid="10028134" lat="21.0355817" lon="105.8189298"/>
 <node id="6641988479" visible="true" version="2" changeset="72616115" timestamp="2019-07-24T19:05:33Z" user="nutchayahongvilai" uid="10028134" lat="21.0353979" lon="105.8189158"/>
 <node id="6642019894" visible="true" version="2" changeset="72616115" timestamp="2019-07-24T19:05:33Z" user="nutchayahongvilai" uid="10028134" lat="21.0353752" lon="105.8191552"/>
 <node id="6642019895" visible="true" version="2" changeset="116177107" timestamp="2022-01-15T10:25:13Z" user="vietnam321" uid="11196308" lat="21.0353846" lon="105.8186340">
  <tag k="access" v="permissive"/>
  <tag k="barrier" v="gate"/>
 </node>
 <node id="6642019896" visible="true" version="2" changeset="72578999" timestamp="2019-07-23T23:50:56Z" user="nutchayahongvilai" uid="10028134" lat="21.0352432" lon="105.8186314"/>
 <node id="6642019897" visible="true" version="3" changeset="154759169" timestamp="2024-08-03T05:13:45Z" user="openmap-vn" uid="21213273" lat="21.0354238" lon="105.8186329"/>
 <node id="6642019898" visible="true" version="1" changeset="72578415" timestamp="2019-07-23T23:49:44Z" user="nutchayahongvilai" uid="10028134" lat="21.0352519" lon="105.8184175"/>
 <node id="6642019899" visible="true" version="2" changeset="154759169" timestamp="2024-08-03T05:13:45Z" user="openmap-vn" uid="21213273" lat="21.0354470" lon="105.8184250"/>
 <node id="6642019900" visible="true" version="2" changeset="149138558" timestamp="2024-03-25T16:09:25Z" user="openmap-vn" uid="21213273" lat="21.0352782" lon="105.8181439"/>
 <node id="6642019901" visible="true" version="2" changeset="149138558" timestamp="2024-03-25T16:09:25Z" user="openmap-vn" uid="21213273" lat="21.0354914" lon="105.8181934"/>
 <node id="6642019902" visible="true" version="1" changeset="72578415" timestamp="2019-07-23T23:49:44Z" user="nutchayahongvilai" uid="10028134" lat="21.0352723" lon="105.8173456"/>
 <node id="6642019903" visible="true" version="1" changeset="72578415" timestamp="2019-07-23T23:49:44Z" user="nutchayahongvilai" uid="10028134" lat="21.0356958" lon="105.8176082"/>
 <node id="6642019904" visible="true" version="1" changeset="72578415" timestamp="2019-07-23T23:49:44Z" user="nutchayahongvilai" uid="10028134" lat="21.0357041" lon="105.8171475"/>
 <node id="6642019905" visible="true" version="1" changeset="72578415" timestamp="2019-07-23T23:49:44Z" user="nutchayahongvilai" uid="10028134" lat="21.0358851" lon="105.8172500"/>
 <node id="6642019906" visible="true" version="1" changeset="72578415" timestamp="2019-07-23T23:49:44Z" user="nutchayahongvilai" uid="10028134" lat="21.0358318" lon="105.8169799"/>
 <node id="6642019907" visible="true" version="1" changeset="72578415" timestamp="2019-07-23T23:49:44Z" user="nutchayahongvilai" uid="10028134" lat="21.0359842" lon="105.8170630"/>
 <node id="6642019908" visible="true" version="2" changeset="118442130" timestamp="2022-03-13T18:58:29Z" user="hoangcaominh" uid="15182089" lat="21.0353539" lon="105.8194609">
  <tag k="crossing" v="uncontrolled"/>
  <tag k="crossing:island" v="no"/>
  <tag k="highway" v="crossing"/>
 </node>
 <node id="6644148835" visible="true" version="3" changeset="116177107" timestamp="2022-01-15T10:25:13Z" user="vietnam321" uid="11196308" lat="21.0353421" lon="105.8191524">
  <tag k="access" v="permissive"/>
  <tag k="barrier" v="gate"/>
 </node>
 <node id="6644148836" visible="true" version="1" changeset="72609809" timestamp="2019-07-24T16:00:05Z" user="nutchayahongvilai" uid="10028134" lat="21.0356657" lon="105.8175895">
  <tag k="access" v="permissive"/>
  <tag k="barrier" v="gate"/>
 </node>
 <node id="6644148837" visible="true" version="1" changeset="72609809" timestamp="2019-07-24T16:00:05Z" user="nutchayahongvilai" uid="10028134" lat="21.0361760" lon="105.8166494">
  <tag k="access" v="permissive"/>
  <tag k="barrier" v="gate"/>
 </node>
 <node id="6644148842" visible="true" version="2" changeset="152985266" timestamp="2024-06-21T10:04:02Z" user="openmap-vn" uid="21213273" lat="21.0353383" lon="105.8197016"/>
 <node id="6644566941" visible="true" version="1" changeset="72616115" timestamp="2019-07-24T19:05:33Z" user="nutchayahongvilai" uid="10028134" lat="21.0353638" lon="105.8192885"/>
 <node id="6998062321" visible="true" version="2" changeset="152973382" timestamp="2024-06-21T03:46:03Z" user="openmap-vn" uid="21213273" lat="21.0353541" lon="105.8133491"/>
 <node id="7056059372" visible="true" version="4" changeset="168946648" timestamp="2025-07-15T06:20:23Z" user="Tewuzij" uid="16194143" lat="21.0369100" lon="105.8145600">
  <tag k="addr:city" v="Ha Noi"/>
  <tag k="addr:country" v="VN"/>
  <tag k="addr:district" v="Quận Ba Đình"/>
  <tag k="addr:housename" v="Tid Centre"/>
  <tag k="addr:housenumber" v="4"/>
  <tag k="addr:street" v="Liễu Giai"/>
  <tag k="addr:subdistrict" v="Cống Vị"/>
  <tag k="amenity" v="bank"/>
  <tag k="atm" v="yes"/>
  <tag k="branch" v="Liễu Giai"/>
  <tag k="brand" v="VIB"/>
  <tag k="brand:wikidata" v="Q49054349"/>
  <tag k="name" v="VIB"/>
 </node>
 <node id="7113898085" visible="true" version="2" changeset="94708340" timestamp="2020-11-24T13:03:38Z" user="rouelibre1" uid="10901304" lat="21.0377190" lon="105.8153608">
  <tag k="addr:housenumber" v="127"/>
  <tag k="addr:street" v="Đường Văn Cao"/>
  <tag k="amenity" v="cafe"/>
  <tag k="cuisine" v="tea;cake;coffee_shop"/>
  <tag k="diet:vegan" v="yes"/>
  <tag k="name" v="Soya Garden"/>
  <tag k="opening_hours" v="Mo-Su 08:00-23:00"/>
 </node>
 <node id="7236629785" visible="true" version="1" changeset="81365057" timestamp="2020-02-23T12:08:23Z" user="Karol Stanczyk" uid="10240060" lat="21.0383767" lon="105.8151570">
  <tag k="name:en" v="Viettel Shop"/>
  <tag k="name:pl" v="Viettel Sklep"/>
  <tag k="office" v="telecommunication"/>
  <tag k="opening_hours" v="Mo-Su 08:00-20:00"/>
 </node>
 <node id="7771967154" visible="true" version="4" changeset="168253506" timestamp="2025-06-29T07:35:47Z" user="Tewuzij" uid="16194143" lat="21.0339222" lon="105.8140112"/>
 <node id="7771969339" visible="true" version="3" changeset="168253506" timestamp="2025-06-29T07:35:47Z" user="Tewuzij" uid="16194143" lat="21.0371265" lon="105.8150177"/>
 <node id="8195693714" visible="true" version="1" changeset="95322215" timestamp="2020-12-05T04:01:18Z" user="vietnam321" uid="11196308" lat="21.0406777" lon="105.8116915"/>
 <node id="8195693715" visible="true" version="1" changeset="95322215" timestamp="2020-12-05T04:01:18Z" user="vietnam321" uid="11196308" lat="21.0395576" lon="105.8111822"/>
 <node id="8195693716" visible="true" version="1" changeset="95322215" timestamp="2020-12-05T04:01:18Z" user="vietnam321" uid="11196308" lat="21.0395159" lon="105.8115055"/>
 <node id="8195697317" visible="true" version="2" changeset="104365129" timestamp="2021-05-08T13:17:34Z" user="vietnam321" uid="11196308" lat="21.0393280" lon="105.8114839"/>
 <node id="8195697318" visible="true" version="1" changeset="95322215" timestamp="2020-12-05T04:01:18Z" user="vietnam321" uid="11196308" lat="21.0409882" lon="105.8117393"/>
 <node id="8195697319" visible="true" version="1" changeset="95322215" timestamp="2020-12-05T04:01:18Z" user="vietnam321" uid="11196308" lat="21.0408792" lon="105.8125596"/>
 <node id="8195697320" visible="true" version="1" changeset="95322215" timestamp="2020-12-05T04:01:18Z" user="vietnam321" uid="11196308" lat="21.0406595" lon="105.8125273"/>
 <node id="8299505951" visible="true" version="2" changeset="152985266" timestamp="2024-06-21T10:04:02Z" user="openmap-vn" uid="21213273" lat="21.0390340" lon="105.8170892"/>
 <node id="8299505952" visible="true" version="2" changeset="152985266" timestamp="2024-06-21T10:04:02Z" user="openmap-vn" uid="21213273" lat="21.0394783" lon="105.8171669"/>
 <node id="8299505955" visible="true" version="1" changeset="97100985" timestamp="2021-01-07T10:14:43Z" user="thevivotran" uid="8955765" lat="21.0392739" lon="105.8128393"/>
 <node id="8299505956" visible="true" version="3" changeset="146162630" timestamp="2024-01-12T01:04:53Z" user="phoenixsaigon1698" uid="3323343" lat="21.0392290" lon="105.8131518"/>
 <node id="8299505961" visible="true" version="3" changeset="146162630" timestamp="2024-01-12T01:04:53Z" user="phoenixsaigon1698" uid="3323343" lat="21.0391527" lon="105.8131484"/>
 <node id="8299505962" visible="true" version="3" changeset="146162630" timestamp="2024-01-12T01:04:53Z" user="phoenixsaigon1698" uid="3323343" lat="21.0391337" lon="105.8132395"/>
 <node id="8299505963" visible="true" version="3" changeset="176789995" timestamp="2026-01-03T16:55:47Z" user="Hung Tran 9x0" uid="20910140" lat="21.0388393" lon="105.8132547"/>
 <node id="8299505967" visible="true" version="3" changeset="176789995" timestamp="2026-01-03T16:55:47Z" user="Hung Tran 9x0" uid="20910140" lat="21.0388349" lon="105.8133091"/>
 <node id="8299505968" visible="true" version="2" changeset="176789995" timestamp="2026-01-03T16:55:47Z" user="Hung Tran 9x0" uid="20910140" lat="21.0390680" lon="105.8142229"/>
 <node id="8299505969" visible="true" version="2" changeset="176789995" timestamp="2026-01-03T16:55:47Z" user="Hung Tran 9x0" uid="20910140" lat="21.0390688" lon="105.8141870"/>
 <node id="8299505970" visible="true" version="2" changeset="176789995" timestamp="2026-01-03T16:55:47Z" user="Hung Tran 9x0" uid="20910140" lat="21.0390170" lon="105.8141835"/>
 <node id="8299505971" visible="true" version="1" changeset="97100985" timestamp="2021-01-07T10:14:43Z" user="thevivotran" uid="8955765" lat="21.0388385" lon="105.8141752"/>
 <node id="8299505972" visible="true" version="3" changeset="176789995" timestamp="2026-01-03T16:55:47Z" user="Hung Tran 9x0" uid="20910140" lat="21.0388128" lon="105.8143945"/>
 <node id="8299505973" visible="true" version="2" changeset="176789995" timestamp="2026-01-03T16:55:47Z" user="Hung Tran 9x0" uid="20910140" lat="21.0388160" lon="105.8138983"/>
 <node id="8299505974" visible="true" version="2" changeset="176789995" timestamp="2026-01-03T16:55:47Z" user="Hung Tran 9x0" uid="20910140" lat="21.0389996" lon="105.8144035"/>
 <node id="8299505977" visible="true" version="2" changeset="176789995" timestamp="2026-01-03T16:55:47Z" user="Hung Tran 9x0" uid="20910140" lat="21.0390617" lon="105.8139013"/>
 <node id="8299505981" visible="true" version="3" changeset="176789995" timestamp="2026-01-03T16:55:47Z" user="Hung Tran 9x0" uid="20910140" lat="21.0385023" lon="105.8132180"/>
 <node id="8299505982" visible="true" version="3" changeset="176789995" timestamp="2026-01-03T16:55:47Z" user="Hung Tran 9x0" uid="20910140" lat="21.0384974" lon="105.8133339"/>
 <node id="8299505985" visible="true" version="3" changeset="139386210" timestamp="2023-08-03T10:24:16Z" user="MihaiBenta94" uid="13683531" lat="21.0384758" lon="105.8179884">
  <tag k="noexit" v="yes"/>
 </node>
 <node id="8299505986" visible="true" version="1" changeset="97100985" timestamp="2021-01-07T10:14:43Z" user="thevivotran" uid="8955765" lat="21.0384945" lon="105.8182982"/>
 <node id="8299505987" visible="true" version="1" changeset="97100985" timestamp="2021-01-07T10:14:43Z" user="thevivotran" uid="8955765" lat="21.0387800" lon="105.8182619"/>
 <node id="8299505988" visible="true" version="2" changeset="108358055" timestamp="2021-07-21T09:56:32Z" user="clw92" uid="3552673" lat="21.0388023" lon="105.8179602"/>
 <node id="8299505989" visible="true" version="4" changeset="152985266" timestamp="2024-06-21T10:04:02Z" user="openmap-vn" uid="21213273" lat="21.0387614" lon="105.8175277"/>
 <node id="8299505990" visible="true" version="4" changeset="152985266" timestamp="2024-06-21T10:04:02Z" user="openmap-vn" uid="21213273" lat="21.0387012" lon="105.8179600"/>
 <node id="8299505992" visible="true" version="3" changeset="152985266" timestamp="2024-06-21T10:04:02Z" user="openmap-vn" uid="21213273" lat="21.0384421" lon="105.8179224"/>
 <node id="8299505993" visible="true" version="4" changeset="152985266" timestamp="2024-06-21T10:04:02Z" user="openmap-vn" uid="21213273" lat="21.0385185" lon="105.8174893"/>
 <node id="8299505994" visible="true" version="3" changeset="152985266" timestamp="2024-06-21T10:04:02Z" user="openmap-vn" uid="21213273" lat="21.0389747" lon="105.8173920"/>
 <node id="8341563835" visible="true" version="1" changeset="97828324" timestamp="2021-01-20T10:14:57Z" user="kavya_12" uid="11674872" lat="21.0366169" lon="105.8138363"/>
 <node id="8341563836" visible="true" version="1" changeset="97828324" timestamp="2021-01-20T10:14:57Z" user="kavya_12" uid="11674872" lat="21.0366357" lon="105.8138537"/>
 <node id="8341563837" visible="true" version="1" changeset="97828324" timestamp="2021-01-20T10:14:57Z" user="kavya_12" uid="11674872" lat="21.0366532" lon="105.8138685"/>
 <node id="8341563838" visible="true" version="2" changeset="152985266" timestamp="2024-06-21T10:04:02Z" user="openmap-vn" uid="21213273" lat="21.0368779" lon="105.8139060"/>
 <node id="8341563839" visible="true" version="3" changeset="152985266" timestamp="2024-06-21T10:04:02Z" user="openmap-vn" uid="21213273" lat="21.0370669" lon="105.8139537"/>
 <node id="8711803409" visible="true" version="3" changeset="174900384" timestamp="2025-11-20T10:46:53Z" user="Trần Thanh Tuấn" uid="16014056" lat="21.0374449" lon="105.8136284"/>
 <node id="8711812323" visible="true" version="3" changeset="174900384" timestamp="2025-11-20T10:46:53Z" user="Trần Thanh Tuấn" uid="16014056" lat="21.0376829" lon="105.8136917"/>
 <node id="8712159401" visible="true" version="1" changeset="104365129" timestamp="2021-05-08T13:17:34Z" user="vietnam321" uid="11196308" lat="21.0392027" lon="105.8122428"/>
 <node id="8712171625" visible="true" version="1" changeset="104365129" timestamp="2021-05-08T13:17:34Z" user="vietnam321" uid="11196308" lat="21.0392257" lon="105.8120392"/>
 <node id="8712171646" visible="true" version="1" changeset="104365129" timestamp="2021-05-08T13:17:34Z" user="vietnam321" uid="11196308" lat="21.0394724" lon="105.8122778"/>
 <node id="8712171666" visible="true" version="1" changeset="104365129" timestamp="2021-05-08T13:17:34Z" user="vietnam321" uid="11196308" lat="21.0394954" lon="105.8120741"/>
 <node id="8713639657" visible="true" version="1" changeset="104383686" timestamp="2021-05-09T04:04:13Z" user="vietnam321" uid="11196308" lat="21.0337849" lon="105.8187916"/>
 <node id="8713639663" visible="true" version="2" changeset="116177107" timestamp="2022-01-15T10:25:13Z" user="vietnam321" uid="11196308" lat="21.0353907" lon="105.8185918"/>
 <node id="8713639692" visible="true" version="1" changeset="104383686" timestamp="2021-05-09T04:04:13Z" user="vietnam321" uid="11196308" lat="21.0338103" lon="105.8185678"/>
 <node id="8713639698" visible="true" version="1" changeset="104383686" timestamp="2021-05-09T04:04:13Z" user="vietnam321" uid="11196308" lat="21.0332425" lon="105.8188175"/>
 <node id="8713639704" visible="true" version="1" changeset="104383686" timestamp="2021-05-09T04:04:13Z" user="vietnam321" uid="11196308" lat="21.0348837" lon="105.8186057"/>
 <node id="8713639710" visible="true" version="1" changeset="104383686" timestamp="2021-05-09T04:04:13Z" user="vietnam321" uid="11196308" lat="21.0348085" lon="105.8185080"/>
 <node id="8713639715" visible="true" version="1" changeset="104383686" timestamp="2021-05-09T04:04:13Z" user="vietnam321" uid="11196308" lat="21.0341536" lon="105.8178462"/>
 <node id="8713712532" visible="true" version="1" changeset="104383686" timestamp="2021-05-09T04:04:13Z" user="vietnam321" uid="11196308" lat="21.0333670" lon="105.8200112"/>
 <node id="8713712535" visible="true" version="1" changeset="104383686" timestamp="2021-05-09T04:04:13Z" user="vietnam321" uid="11196308" lat="21.0348727" lon="105.8185372"/>
 <node id="8713712538" visible="true" version="3" changeset="149139478" timestamp="2024-03-25T16:34:59Z" user="openmap-vn" uid="21213273" lat="21.0352647" lon="105.8201660"/>
 <node id="8713712542" visible="true" version="1" changeset="104383686" timestamp="2021-05-09T04:04:13Z" user="vietnam321" uid="11196308" lat="21.0349212" lon="105.8180630"/>
 <node id="8816294565" visible="true" version="1" changeset="106067784" timestamp="2021-06-09T05:05:31Z" user="pedda_pelli" uid="13354516" lat="21.0341898" lon="105.8185033"/>
 <node id="8816294566" visible="true" version="1" changeset="106067784" timestamp="2021-06-09T05:05:31Z" user="pedda_pelli" uid="13354516" lat="21.0342123" lon="105.8185503"/>
 <node id="8816294567" visible="true" version="1" changeset="106067784" timestamp="2021-06-09T05:05:31Z" user="pedda_pelli" uid="13354516" lat="21.0339858" lon="105.8184658"/>
 <node id="8816294568" visible="true" version="1" changeset="106067784" timestamp="2021-06-09T05:05:31Z" user="pedda_pelli" uid="13354516" lat="21.0341588" lon="105.8185714"/>
 <node id="8816540871" visible="true" version="1" changeset="106075168" timestamp="2021-06-09T07:12:08Z" user="pedda_pelli" uid="13354516" lat="21.0352006" lon="105.8172005"/>
 <node id="8816540872" visible="true" version="1" changeset="106075168" timestamp="2021-06-09T07:12:08Z" user="pedda_pelli" uid="13354516" lat="21.0351937" lon="105.8172353"/>
 <node id="8816540873" visible="true" version="2" changeset="149138276" timestamp="2024-03-25T16:01:51Z" user="openmap-vn" uid="21213273" lat="21.0351981" lon="105.8172461"/>
 <node id="8816540874" visible="true" version="2" changeset="149138276" timestamp="2024-03-25T16:01:51Z" user="openmap-vn" uid="21213273" lat="21.0352506" lon="105.8172795"/>
 <node id="8816689050" visible="true" version="4" changeset="141638202" timestamp="2023-09-23T10:35:22Z" user="vietnam321" uid="11196308" lat="21.0357958" lon="105.8139375"/>
 <node id="8816689052" visible="true" version="2" changeset="122933665" timestamp="2022-06-28T02:43:00Z" user="vietnam321" uid="11196308" lat="21.0361478" lon="105.8139646"/>
 <node id="8816823380" visible="true" version="1" changeset="106081430" timestamp="2021-06-09T08:57:34Z" user="dhana_sari" uid="11659167" lat="21.0387611" lon="105.8108282"/>
 <node id="8819688907" visible="true" version="2" changeset="152019749" timestamp="2024-05-30T07:41:57Z" user="vietnam321" uid="11196308" lat="21.0395881" lon="105.8187632"/>
 <node id="8831303619" visible="true" version="1" changeset="106318177" timestamp="2021-06-14T07:56:38Z" user="ghar_07" uid="10751811" lat="21.0356105" lon="105.8137518"/>
 <node id="8831303620" visible="true" version="1" changeset="106318177" timestamp="2021-06-14T07:56:38Z" user="ghar_07" uid="10751811" lat="21.0355705" lon="105.8137813"/>
 <node id="8938435120" visible="true" version="2" changeset="146124734" timestamp="2024-01-11T02:15:18Z" user="Grab_Cong" uid="18820325" lat="21.0386795" lon="105.8170486"/>
 <node id="8938435121" visible="true" version="2" changeset="146124734" timestamp="2024-01-11T02:15:18Z" user="Grab_Cong" uid="18820325" lat="21.0387239" lon="105.8168024"/>
 <node id="9325944973" visible="true" version="2" changeset="146680309" timestamp="2024-01-25T16:28:18Z" user="edumiz624" uid="20881381" lat="21.0390429" lon="105.8153893">
  <tag k="bus" v="yes"/>
  <tag k="highway" v="bus_stop"/>
  <tag k="name" v="34 Văn Cao"/>
  <tag k="public_transport" v="platform"/>
 </node>
 <node id="9369037257" visible="true" version="1" changeset="115407541" timestamp="2021-12-27T04:36:27Z" user="Mapping_95" uid="10498092" lat="21.0346494" lon="105.8138590"/>
 <node id="9369037258" visible="true" version="1" changeset="115407541" timestamp="2021-12-27T04:36:27Z" user="Mapping_95" uid="10498092" lat="21.0346005" lon="105.8138390"/>
 <node id="9369037259" visible="true" version="1" changeset="115407541" timestamp="2021-12-27T04:36:27Z" user="Mapping_95" uid="10498092" lat="21.0345582" lon="105.8139652"/>
 <node id="9369037260" visible="true" version="1" changeset="115407541" timestamp="2021-12-27T04:36:27Z" user="Mapping_95" uid="10498092" lat="21.0346091" lon="105.8139852"/>
 <node id="9374813801" visible="true" version="1" changeset="115494425" timestamp="2021-12-29T01:09:22Z" user="vietnam321" uid="11196308" lat="21.0357025" lon="105.8114454"/>
 <node id="9374813803" visible="true" version="1" changeset="115494425" timestamp="2021-12-29T01:09:22Z" user="vietnam321" uid="11196308" lat="21.0350579" lon="105.8116909"/>
 <node id="9374813809" visible="true" version="3" changeset="153731003" timestamp="2024-07-09T06:57:36Z" user="phoenixsaigon1698" uid="3323343" lat="21.0344830" lon="105.8117697"/>
 <node id="9374813811" visible="true" version="1" changeset="115494425" timestamp="2021-12-29T01:09:22Z" user="vietnam321" uid="11196308" lat="21.0350644" lon="105.8115998"/>
 <node id="9374853617" visible="true" version="1" changeset="115494425" timestamp="2021-12-29T01:09:22Z" user="vietnam321" uid="11196308" lat="21.0348470" lon="105.8115259"/>
 <node id="9374853622" visible="true" version="1" changeset="115494425" timestamp="2021-12-29T01:09:22Z" user="vietnam321" uid="11196308" lat="21.0357552" lon="105.8118911"/>
 <node id="9374853625" visible="true" version="1" changeset="115494425" timestamp="2021-12-29T01:09:22Z" user="vietnam321" uid="11196308" lat="21.0357890" lon="105.8114290"/>
 <node id="9374853627" visible="true" version="2" changeset="152973382" timestamp="2024-06-21T03:46:03Z" user="openmap-vn" uid="21213273" lat="21.0349360" lon="105.8124550"/>
 <node id="9374853628" visible="true" version="1" changeset="115494425" timestamp="2021-12-29T01:09:22Z" user="vietnam321" uid="11196308" lat="21.0356201" lon="105.8117384"/>
 <node id="9374853630" visible="true" version="2" changeset="152973382" timestamp="2024-06-21T03:46:03Z" user="openmap-vn" uid="21213273" lat="21.0347612" lon="105.8124344"/>
 <node id="9374853633" visible="true" version="1" changeset="115494425" timestamp="2021-12-29T01:09:22Z" user="vietnam321" uid="11196308" lat="21.0356013" lon="105.8114967"/>
 <node id="9374853636" visible="true" version="1" changeset="115494425" timestamp="2021-12-29T01:09:22Z" user="vietnam321" uid="11196308" lat="21.0347329" lon="105.8116546"/>
 <node id="9374853640" visible="true" version="1" changeset="115494425" timestamp="2021-12-29T01:09:22Z" user="vietnam321" uid="11196308" lat="21.0350762" lon="105.8114385"/>
 <node id="9374853644" visible="true" version="1" changeset="115494425" timestamp="2021-12-29T01:09:22Z" user="vietnam321" uid="11196308" lat="21.0347926" lon="105.8116152"/>
 <node id="9374853650" visible="true" version="1" changeset="115494425" timestamp="2021-12-29T01:09:22Z" user="vietnam321" uid="11196308" lat="21.0357891" lon="105.8114531"/>
 <node id="9374853651" visible="true" version="1" changeset="115494425" timestamp="2021-12-29T01:09:22Z" user="vietnam321" uid="11196308" lat="21.0356686" lon="105.8118834"/>
 <node id="9374853652" visible="true" version="1" changeset="115494425" timestamp="2021-12-29T01:09:22Z" user="vietnam321" uid="11196308" lat="21.0349389" lon="105.8115116"/>
 <node id="9374853668" visible="true" version="1" changeset="115494425" timestamp="2021-12-29T01:09:22Z" user="vietnam321" uid="11196308" lat="21.0350927" lon="105.8117148"/>
 <node id="9374853677" visible="true" version="1" changeset="115494425" timestamp="2021-12-29T01:09:22Z" user="vietnam321" uid="11196308" lat="21.0348402" lon="105.8116192"/>
 <node id="9374853680" visible="true" version="1" changeset="115494425" timestamp="2021-12-29T01:09:22Z" user="vietnam321" uid="11196308" lat="21.0348995" lon="105.8116275"/>
 <node id="9374853681" visible="true" version="1" changeset="115494425" timestamp="2021-12-29T01:09:22Z" user="vietnam321" uid="11196308" lat="21.0349251" lon="105.8116664"/>
 <node id="9374853684" visible="true" version="1" changeset="115494425" timestamp="2021-12-29T01:09:22Z" user="vietnam321" uid="11196308" lat="21.0354113" lon="105.8119158"/>
 <node id="9374853686" visible="true" version="2" changeset="152973382" timestamp="2024-06-21T03:46:03Z" user="openmap-vn" uid="21213273" lat="21.0347875" lon="105.8121528"/>
 <node id="9374853687" visible="true" version="1" changeset="115494425" timestamp="2021-12-29T01:09:22Z" user="vietnam321" uid="11196308" lat="21.0348101" lon="105.8114672"/>
 <node id="9374853691" visible="true" version="1" changeset="115494425" timestamp="2021-12-29T01:09:22Z" user="vietnam321" uid="11196308" lat="21.0355931" lon="105.8117361"/>
 <node id="9374853694" visible="true" version="1" changeset="115494425" timestamp="2021-12-29T01:09:22Z" user="vietnam321" uid="11196308" lat="21.0349859" lon="105.8114781"/>
 <node id="9374853698" visible="true" version="1" changeset="115494425" timestamp="2021-12-29T01:09:22Z" user="vietnam321" uid="11196308" lat="21.0349791" lon="105.8113481"/>
 <node id="9374853705" visible="true" version="1" changeset="115494425" timestamp="2021-12-29T01:09:22Z" user="vietnam321" uid="11196308" lat="21.0351124" lon="105.8124748"/>
 <node id="9374853706" visible="true" version="1" changeset="115494425" timestamp="2021-12-29T01:09:22Z" user="vietnam321" uid="11196308" lat="21.0346708" lon="105.8112722"/>
 <node id="9374853720" visible="true" version="1" changeset="115494425" timestamp="2021-12-29T01:09:22Z" user="vietnam321" uid="11196308" lat="21.0356024" lon="105.8114818"/>
 <node id="9374853726" visible="true" version="1" changeset="115494425" timestamp="2021-12-29T01:09:22Z" user="vietnam321" uid="11196308" lat="21.0350701" lon="105.8115241"/>
 <node id="9374853728" visible="true" version="1" changeset="115494425" timestamp="2021-12-29T01:09:22Z" user="vietnam321" uid="11196308" lat="21.0348810" lon="105.8117817"/>
 <node id="9374853737" visible="true" version="1" changeset="115494425" timestamp="2021-12-29T01:09:22Z" user="vietnam321" uid="11196308" lat="21.0349697" lon="105.8113620"/>
 <node id="9374853740" visible="true" version="1" changeset="115494425" timestamp="2021-12-29T01:09:22Z" user="vietnam321" uid="11196308" lat="21.0347655" lon="105.8117694"/>
 <node id="9374853746" visible="true" version="1" changeset="115494425" timestamp="2021-12-29T01:09:22Z" user="vietnam321" uid="11196308" lat="21.0348147" lon="105.8113934"/>
 <node id="9374853747" visible="true" version="1" changeset="115494425" timestamp="2021-12-29T01:09:22Z" user="vietnam321" uid="11196308" lat="21.0349854" lon="105.8112897"/>
 <node id="9374853750" visible="true" version="1" changeset="115494425" timestamp="2021-12-29T01:09:22Z" user="vietnam321" uid="11196308" lat="21.0355917" lon="105.8117558"/>
 <node id="9374853756" visible="true" version="1" changeset="115494425" timestamp="2021-12-29T01:09:22Z" user="vietnam321" uid="11196308" lat="21.0349916" lon="105.8114059"/>
 <node id="9374853771" visible="true" version="1" changeset="115494425" timestamp="2021-12-29T01:09:22Z" user="vietnam321" uid="11196308" lat="21.0349313" lon="105.8116297"/>
 <node id="9374853772" visible="true" version="1" changeset="115494425" timestamp="2021-12-29T01:09:22Z" user="vietnam321" uid="11196308" lat="21.0348570" lon="105.8113497"/>
 <node id="9374853773" visible="true" version="3" changeset="152973382" timestamp="2024-06-21T03:46:03Z" user="openmap-vn" uid="21213273" lat="21.0361205" lon="105.8108418"/>
 <node id="9374853777" visible="true" version="1" changeset="115494425" timestamp="2021-12-29T01:09:22Z" user="vietnam321" uid="11196308" lat="21.0347285" lon="105.8117131"/>
 <node id="9374853778" visible="true" version="1" changeset="115494425" timestamp="2021-12-29T01:09:22Z" user="vietnam321" uid="11196308" lat="21.0345753" lon="105.8116520"/>
 <node id="9374853779" visible="true" version="1" changeset="115494425" timestamp="2021-12-29T01:09:22Z" user="vietnam321" uid="11196308" lat="21.0349182" lon="105.8117454"/>
 <node id="9374853785" visible="true" version="1" changeset="115494425" timestamp="2021-12-29T01:09:22Z" user="vietnam321" uid="11196308" lat="21.0354164" lon="105.8118603"/>
 <node id="9374853790" visible="true" version="1" changeset="115494425" timestamp="2021-12-29T01:09:22Z" user="vietnam321" uid="11196308" lat="21.0346512" lon="105.8117688"/>
 <node id="9374853794" visible="true" version="1" changeset="115494425" timestamp="2021-12-29T01:09:22Z" user="vietnam321" uid="11196308" lat="21.0356372" lon="105.8114996"/>
 <node id="9374853801" visible="true" version="1" changeset="115494425" timestamp="2021-12-29T01:09:22Z" user="vietnam321" uid="11196308" lat="21.0349339" lon="105.8115873"/>
 <node id="9374853802" visible="true" version="1" changeset="115494425" timestamp="2021-12-29T01:09:22Z" user="vietnam321" uid="11196308" lat="21.0350942" lon="105.8116939"/>
 <node id="9420107250" visible="true" version="1" changeset="116177107" timestamp="2022-01-15T10:25:13Z" user="vietnam321" uid="11196308" lat="21.0345449" lon="105.8187673"/>
 <node id="9706960160" visible="true" version="3" changeset="152985266" timestamp="2024-06-21T10:04:02Z" user="openmap-vn" uid="21213273" lat="21.0395630" lon="105.8158475"/>
 <node id="9706960161" visible="true" version="3" changeset="157946298" timestamp="2024-10-16T04:21:57Z" user="Grab_Cong" uid="18820325" lat="21.0394841" lon="105.8162225"/>
 <node id="9843074067" visible="true" version="4" changeset="122780912" timestamp="2022-06-24T03:14:47Z" user="Hieund3 Sapo" uid="16356860" lat="21.0362515" lon="105.8159153">
  <tag k="addr:city" v="Ha Noi"/>
  <tag k="addr:district" v="Ba Đình"/>
  <tag k="addr:housenumber" v="266"/>
  <tag k="addr:street" v="Phố Đội Cấn"/>
  <tag k="image" v="https://www.sapo.vn/Themes/Portal/Default/StylesV2/images/logo/Sapo-logo.svg?v=202206241003"/>
  <tag k="name" v="Công ty Cổ phần Công nghệ Sapo"/>
  <tag k="name:en" v="Sapo Technology JSC"/>
  <tag k="office" v="company"/>
  <tag k="phone" v="1800 6750"/>
  <tag k="website" v="https://www.sapo.vn/"/>
 </node>
 <node id="9852139010" visible="true" version="1" changeset="122933665" timestamp="2022-06-28T02:43:00Z" user="vietnam321" uid="11196308" lat="21.0374355" lon="105.8170363"/>
 <node id="9852139011" visible="true" version="1" changeset="122933665" timestamp="2022-06-28T02:43:00Z" user="vietnam321" uid="11196308" lat="21.0374433" lon="105.8169871"/>
 <node id="9852139012" visible="true" version="1" changeset="122933665" timestamp="2022-06-28T02:43:00Z" user="vietnam321" uid="11196308" lat="21.0374613" lon="105.8169904"/>
 <node id="9852139013" visible="true" version="1" changeset="122933665" timestamp="2022-06-28T02:43:00Z" user="vietnam321" uid="11196308" lat="21.0374835" lon="105.8168507"/>
 <node id="9852139014" visible="true" version="1" changeset="122933665" timestamp="2022-06-28T02:43:00Z" user="vietnam321" uid="11196308" lat="21.0374671" lon="105.8168477"/>
 <node id="9852139015" visible="true" version="1" changeset="122933665" timestamp="2022-06-28T02:43:00Z" user="vietnam321" uid="11196308" lat="21.0374727" lon="105.8168130"/>
 <node id="9852139016" visible="true" version="1" changeset="122933665" timestamp="2022-06-28T02:43:00Z" user="vietnam321" uid="11196308" lat="21.0373121" lon="105.8167836"/>
 <node id="9852140017" visible="true" version="1" changeset="122933665" timestamp="2022-06-28T02:43:00Z" user="vietnam321" uid="11196308" lat="21.0373066" lon="105.8168177"/>
 <node id="9852140018" visible="true" version="1" changeset="122933665" timestamp="2022-06-28T02:43:00Z" user="vietnam321" uid="11196308" lat="21.0372930" lon="105.8168152"/>
 <node id="9852140019" visible="true" version="1" changeset="122933665" timestamp="2022-06-28T02:43:00Z" user="vietnam321" uid="11196308" lat="21.0372717" lon="105.8169487"/>
 <node id="9852140020" visible="true" version="1" changeset="122933665" timestamp="2022-06-28T02:43:00Z" user="vietnam321" uid="11196308" lat="21.0372820" lon="105.8169506"/>
 <node id="9852140021" visible="true" version="1" changeset="122933665" timestamp="2022-06-28T02:43:00Z" user="vietnam321" uid="11196308" lat="21.0372731" lon="105.8170066"/>
 <node id="9852140045" visible="true" version="1" changeset="122933665" timestamp="2022-06-28T02:43:00Z" user="vietnam321" uid="11196308" lat="21.0384328" lon="105.8164557"/>
 <node id="9852140046" visible="true" version="1" changeset="122933665" timestamp="2022-06-28T02:43:00Z" user="vietnam321" uid="11196308" lat="21.0383151" lon="105.8169745"/>
 <node id="9852140047" visible="true" version="1" changeset="122933665" timestamp="2022-06-28T02:43:00Z" user="vietnam321" uid="11196308" lat="21.0382515" lon="105.8167306"/>
 <node id="9852140048" visible="true" version="1" changeset="122933665" timestamp="2022-06-28T02:43:00Z" user="vietnam321" uid="11196308" lat="21.0382344" lon="105.8167262"/>
 <node id="9852140049" visible="true" version="1" changeset="122933665" timestamp="2022-06-28T02:43:00Z" user="vietnam321" uid="11196308" lat="21.0382581" lon="105.8166218"/>
 <node id="9852140050" visible="true" version="1" changeset="122933665" timestamp="2022-06-28T02:43:00Z" user="vietnam321" uid="11196308" lat="21.0381511" lon="105.8165939"/>
 <node id="9852140051" visible="true" version="1" changeset="122933665" timestamp="2022-06-28T02:43:00Z" user="vietnam321" uid="11196308" lat="21.0381965" lon="105.8163941"/>
 <node id="9852140052" visible="true" version="1" changeset="122933665" timestamp="2022-06-28T02:43:00Z" user="vietnam321" uid="11196308" lat="21.0382028" lon="105.8169453"/>
 <node id="9852140053" visible="true" version="2" changeset="141638202" timestamp="2023-09-23T10:35:22Z" user="vietnam321" uid="11196308" lat="21.0360466" lon="105.8139081"/>
 <node id="9852140054" visible="true" version="2" changeset="141638202" timestamp="2023-09-23T10:35:22Z" user="vietnam321" uid="11196308" lat="21.0360453" lon="105.8139211"/>
 <node id="9852140055" visible="true" version="2" changeset="141638202" timestamp="2023-09-23T10:35:22Z" user="vietnam321" uid="11196308" lat="21.0359552" lon="105.8136721"/>
 <node id="9852140056" visible="true" version="2" changeset="141638202" timestamp="2023-09-23T10:35:22Z" user="vietnam321" uid="11196308" lat="21.0360658" lon="105.8136846"/>
 <node id="9852140057" visible="true" version="2" changeset="141638202" timestamp="2023-09-23T10:35:22Z" user="vietnam321" uid="11196308" lat="21.0360642" lon="105.8137009"/>
 <node id="9852140058" visible="true" version="2" changeset="141638202" timestamp="2023-09-23T10:35:22Z" user="vietnam321" uid="11196308" lat="21.0362017" lon="105.8137165"/>
 <node id="9852140059" visible="true" version="2" changeset="141638202" timestamp="2023-09-23T10:35:22Z" user="vietnam321" uid="11196308" lat="21.0361812" lon="105.8139234"/>
 <node id="9852140060" visible="true" version="2" changeset="141638202" timestamp="2023-09-23T10:35:22Z" user="vietnam321" uid="11196308" lat="21.0359319" lon="105.8139082"/>
 <node id="9852140061" visible="true" version="1" changeset="122933665" timestamp="2022-06-28T02:43:00Z" user="vietnam321" uid="11196308" lat="21.0355130" lon="105.8137589"/>
 <node id="9852140062" visible="true" version="1" changeset="122933665" timestamp="2022-06-28T02:43:00Z" user="vietnam321" uid="11196308" lat="21.0354756" lon="105.8141677"/>
 <node id="9852140063" visible="true" version="1" changeset="122933665" timestamp="2022-06-28T02:43:00Z" user="vietnam321" uid="11196308" lat="21.0352573" lon="105.8141448"/>
 <node id="9852140064" visible="true" version="1" changeset="122933665" timestamp="2022-06-28T02:43:00Z" user="vietnam321" uid="11196308" lat="21.0351254" lon="105.8137182"/>
 <node id="9852140065" visible="true" version="1" changeset="122933665" timestamp="2022-06-28T02:43:00Z" user="vietnam321" uid="11196308" lat="21.0352779" lon="105.8139201"/>
 <node id="9852140066" visible="true" version="1" changeset="122933665" timestamp="2022-06-28T02:43:00Z" user="vietnam321" uid="11196308" lat="21.0351729" lon="105.8139090"/>
 <node id="9852140067" visible="true" version="1" changeset="122933665" timestamp="2022-06-28T02:43:00Z" user="vietnam321" uid="11196308" lat="21.0351765" lon="105.8138700"/>
 <node id="9852140068" visible="true" version="1" changeset="122933665" timestamp="2022-06-28T02:43:00Z" user="vietnam321" uid="11196308" lat="21.0351121" lon="105.8138632"/>
 <node id="9852140069" visible="true" version="1" changeset="122933665" timestamp="2022-06-28T02:43:00Z" user="vietnam321" uid="11196308" lat="21.0353714" lon="105.8119342"/>
 <node id="9852140070" visible="true" version="1" changeset="122933665" timestamp="2022-06-28T02:43:00Z" user="vietnam321" uid="11196308" lat="21.0353604" lon="105.8120774"/>
 <node id="9852140071" visible="true" version="1" changeset="122933665" timestamp="2022-06-28T02:43:00Z" user="vietnam321" uid="11196308" lat="21.0353719" lon="105.8120784"/>
 <node id="9852140072" visible="true" version="1" changeset="122933665" timestamp="2022-06-28T02:43:00Z" user="vietnam321" uid="11196308" lat="21.0353650" lon="105.8121683"/>
 <node id="9852140073" visible="true" version="1" changeset="122933665" timestamp="2022-06-28T02:43:00Z" user="vietnam321" uid="11196308" lat="21.0353435" lon="105.8121664"/>
 <node id="9852140074" visible="true" version="1" changeset="122933665" timestamp="2022-06-28T02:43:00Z" user="vietnam321" uid="11196308" lat="21.0353326" lon="105.8123097"/>
 <node id="9852140075" visible="true" version="1" changeset="122933665" timestamp="2022-06-28T02:43:00Z" user="vietnam321" uid="11196308" lat="21.0353522" lon="105.8123115"/>
 <node id="9852140076" visible="true" version="1" changeset="122933665" timestamp="2022-06-28T02:43:00Z" user="vietnam321" uid="11196308" lat="21.0353453" lon="105.8124009"/>
 <node id="9852140077" visible="true" version="1" changeset="122933665" timestamp="2022-06-28T02:43:00Z" user="vietnam321" uid="11196308" lat="21.0353207" lon="105.8123988"/>
 <node id="9852140078" visible="true" version="1" changeset="122933665" timestamp="2022-06-28T02:43:00Z" user="vietnam321" uid="11196308" lat="21.0353102" lon="105.8125356"/>
 <node id="9852140079" visible="true" version="1" changeset="122933665" timestamp="2022-06-28T02:43:00Z" user="vietnam321" uid="11196308" lat="21.0351576" lon="105.8125222"/>
 <node id="9852140080" visible="true" version="1" changeset="122933665" timestamp="2022-06-28T02:43:00Z" user="vietnam321" uid="11196308" lat="21.0352037" lon="105.8119195"/>
 <node id="9852140081" visible="true" version="1" changeset="122933665" timestamp="2022-06-28T02:43:00Z" user="vietnam321" uid="11196308" lat="21.0350469" lon="105.8126281"/>
 <node id="9852140082" visible="true" version="1" changeset="122933665" timestamp="2022-06-28T02:43:00Z" user="vietnam321" uid="11196308" lat="21.0349047" lon="105.8126145"/>
 <node id="9852140083" visible="true" version="1" changeset="122933665" timestamp="2022-06-28T02:43:00Z" user="vietnam321" uid="11196308" lat="21.0349066" lon="105.8125912"/>
 <node id="9852140084" visible="true" version="1" changeset="122933665" timestamp="2022-06-28T02:43:00Z" user="vietnam321" uid="11196308" lat="21.0347402" lon="105.8125752"/>
 <node id="9852140085" visible="true" version="1" changeset="122933665" timestamp="2022-06-28T02:43:00Z" user="vietnam321" uid="11196308" lat="21.0347499" lon="105.8124589"/>
 <node id="9852140086" visible="true" version="1" changeset="122933665" timestamp="2022-06-28T02:43:00Z" user="vietnam321" uid="11196308" lat="21.0350586" lon="105.8124886"/>
 <node id="9852140087" visible="true" version="1" changeset="122933665" timestamp="2022-06-28T02:43:00Z" user="vietnam321" uid="11196308" lat="21.0347573" lon="105.8127169"/>
 <node id="9852140088" visible="true" version="1" changeset="122933665" timestamp="2022-06-28T02:43:00Z" user="vietnam321" uid="11196308" lat="21.0347226" lon="105.8132036"/>
 <node id="9852140089" visible="true" version="1" changeset="122933665" timestamp="2022-06-28T02:43:00Z" user="vietnam321" uid="11196308" lat="21.0345885" lon="105.8131926"/>
 <node id="9852140090" visible="true" version="1" changeset="122933665" timestamp="2022-06-28T02:43:00Z" user="vietnam321" uid="11196308" lat="21.0346234" lon="105.8127059"/>
 <node id="10301988108" visible="true" version="1" changeset="130815883" timestamp="2023-01-03T08:25:40Z" user="ItsLouisAnderson" uid="11691953" lat="21.0343728" lon="105.8139472"/>
 <node id="10302026109" visible="true" version="1" changeset="130815883" timestamp="2023-01-03T08:25:40Z" user="ItsLouisAnderson" uid="11691953" lat="21.0368319" lon="105.8147149"/>
 <node id="10302026110" visible="true" version="1" changeset="130815883" timestamp="2023-01-03T08:25:40Z" user="ItsLouisAnderson" uid="11691953" lat="21.0370331" lon="105.8147426"/>
 <node id="10302026111" visible="true" version="1" changeset="130815883" timestamp="2023-01-03T08:25:40Z" user="ItsLouisAnderson" uid="11691953" lat="21.0371486" lon="105.8147567"/>
 <node id="10302026112" visible="true" version="1" changeset="130815883" timestamp="2023-01-03T08:25:40Z" user="ItsLouisAnderson" uid="11691953" lat="21.0371724" lon="105.8147516"/>
 <node id="10302026113" visible="true" version="1" changeset="130815883" timestamp="2023-01-03T08:25:40Z" user="ItsLouisAnderson" uid="11691953" lat="21.0371891" lon="105.8147439"/>
 <node id="10302026114" visible="true" version="1" changeset="130815883" timestamp="2023-01-03T08:25:40Z" user="ItsLouisAnderson" uid="11691953" lat="21.0343951" lon="105.8139542">
  <tag k="highway" v="crossing"/>
 </node>
 <node id="10302026115" visible="true" version="3" changeset="152973382" timestamp="2024-06-21T03:46:03Z" user="openmap-vn" uid="21213273" lat="21.0348233" lon="105.8140813">
  <tag k="highway" v="crossing"/>
 </node>
 <node id="10302026116" visible="true" version="2" changeset="166732539" timestamp="2025-05-25T12:29:14Z" user="Hung Tran 9x0" uid="20910140" lat="21.0361691" lon="105.8145081">
  <tag k="highway" v="crossing"/>
 </node>
 <node id="10302026117" visible="true" version="1" changeset="130815883" timestamp="2023-01-03T08:25:40Z" user="ItsLouisAnderson" uid="11691953" lat="21.0366124" lon="105.8146467">
  <tag k="highway" v="crossing"/>
 </node>
 <node id="10302026118" visible="true" version="1" changeset="130815883" timestamp="2023-01-03T08:25:40Z" user="ItsLouisAnderson" uid="11691953" lat="21.0340157" lon="105.8142870"/>
 <node id="10302026119" visible="true" version="1" changeset="130815883" timestamp="2023-01-03T08:25:40Z" user="ItsLouisAnderson" uid="11691953" lat="21.0340473" lon="105.8142790"/>
 <node id="10302026120" visible="true" version="1" changeset="130815883" timestamp="2023-01-03T08:25:40Z" user="ItsLouisAnderson" uid="11691953" lat="21.0340847" lon="105.8142788"/>
 <node id="10302026121" visible="true" version="1" changeset="130815883" timestamp="2023-01-03T08:25:40Z" user="ItsLouisAnderson" uid="11691953" lat="21.0341207" lon="105.8142845"/>
 <node id="10302026122" visible="true" version="1" changeset="130815883" timestamp="2023-01-03T08:25:40Z" user="ItsLouisAnderson" uid="11691953" lat="21.0341688" lon="105.8142991"/>
 <node id="10302026124" visible="true" version="1" changeset="130815883" timestamp="2023-01-03T08:25:40Z" user="ItsLouisAnderson" uid="11691953" lat="21.0355205" lon="105.8147243"/>
 <node id="10302026125" visible="true" version="1" changeset="130815883" timestamp="2023-01-03T08:25:40Z" user="ItsLouisAnderson" uid="11691953" lat="21.0367209" lon="105.8151232"/>
 <node id="10302026126" visible="true" version="1" changeset="130815883" timestamp="2023-01-03T08:25:40Z" user="ItsLouisAnderson" uid="11691953" lat="21.0367571" lon="105.8151358"/>
 <node id="10302026127" visible="true" version="1" changeset="130815883" timestamp="2023-01-03T08:25:40Z" user="ItsLouisAnderson" uid="11691953" lat="21.0367866" lon="105.8151485"/>
 <node id="10302026128" visible="true" version="1" changeset="130815883" timestamp="2023-01-03T08:25:40Z" user="ItsLouisAnderson" uid="11691953" lat="21.0368144" lon="105.8151665"/>
 <node id="10302026129" visible="true" version="1" changeset="130815883" timestamp="2023-01-03T08:25:40Z" user="ItsLouisAnderson" uid="11691953" lat="21.0368295" lon="105.8151936"/>
 <node id="10302026130" visible="true" version="1" changeset="130815883" timestamp="2023-01-03T08:25:40Z" user="ItsLouisAnderson" uid="11691953" lat="21.0369691" lon="105.8149407"/>
 <node id="10302026131" visible="true" version="1" changeset="130815883" timestamp="2023-01-03T08:25:40Z" user="ItsLouisAnderson" uid="11691953" lat="21.0369023" lon="105.8150617">
  <tag k="crossing" v="traffic_signals"/>
  <tag k="highway" v="traffic_signals"/>
  <tag k="traffic_signals" v="traffic_lights"/>
  <tag k="traffic_signals:direction" v="forward"/>
 </node>
 <node id="10302026132" visible="true" version="2" changeset="132433590" timestamp="2023-02-12T07:50:02Z" user="Mapping_95" uid="10498092" lat="21.0373468" lon="105.8148290"/>
 <node id="10302026133" visible="true" version="1" changeset="130815883" timestamp="2023-01-03T08:25:40Z" user="ItsLouisAnderson" uid="11691953" lat="21.0372696" lon="105.8147906">
  <tag k="crossing" v="traffic_signals"/>
  <tag k="highway" v="traffic_signals"/>
  <tag k="traffic_signals" v="traffic_lights"/>
  <tag k="traffic_signals:direction" v="forward"/>
 </node>
 <node id="10302026134" visible="true" version="1" changeset="130815883" timestamp="2023-01-03T08:25:40Z" user="ItsLouisAnderson" uid="11691953" lat="21.0346858" lon="105.8144618">
  <tag k="highway" v="crossing"/>
 </node>
 <node id="10302026135" visible="true" version="1" changeset="130815883" timestamp="2023-01-03T08:25:40Z" user="ItsLouisAnderson" uid="11691953" lat="21.0350636" lon="105.8145806">
  <tag k="highway" v="crossing"/>
 </node>
 <node id="10302026136" visible="true" version="1" changeset="130815883" timestamp="2023-01-03T08:25:40Z" user="ItsLouisAnderson" uid="11691953" lat="21.0352626" lon="105.8146432">
  <tag k="highway" v="crossing"/>
 </node>
 <node id="10302026137" visible="true" version="1" changeset="130815883" timestamp="2023-01-03T08:25:40Z" user="ItsLouisAnderson" uid="11691953" lat="21.0354898" lon="105.8147147">
  <tag k="highway" v="crossing"/>
 </node>
 <node id="10302026138" visible="true" version="1" changeset="130815883" timestamp="2023-01-03T08:25:40Z" user="ItsLouisAnderson" uid="11691953" lat="21.0360610" lon="105.8149039">
  <tag k="highway" v="crossing"/>
 </node>
 <node id="10302026139" visible="true" version="1" changeset="130815883" timestamp="2023-01-03T08:25:40Z" user="ItsLouisAnderson" uid="11691953" lat="21.0371911" lon="105.8152328"/>
 <node id="10302026140" visible="true" version="2" changeset="169318718" timestamp="2025-07-23T01:03:05Z" user="Hung Tran 9x0" uid="20910140" lat="21.0370183" lon="105.8152140">
  <tag k="button_operated" v="no"/>
  <tag k="crossing" v="traffic_signals"/>
  <tag k="highway" v="traffic_signals"/>
  <tag k="traffic_signals" v="traffic_lights"/>
  <tag k="traffic_signals:direction" v="backward"/>
 </node>
 <node id="10302026141" visible="true" version="1" changeset="130815883" timestamp="2023-01-03T08:25:40Z" user="ItsLouisAnderson" uid="11691953" lat="21.0373191" lon="105.8149478">
  <tag k="crossing" v="traffic_signals"/>
  <tag k="highway" v="traffic_signals"/>
  <tag k="traffic_signals" v="traffic_lights"/>
  <tag k="traffic_signals:direction" v="forward"/>
 </node>
 <node id="10302026142" visible="true" version="1" changeset="130815883" timestamp="2023-01-03T08:25:40Z" user="ItsLouisAnderson" uid="11691953" lat="21.0372257" lon="105.8151558">
  <tag k="crossing" v="traffic_signals"/>
  <tag k="highway" v="crossing"/>
 </node>
 <node id="10302026143" visible="true" version="1" changeset="130815883" timestamp="2023-01-03T08:25:40Z" user="ItsLouisAnderson" uid="11691953" lat="21.0372412" lon="105.8153666"/>
 <node id="10302026144" visible="true" version="1" changeset="130815883" timestamp="2023-01-03T08:25:40Z" user="ItsLouisAnderson" uid="11691953" lat="21.0374138" lon="105.8153075"/>
 <node id="10302026145" visible="true" version="1" changeset="130815883" timestamp="2023-01-03T08:25:40Z" user="ItsLouisAnderson" uid="11691953" lat="21.0374491" lon="105.8153057"/>
 <node id="10302026146" visible="true" version="1" changeset="130815883" timestamp="2023-01-03T08:25:40Z" user="ItsLouisAnderson" uid="11691953" lat="21.0374946" lon="105.8153183"/>
 <node id="10302026147" visible="true" version="1" changeset="130815883" timestamp="2023-01-03T08:25:40Z" user="ItsLouisAnderson" uid="11691953" lat="21.0382070" lon="105.8155439"/>
 <node id="10302026148" visible="true" version="1" changeset="130815883" timestamp="2023-01-03T08:25:40Z" user="ItsLouisAnderson" uid="11691953" lat="21.0392309" lon="105.8158452"/>
 <node id="10302026149" visible="true" version="1" changeset="130815883" timestamp="2023-01-03T08:25:40Z" user="ItsLouisAnderson" uid="11691953" lat="21.0378474" lon="105.8154338"/>
 <node id="10302026150" visible="true" version="1" changeset="130815883" timestamp="2023-01-03T08:25:40Z" user="ItsLouisAnderson" uid="11691953" lat="21.0372178" lon="105.8153041">
  <tag k="crossing" v="uncontrolled"/>
  <tag k="crossing:markings" v="zebra"/>
  <tag k="highway" v="crossing"/>
 </node>
 <node id="10302026151" visible="true" version="1" changeset="130815883" timestamp="2023-01-03T08:25:40Z" user="ItsLouisAnderson" uid="11691953" lat="21.0374593" lon="105.8143811"/>
 <node id="10302026152" visible="true" version="1" changeset="130815883" timestamp="2023-01-03T08:25:40Z" user="ItsLouisAnderson" uid="11691953" lat="21.0374192" lon="105.8144664"/>
 <node id="10302026153" visible="true" version="2" changeset="132433590" timestamp="2023-02-12T07:50:02Z" user="Mapping_95" uid="10498092" lat="21.0374837" lon="105.8148809"/>
 <node id="10302026154" visible="true" version="1" changeset="130815883" timestamp="2023-01-03T08:25:40Z" user="ItsLouisAnderson" uid="11691953" lat="21.0375659" lon="105.8148497"/>
 <node id="10302026155" visible="true" version="1" changeset="130815883" timestamp="2023-01-03T08:25:40Z" user="ItsLouisAnderson" uid="11691953" lat="21.0375123" lon="105.8148698">
  <tag k="crossing" v="uncontrolled"/>
  <tag k="crossing:markings" v="zebra"/>
  <tag k="highway" v="crossing"/>
 </node>
 <node id="10302026156" visible="true" version="1" changeset="130815883" timestamp="2023-01-03T08:25:40Z" user="ItsLouisAnderson" uid="11691953" lat="21.0376126" lon="105.8149453"/>
 <node id="10302026157" visible="true" version="1" changeset="130815883" timestamp="2023-01-03T08:25:40Z" user="ItsLouisAnderson" uid="11691953" lat="21.0376381" lon="105.8149681"/>
 <node id="10302026158" visible="true" version="1" changeset="130815883" timestamp="2023-01-03T08:25:40Z" user="ItsLouisAnderson" uid="11691953" lat="21.0376749" lon="105.8149817"/>
 <node id="10302026159" visible="true" version="1" changeset="130815883" timestamp="2023-01-03T08:25:40Z" user="ItsLouisAnderson" uid="11691953" lat="21.0382202" lon="105.8151319"/>
 <node id="10302026160" visible="true" version="1" changeset="130815883" timestamp="2023-01-03T08:25:40Z" user="ItsLouisAnderson" uid="11691953" lat="21.0389339" lon="105.8153383"/>
 <node id="10302026161" visible="true" version="1" changeset="130815883" timestamp="2023-01-03T08:25:40Z" user="ItsLouisAnderson" uid="11691953" lat="21.0399790" lon="105.8156614"/>
 <node id="10302026162" visible="true" version="1" changeset="130815883" timestamp="2023-01-03T08:25:40Z" user="ItsLouisAnderson" uid="11691953" lat="21.0402662" lon="105.8161600"/>
 <node id="10302026163" visible="true" version="1" changeset="130815883" timestamp="2023-01-03T08:25:40Z" user="ItsLouisAnderson" uid="11691953" lat="21.0418004" lon="105.8166334"/>
 <node id="10302026164" visible="true" version="1" changeset="130815883" timestamp="2023-01-03T08:25:40Z" user="ItsLouisAnderson" uid="11691953" lat="21.0410223" lon="105.8159921"/>
 <node id="10302026165" visible="true" version="2" changeset="145724993" timestamp="2023-12-31T09:46:50Z" user="vietnam321" uid="11196308" lat="21.0379623" lon="105.8150609">
  <tag k="highway" v="crossing"/>
 </node>
 <node id="10302026166" visible="true" version="1" changeset="130815883" timestamp="2023-01-03T08:25:40Z" user="ItsLouisAnderson" uid="11691953" lat="21.0383676" lon="105.8151746">
  <tag k="highway" v="crossing"/>
 </node>
 <node id="10302026167" visible="true" version="1" changeset="130815883" timestamp="2023-01-03T08:25:40Z" user="ItsLouisAnderson" uid="11691953" lat="21.0405180" lon="105.8158323">
  <tag k="highway" v="crossing"/>
 </node>
 <node id="10302026168" visible="true" version="2" changeset="152985266" timestamp="2024-06-21T10:04:02Z" user="openmap-vn" uid="21213273" lat="21.0376671" lon="105.8153772">
  <tag k="highway" v="crossing"/>
 </node>
 <node id="10302026169" visible="true" version="1" changeset="130815883" timestamp="2023-01-03T08:25:40Z" user="ItsLouisAnderson" uid="11691953" lat="21.0384133" lon="105.8156046">
  <tag k="highway" v="crossing"/>
 </node>
 <node id="10302026170" visible="true" version="2" changeset="152985266" timestamp="2024-06-21T10:04:02Z" user="openmap-vn" uid="21213273" lat="21.0392559" lon="105.8158514">
  <tag k="highway" v="crossing"/>
 </node>
 <node id="10302026171" visible="true" version="2" changeset="152985266" timestamp="2024-06-21T10:04:02Z" user="openmap-vn" uid="21213273" lat="21.0395380" lon="105.8159378">
  <tag k="highway" v="crossing"/>
 </node>
 <node id="10302026172" visible="true" version="1" changeset="130815883" timestamp="2023-01-03T08:25:40Z" user="ItsLouisAnderson" uid="11691953" lat="21.0398744" lon="105.8160408">
  <tag k="highway" v="crossing"/>
 </node>
 <node id="10302026173" visible="true" version="1" changeset="130815883" timestamp="2023-01-03T08:25:40Z" user="ItsLouisAnderson" uid="11691953" lat="21.0401798" lon="105.8161337">
  <tag k="highway" v="crossing"/>
 </node>
 <node id="10302026174" visible="true" version="2" changeset="159987120" timestamp="2024-12-06T10:02:51Z" user="harryr_" uid="6417370" lat="21.0403130" lon="105.8161743">
  <tag k="crossing:signals" v="no"/>
  <tag k="highway" v="crossing"/>
 </node>
 <node id="10302026175" visible="true" version="4" changeset="157946298" timestamp="2024-10-16T04:21:57Z" user="Grab_Cong" uid="18820325" lat="21.0406550" lon="105.8162793">
  <tag k="crossing:island" v="no"/>
  <tag k="crossing:signals" v="no"/>
  <tag k="highway" v="crossing"/>
 </node>
 <node id="10302026176" visible="true" version="2" changeset="152690509" timestamp="2024-06-14T17:20:55Z" user="Equate" uid="12945167" lat="21.0411655" lon="105.8164360">
  <tag k="crossing:signals" v="no"/>
  <tag k="highway" v="crossing"/>
 </node>
 <node id="10302026177" visible="true" version="4" changeset="174364096" timestamp="2025-11-08T08:48:42Z" user="An Nguyen SDVN" uid="21111239" lat="21.0415889" lon="105.8165660">
  <tag k="crossing:island" v="no"/>
  <tag k="crossing:markings" v="no"/>
  <tag k="crossing:signals" v="no"/>
  <tag k="highway" v="crossing"/>
 </node>
 <node id="10302026180" visible="true" version="1" changeset="130815883" timestamp="2023-01-03T08:25:40Z" user="ItsLouisAnderson" uid="11691953" lat="21.0419309" lon="105.8166723"/>
 <node id="10302026181" visible="true" version="1" changeset="130815883" timestamp="2023-01-03T08:25:40Z" user="ItsLouisAnderson" uid="11691953" lat="21.0421162" lon="105.8167326"/>
 <node id="10302026182" visible="true" version="1" changeset="130815883" timestamp="2023-01-03T08:25:40Z" user="ItsLouisAnderson" uid="11691953" lat="21.0430253" lon="105.8170011"/>
 <node id="10302026183" visible="true" version="2" changeset="135026407" timestamp="2023-04-17T17:52:25Z" user="user_14538650" uid="14538650" lat="21.0420033" lon="105.8166959">
  <tag k="crossing" v="unmarked"/>
  <tag k="crossing:markings" v="no"/>
  <tag k="highway" v="crossing"/>
 </node>
 <node id="10302026184" visible="true" version="2" changeset="131261722" timestamp="2023-01-14T11:51:24Z" user="ItsLouisAnderson" uid="11691953" lat="21.0427713" lon="105.8169276">
  <tag k="crossing" v="uncontrolled"/>
  <tag k="crossing:markings" v="zebra"/>
  <tag k="highway" v="crossing"/>
 </node>
 <node id="10302026188" visible="true" version="1" changeset="130815883" timestamp="2023-01-03T08:25:40Z" user="ItsLouisAnderson" uid="11691953" lat="21.0408911" lon="105.8159505"/>
 <node id="10302026189" visible="true" version="1" changeset="130815883" timestamp="2023-01-03T08:25:40Z" user="ItsLouisAnderson" uid="11691953" lat="21.0407882" lon="105.8163202"/>
 <node id="10302026190" visible="true" version="1" changeset="130815883" timestamp="2023-01-03T08:25:40Z" user="ItsLouisAnderson" uid="11691953" lat="21.0408675" lon="105.8160351">
  <tag k="crossing" v="uncontrolled"/>
  <tag k="crossing:markings" v="zebra"/>
  <tag k="highway" v="crossing"/>
 </node>
 <node id="10302026191" visible="true" version="1" changeset="130815883" timestamp="2023-01-03T08:25:40Z" user="ItsLouisAnderson" uid="11691953" lat="21.0408127" lon="105.8162319">
  <tag k="crossing" v="uncontrolled"/>
  <tag k="crossing:markings" v="zebra"/>
  <tag k="highway" v="crossing"/>
 </node>
 <node id="10302026192" visible="true" version="1" changeset="130815883" timestamp="2023-01-03T08:25:40Z" user="ItsLouisAnderson" uid="11691953" lat="21.0388675" lon="105.8153191"/>
 <node id="10302026193" visible="true" version="1" changeset="130815883" timestamp="2023-01-03T08:25:40Z" user="ItsLouisAnderson" uid="11691953" lat="21.0387641" lon="105.8157078"/>
 <node id="10302026194" visible="true" version="1" changeset="130815883" timestamp="2023-01-03T08:25:40Z" user="ItsLouisAnderson" uid="11691953" lat="21.0388419" lon="105.8154153">
  <tag k="crossing" v="uncontrolled"/>
  <tag k="crossing:markings" v="zebra"/>
  <tag k="highway" v="crossing"/>
 </node>
 <node id="10302026195" visible="true" version="1" changeset="130815883" timestamp="2023-01-03T08:25:40Z" user="ItsLouisAnderson" uid="11691953" lat="21.0387878" lon="105.8156187">
  <tag k="crossing" v="uncontrolled"/>
  <tag k="crossing:markings" v="zebra"/>
  <tag k="highway" v="crossing"/>
 </node>
 <node id="10302642594" visible="true" version="1" changeset="130833401" timestamp="2023-01-03T16:14:37Z" user="ItsLouisAnderson" uid="11691953" lat="21.0340651" lon="105.8140728"/>
 <node id="10302642595" visible="true" version="1" changeset="130833401" timestamp="2023-01-03T16:14:37Z" user="ItsLouisAnderson" uid="11691953" lat="21.0355969" lon="105.8145499"/>
 <node id="10302642596" visible="true" version="1" changeset="130833401" timestamp="2023-01-03T16:14:37Z" user="ItsLouisAnderson" uid="11691953" lat="21.0357291" lon="105.8145821"/>
 <node id="10302642597" visible="true" version="1" changeset="130833401" timestamp="2023-01-03T16:14:37Z" user="ItsLouisAnderson" uid="11691953" lat="21.0369267" lon="105.8149598"/>
 <node id="10302642598" visible="true" version="1" changeset="130833401" timestamp="2023-01-03T16:14:37Z" user="ItsLouisAnderson" uid="11691953" lat="21.0385690" lon="105.8154469"/>
 <node id="10302642599" visible="true" version="1" changeset="130833401" timestamp="2023-01-03T16:14:37Z" user="ItsLouisAnderson" uid="11691953" lat="21.0372912" lon="105.8150692"/>
 <node id="10302642600" visible="true" version="1" changeset="130833401" timestamp="2023-01-03T16:14:37Z" user="ItsLouisAnderson" uid="11691953" lat="21.0387115" lon="105.8154853"/>
 <node id="10302642601" visible="true" version="2" changeset="135051031" timestamp="2023-04-18T09:55:33Z" user="user_14538650" uid="14538650" lat="21.0408690" lon="105.8161486"/>
 <node id="10562128429" visible="true" version="1" changeset="131378146" timestamp="2023-01-17T12:52:30Z" user="ItsLouisAnderson" uid="11691953" lat="21.0376694" lon="105.8073448">
  <tag k="crossing" v="uncontrolled"/>
  <tag k="crossing:markings" v="zebra"/>
  <tag k="highway" v="crossing"/>
 </node>
 <node id="10651129980" visible="true" version="1" changeset="132433590" timestamp="2023-02-12T07:50:02Z" user="Mapping_95" uid="10498092" lat="21.0353200" lon="105.8141712">
  <tag k="addr:city" v="Hà Nội"/>
  <tag k="addr:district" v="Ba Đình"/>
  <tag k="addr:housenumber" v="26"/>
  <tag k="addr:province" v="Hà Nội"/>
  <tag k="addr:street" v="Phố Liễu Giai"/>
  <tag k="addr:subdistrict" v="Cống Vị"/>
  <tag k="name" v="L's Place"/>
  <tag k="opening_hours" v="Mo-Su 07:30-22:00"/>
  <tag k="payment:cash" v="yes"/>
  <tag k="payment:credit_cards" v="yes"/>
  <tag k="payment:debit_cards" v="yes"/>
  <tag k="payment:qr_pay" v="yes"/>
  <tag k="phone" v="+84 243 203 8066"/>
  <tag k="shop" v="convenience"/>
 </node>
 <node id="10651129981" visible="true" version="1" changeset="132433590" timestamp="2023-02-12T07:50:02Z" user="Mapping_95" uid="10498092" lat="21.0345791" lon="105.8139822">
  <tag k="addr:city" v="Hà Nội"/>
  <tag k="addr:district" v="Ba Đình"/>
  <tag k="addr:housenumber" v="38"/>
  <tag k="addr:postcode" v="100000"/>
  <tag k="addr:province" v="Hà Nội"/>
  <tag k="addr:street" v="Phố Liễu Giai"/>
  <tag k="addr:subdistrict" v="Cống Vị"/>
  <tag k="amenity" v="cafe"/>
  <tag k="cuisine" v="bakery"/>
  <tag k="delivery" v="yes"/>
  <tag k="internet_access" v="yes"/>
  <tag k="internet_access:fee" v="customers"/>
  <tag k="name" v="Joma Bakery Cafe"/>
  <tag k="opening_hours" v="Mo-Su 07:00-21:00"/>
  <tag k="outdoor_seating" v="yes"/>
  <tag k="phone" v="+84 243 762 8383"/>
  <tag k="website" v="https://www.joma.biz/"/>
 </node>
 <node id="10651129982" visible="true" version="1" changeset="132433590" timestamp="2023-02-12T07:50:02Z" user="Mapping_95" uid="10498092" lat="21.0373343" lon="105.8148568"/>
 <node id="10651129983" visible="true" version="1" changeset="132433590" timestamp="2023-02-12T07:50:02Z" user="Mapping_95" uid="10498092" lat="21.0374556" lon="105.8149101"/>
 <node id="10651129984" visible="true" version="1" changeset="132433590" timestamp="2023-02-12T07:50:02Z" user="Mapping_95" uid="10498092" lat="21.0374126" lon="105.8146928"/>
 <node id="10651129985" visible="true" version="1" changeset="132433590" timestamp="2023-02-12T07:50:02Z" user="Mapping_95" uid="10498092" lat="21.0374860" lon="105.8148726"/>
 <node id="10651129986" visible="true" version="1" changeset="132433590" timestamp="2023-02-12T07:50:02Z" user="Mapping_95" uid="10498092" lat="21.0374813" lon="105.8148895"/>
 <node id="10651129987" visible="true" version="1" changeset="132433590" timestamp="2023-02-12T07:50:02Z" user="Mapping_95" uid="10498092" lat="21.0374776" lon="105.8148980"/>
 <node id="10651129988" visible="true" version="1" changeset="132433590" timestamp="2023-02-12T07:50:02Z" user="Mapping_95" uid="10498092" lat="21.0374185" lon="105.8146967"/>
 <node id="10651129989" visible="true" version="1" changeset="132433590" timestamp="2023-02-12T07:50:02Z" user="Mapping_95" uid="10498092" lat="21.0374037" lon="105.8147033"/>
 <node id="10651129990" visible="true" version="1" changeset="132433590" timestamp="2023-02-12T07:50:02Z" user="Mapping_95" uid="10498092" lat="21.0374684" lon="105.8148970"/>
 <node id="10651129991" visible="true" version="1" changeset="132433590" timestamp="2023-02-12T07:50:02Z" user="Mapping_95" uid="10498092" lat="21.0373539" lon="105.8148654"/>
 <node id="10651129992" visible="true" version="1" changeset="132433590" timestamp="2023-02-12T07:50:02Z" user="Mapping_95" uid="10498092" lat="21.0374693" lon="105.8149064"/>
 <node id="10965108345" visible="true" version="2" changeset="152985266" timestamp="2024-06-21T10:04:02Z" user="openmap-vn" uid="21213273" lat="21.0364347" lon="105.8137935"/>
 <node id="10978028451" visible="true" version="2" changeset="154163300" timestamp="2024-07-20T01:48:17Z" user="logus2" uid="21611817" lat="21.0367069" lon="105.8171380">
  <tag k="barrier" v="block"/>
  <tag k="motorcycle" v="yes"/>
 </node>
 <node id="11021320810" visible="true" version="1" changeset="138044685" timestamp="2023-07-03T02:47:32Z" user="vietnam321" uid="11196308" lat="21.0386153" lon="105.8137163"/>
 <node id="11021320811" visible="true" version="1" changeset="138044685" timestamp="2023-07-03T02:47:32Z" user="vietnam321" uid="11196308" lat="21.0386650" lon="105.8137206"/>
 <node id="11021320812" visible="true" version="1" changeset="138044685" timestamp="2023-07-03T02:47:32Z" user="vietnam321" uid="11196308" lat="21.0386280" lon="105.8135507"/>
 <node id="11021320813" visible="true" version="1" changeset="138044685" timestamp="2023-07-03T02:47:32Z" user="vietnam321" uid="11196308" lat="21.0385913" lon="105.8135482"/>
 <node id="11021320814" visible="true" version="1" changeset="138044685" timestamp="2023-07-03T02:47:32Z" user="vietnam321" uid="11196308" lat="21.0386367" lon="105.8135598"/>
 <node id="11021320815" visible="true" version="1" changeset="138044685" timestamp="2023-07-03T02:47:32Z" user="vietnam321" uid="11196308" lat="21.0387995" lon="105.8135741"/>
 <node id="11021320816" visible="true" version="1" changeset="138044685" timestamp="2023-07-03T02:47:32Z" user="vietnam321" uid="11196308" lat="21.0387928" lon="105.8136613"/>
 <node id="11021320817" visible="true" version="1" changeset="138044685" timestamp="2023-07-03T02:47:32Z" user="vietnam321" uid="11196308" lat="21.0388066" lon="105.8136625"/>
 <node id="11021320818" visible="true" version="1" changeset="138044685" timestamp="2023-07-03T02:47:32Z" user="vietnam321" uid="11196308" lat="21.0387935" lon="105.8138341"/>
 <node id="11021320819" visible="true" version="1" changeset="138044685" timestamp="2023-07-03T02:47:32Z" user="vietnam321" uid="11196308" lat="21.0387142" lon="105.8138272"/>
 <node id="11021320820" visible="true" version="1" changeset="138044685" timestamp="2023-07-03T02:47:32Z" user="vietnam321" uid="11196308" lat="21.0387174" lon="105.8137852"/>
 <node id="11021320821" visible="true" version="1" changeset="138044685" timestamp="2023-07-03T02:47:32Z" user="vietnam321" uid="11196308" lat="21.0386737" lon="105.8137814"/>
 <node id="11021320822" visible="true" version="1" changeset="138044685" timestamp="2023-07-03T02:47:32Z" user="vietnam321" uid="11196308" lat="21.0386787" lon="105.8137155"/>
 <node id="11021320823" visible="true" version="1" changeset="138044685" timestamp="2023-07-03T02:47:32Z" user="vietnam321" uid="11196308" lat="21.0386251" lon="105.8137108"/>
 <node id="11021320824" visible="true" version="1" changeset="138044685" timestamp="2023-07-03T02:47:32Z" user="vietnam321" uid="11196308" lat="21.0388158" lon="105.8135641"/>
 <node id="11021320825" visible="true" version="2" changeset="176789995" timestamp="2026-01-03T16:55:47Z" user="Hung Tran 9x0" uid="20910140" lat="21.0387908" lon="105.8139218"/>
 <node id="11027079212" visible="true" version="2" changeset="152985266" timestamp="2024-06-21T10:04:02Z" user="openmap-vn" uid="21213273" lat="21.0376047" lon="105.8166365"/>
 <node id="11027079213" visible="true" version="2" changeset="152985266" timestamp="2024-06-21T10:04:02Z" user="openmap-vn" uid="21213273" lat="21.0375651" lon="105.8168016"/>
 <node id="11027079214" visible="true" version="2" changeset="139641241" timestamp="2023-08-09T06:14:59Z" user="ItsLouisAnderson" uid="11691953" lat="21.0366625" lon="105.8159931">
  <tag k="access" v="permissive"/>
  <tag k="barrier" v="lift_gate"/>
 </node>
 <node id="11027079215" visible="true" version="2" changeset="152985266" timestamp="2024-06-21T10:04:02Z" user="openmap-vn" uid="21213273" lat="21.0376373" lon="105.8166286"/>
 <node id="11027079216" visible="true" version="2" changeset="152985266" timestamp="2024-06-21T10:04:02Z" user="openmap-vn" uid="21213273" lat="21.0373093" lon="105.8165496"/>
 <node id="11027079217" visible="true" version="2" changeset="152985266" timestamp="2024-06-21T10:04:02Z" user="openmap-vn" uid="21213273" lat="21.0372796" lon="105.8167049"/>
 <node id="11041631515" visible="true" version="1" changeset="138404294" timestamp="2023-07-12T04:56:33Z" user="Grab_Cong" uid="18820325" lat="21.0360920" lon="105.8175380"/>
 <node id="11041631516" visible="true" version="1" changeset="138404294" timestamp="2023-07-12T04:56:33Z" user="Grab_Cong" uid="18820325" lat="21.0361079" lon="105.8175405"/>
 <node id="11041631517" visible="true" version="1" changeset="138404294" timestamp="2023-07-12T04:56:33Z" user="Grab_Cong" uid="18820325" lat="21.0361294" lon="105.8175389"/>
 <node id="11041631518" visible="true" version="1" changeset="138404294" timestamp="2023-07-12T04:56:33Z" user="Grab_Cong" uid="18820325" lat="21.0361513" lon="105.8175258"/>
 <node id="11041631519" visible="true" version="1" changeset="138404294" timestamp="2023-07-12T04:56:33Z" user="Grab_Cong" uid="18820325" lat="21.0361734" lon="105.8175252"/>
 <node id="11041631520" visible="true" version="1" changeset="138404294" timestamp="2023-07-12T04:56:33Z" user="Grab_Cong" uid="18820325" lat="21.0362108" lon="105.8175167"/>
 <node id="11041631521" visible="true" version="4" changeset="152985266" timestamp="2024-06-21T10:04:02Z" user="openmap-vn" uid="21213273" lat="21.0364855" lon="105.8175704">
  <tag k="noexit" v="yes"/>
 </node>
 <node id="11041631522" visible="true" version="2" changeset="149121749" timestamp="2024-03-25T09:37:19Z" user="openmap-vn" uid="21213273" lat="21.0360524" lon="105.8175082"/>
 <node id="11041631523" visible="true" version="1" changeset="138404294" timestamp="2023-07-12T04:56:33Z" user="Grab_Cong" uid="18820325" lat="21.0360156" lon="105.8175640"/>
 <node id="11041631524" visible="true" version="1" changeset="138404294" timestamp="2023-07-12T04:56:33Z" user="Grab_Cong" uid="18820325" lat="21.0360227" lon="105.8175800"/>
 <node id="11041631525" visible="true" version="1" changeset="138404294" timestamp="2023-07-12T04:56:33Z" user="Grab_Cong" uid="18820325" lat="21.0360369" lon="105.8176059"/>
 <node id="11041631526" visible="true" version="1" changeset="138404294" timestamp="2023-07-12T04:56:33Z" user="Grab_Cong" uid="18820325" lat="21.0360795" lon="105.8176840"/>
 <node id="11041631527" visible="true" version="1" changeset="138404294" timestamp="2023-07-12T04:56:33Z" user="Grab_Cong" uid="18820325" lat="21.0362308" lon="105.8170548"/>
 <node id="11041631528" visible="true" version="1" changeset="138404294" timestamp="2023-07-12T04:56:33Z" user="Grab_Cong" uid="18820325" lat="21.0361407" lon="105.8171183"/>
 <node id="11041631529" visible="true" version="1" changeset="138404294" timestamp="2023-07-12T04:56:33Z" user="Grab_Cong" uid="18820325" lat="21.0359970" lon="105.8170389"/>
 <node id="11041631530" visible="true" version="1" changeset="138404294" timestamp="2023-07-12T04:56:33Z" user="Grab_Cong" uid="18820325" lat="21.0359803" lon="105.8174182"/>
 <node id="11041631531" visible="true" version="1" changeset="138404294" timestamp="2023-07-12T04:56:33Z" user="Grab_Cong" uid="18820325" lat="21.0360328" lon="105.8173189"/>
 <node id="11041631532" visible="true" version="1" changeset="138404294" timestamp="2023-07-12T04:56:33Z" user="Grab_Cong" uid="18820325" lat="21.0358926" lon="105.8172359"/>
 <node id="11041631533" visible="true" version="3" changeset="139386694" timestamp="2023-08-03T10:35:11Z" user="MihaiBenta94" uid="13683531" lat="21.0365747" lon="105.8173756">
  <tag k="noexit" v="yes"/>
 </node>
 <node id="11043454098" visible="true" version="3" changeset="168750786" timestamp="2025-07-10T16:04:12Z" user="Hung Tran 9x0" uid="20910140" lat="21.0363310" lon="105.8131162"/>
 <node id="11043454099" visible="true" version="2" changeset="152973382" timestamp="2024-06-21T03:46:03Z" user="openmap-vn" uid="21213273" lat="21.0363304" lon="105.8130653"/>
 <node id="11043454100" visible="true" version="2" changeset="152973382" timestamp="2024-06-21T03:46:03Z" user="openmap-vn" uid="21213273" lat="21.0363301" lon="105.8130107"/>
 <node id="11043454101" visible="true" version="3" changeset="168750786" timestamp="2025-07-10T16:04:12Z" user="Hung Tran 9x0" uid="20910140" lat="21.0363316" lon="105.8129228"/>
 <node id="11043454102" visible="true" version="3" changeset="168750786" timestamp="2025-07-10T16:04:12Z" user="Hung Tran 9x0" uid="20910140" lat="21.0363395" lon="105.8128106"/>
 <node id="11043454103" visible="true" version="2" changeset="152973382" timestamp="2024-06-21T03:46:03Z" user="openmap-vn" uid="21213273" lat="21.0365535" lon="105.8128389"/>
 <node id="11043454104" visible="true" version="2" changeset="152973382" timestamp="2024-06-21T03:46:03Z" user="openmap-vn" uid="21213273" lat="21.0366485" lon="105.8128516"/>
 <node id="11043472005" visible="true" version="2" changeset="152973382" timestamp="2024-06-21T03:46:03Z" user="openmap-vn" uid="21213273" lat="21.0367744" lon="105.8128606"/>
 <node id="11043472006" visible="true" version="2" changeset="152973382" timestamp="2024-06-21T03:46:03Z" user="openmap-vn" uid="21213273" lat="21.0367837" lon="105.8127833"/>
 <node id="11043472007" visible="true" version="2" changeset="152973382" timestamp="2024-06-21T03:46:03Z" user="openmap-vn" uid="21213273" lat="21.0367868" lon="105.8126972"/>
 <node id="11043472008" visible="true" version="2" changeset="152973382" timestamp="2024-06-21T03:46:03Z" user="openmap-vn" uid="21213273" lat="21.0367916" lon="105.8126074"/>
 <node id="11043472009" visible="true" version="2" changeset="152973382" timestamp="2024-06-21T03:46:03Z" user="openmap-vn" uid="21213273" lat="21.0367959" lon="105.8125231"/>
 <node id="11043472010" visible="true" version="2" changeset="152973382" timestamp="2024-06-21T03:46:03Z" user="openmap-vn" uid="21213273" lat="21.0368006" lon="105.8124755"/>
 <node id="11043472011" visible="true" version="2" changeset="152973382" timestamp="2024-06-21T03:46:03Z" user="openmap-vn" uid="21213273" lat="21.0368735" lon="105.8124904"/>
 <node id="11043472012" visible="true" version="2" changeset="152973382" timestamp="2024-06-21T03:46:03Z" user="openmap-vn" uid="21213273" lat="21.0369565" lon="105.8124995"/>
 <node id="11043472013" visible="true" version="2" changeset="152973382" timestamp="2024-06-21T03:46:03Z" user="openmap-vn" uid="21213273" lat="21.0370595" lon="105.8125126"/>
 <node id="11043472014" visible="true" version="2" changeset="152973382" timestamp="2024-06-21T03:46:03Z" user="openmap-vn" uid="21213273" lat="21.0371978" lon="105.8125448"/>
 <node id="11043472015" visible="true" version="2" changeset="152973382" timestamp="2024-06-21T03:46:03Z" user="openmap-vn" uid="21213273" lat="21.0370900" lon="105.8125171"/>
 <node id="11043472016" visible="true" version="2" changeset="152973382" timestamp="2024-06-21T03:46:03Z" user="openmap-vn" uid="21213273" lat="21.0371090" lon="105.8124146"/>
 <node id="11043472017" visible="true" version="2" changeset="152973382" timestamp="2024-06-21T03:46:03Z" user="openmap-vn" uid="21213273" lat="21.0371519" lon="105.8121443"/>
 <node id="11043472018" visible="true" version="2" changeset="152973382" timestamp="2024-06-21T03:46:03Z" user="openmap-vn" uid="21213273" lat="21.0372037" lon="105.8121428">
  <tag k="noexit" v="yes"/>
 </node>
 <node id="11043472019" visible="true" version="1" changeset="138448935" timestamp="2023-07-13T06:43:17Z" user="GrabVN_Ngaan" uid="14519322" lat="21.0374440" lon="105.8133209"/>
 <node id="11043472020" visible="true" version="2" changeset="152973382" timestamp="2024-06-21T03:46:03Z" user="openmap-vn" uid="21213273" lat="21.0373602" lon="105.8132849"/>
 <node id="11043472021" visible="true" version="2" changeset="152973382" timestamp="2024-06-21T03:46:03Z" user="openmap-vn" uid="21213273" lat="21.0372742" lon="105.8132640"/>
 <node id="11043472022" visible="true" version="2" changeset="152973382" timestamp="2024-06-21T03:46:03Z" user="openmap-vn" uid="21213273" lat="21.0371358" lon="105.8131908"/>
 <node id="11043472023" visible="true" version="2" changeset="152973382" timestamp="2024-06-21T03:46:03Z" user="openmap-vn" uid="21213273" lat="21.0370735" lon="105.8132058"/>
 <node id="11043472024" visible="true" version="2" changeset="152973382" timestamp="2024-06-21T03:46:03Z" user="openmap-vn" uid="21213273" lat="21.0369938" lon="105.8132180"/>
 <node id="11043472025" visible="true" version="2" changeset="152973382" timestamp="2024-06-21T03:46:03Z" user="openmap-vn" uid="21213273" lat="21.0369837" lon="105.8132933"/>
 <node id="11043472026" visible="true" version="2" changeset="152973382" timestamp="2024-06-21T03:46:03Z" user="openmap-vn" uid="21213273" lat="21.0369781" lon="105.8134070"/>
 <node id="11043472027" visible="true" version="2" changeset="152973382" timestamp="2024-06-21T03:46:03Z" user="openmap-vn" uid="21213273" lat="21.0369742" lon="105.8135684"/>
 <node id="11043472028" visible="true" version="2" changeset="152973382" timestamp="2024-06-21T03:46:03Z" user="openmap-vn" uid="21213273" lat="21.0369730" lon="105.8136836"/>
 <node id="11043472029" visible="true" version="2" changeset="152973382" timestamp="2024-06-21T03:46:03Z" user="openmap-vn" uid="21213273" lat="21.0369689" lon="105.8137716"/>
 <node id="11043472030" visible="true" version="2" changeset="152973382" timestamp="2024-06-21T03:46:03Z" user="openmap-vn" uid="21213273" lat="21.0369641" lon="105.8138204"/>
 <node id="11043472031" visible="true" version="3" changeset="152985266" timestamp="2024-06-21T10:04:02Z" user="openmap-vn" uid="21213273" lat="21.0369627" lon="105.8139215"/>
 <node id="11043472032" visible="true" version="2" changeset="152973382" timestamp="2024-06-21T03:46:03Z" user="openmap-vn" uid="21213273" lat="21.0371969" lon="105.8139870"/>
 <node id="11043472033" visible="true" version="2" changeset="152973382" timestamp="2024-06-21T03:46:03Z" user="openmap-vn" uid="21213273" lat="21.0371652" lon="105.8140803"/>
 <node id="11043472034" visible="true" version="2" changeset="152973382" timestamp="2024-06-21T03:46:03Z" user="openmap-vn" uid="21213273" lat="21.0371185" lon="105.8141971"/>
 <node id="11043472035" visible="true" version="1" changeset="138448935" timestamp="2023-07-13T06:43:17Z" user="GrabVN_Ngaan" uid="14519322" lat="21.0370650" lon="105.8142954"/>
 <node id="11043472036" visible="true" version="2" changeset="152985266" timestamp="2024-06-21T10:04:02Z" user="openmap-vn" uid="21213273" lat="21.0368022" lon="105.8138933"/>
 <node id="11071056668" visible="true" version="2" changeset="152985266" timestamp="2024-06-21T10:04:02Z" user="openmap-vn" uid="21213273" lat="21.0401126" lon="105.8160251"/>
 <node id="11071444937" visible="true" version="2" changeset="144887006" timestamp="2023-12-08T03:49:29Z" user="GrabVN_Ánh Linh Lê" uid="13749044" lat="21.0378587" lon="105.8175734"/>
 <node id="11071444938" visible="true" version="1" changeset="139092074" timestamp="2023-07-27T14:56:48Z" user="violettas_grab" uid="14391469" lat="21.0377955" lon="105.8172823"/>
 <node id="11083465819" visible="true" version="1" changeset="139343471" timestamp="2023-08-02T11:41:43Z" user="cghisa_grab" uid="14109441" lat="21.0382610" lon="105.8158158">
  <tag k="noexit" v="yes"/>
 </node>
 <node id="11083465820" visible="true" version="1" changeset="139343471" timestamp="2023-08-02T11:41:43Z" user="cghisa_grab" uid="14109441" lat="21.0382967" lon="105.8156522"/>
 <node id="11115728950" visible="true" version="1" changeset="139899311" timestamp="2023-08-15T07:03:24Z" user="ItsLouisAnderson" uid="11691953" lat="21.0368730" lon="105.8153201">
  <tag k="amenity" v="bicycle_rental"/>
  <tag k="brand" v="TNGo"/>
  <tag k="fee" v="yes"/>
  <tag k="name" v="TNGo - Liễu Giai - Đội Cấn"/>
  <tag k="network" v="TNGo"/>
  <tag k="operator" v="Công ty cổ phần vận tải số Trí Nam"/>
  <tag k="payment:app" v="yes"/>
  <tag k="payment:credit_cards" v="yes"/>
  <tag k="payment:debit_cards" v="yes"/>
  <tag k="payment:prepaid_ticket" v="yes"/>
  <tag k="website" v="https://tngo.vn/"/>
 </node>
 <node id="11204030109" visible="true" version="1" changeset="141492671" timestamp="2023-09-20T04:11:47Z" user="vietnam321" uid="11196308" lat="21.0381653" lon="105.8120483"/>
 <node id="11204030110" visible="true" version="1" changeset="141492671" timestamp="2023-09-20T04:11:47Z" user="vietnam321" uid="11196308" lat="21.0381492" lon="105.8120658"/>
 <node id="11204030111" visible="true" version="1" changeset="141492671" timestamp="2023-09-20T04:11:47Z" user="vietnam321" uid="11196308" lat="21.0380709" lon="105.8124119"/>
 <node id="11204030112" visible="true" version="1" changeset="141492671" timestamp="2023-09-20T04:11:47Z" user="vietnam321" uid="11196308" lat="21.0380929" lon="105.8124106"/>
 <node id="11204030113" visible="true" version="1" changeset="141492671" timestamp="2023-09-20T04:11:47Z" user="vietnam321" uid="11196308" lat="21.0381713" lon="105.8119918"/>
 <node id="11204030114" visible="true" version="1" changeset="141492671" timestamp="2023-09-20T04:11:47Z" user="vietnam321" uid="11196308" lat="21.0383784" lon="105.8119784"/>
 <node id="11204030115" visible="true" version="1" changeset="141492671" timestamp="2023-09-20T04:11:47Z" user="vietnam321" uid="11196308" lat="21.0386117" lon="105.8119986"/>
 <node id="11204030116" visible="true" version="1" changeset="141492671" timestamp="2023-09-20T04:11:47Z" user="vietnam321" uid="11196308" lat="21.0386205" lon="105.8118950"/>
 <node id="11204030117" visible="true" version="1" changeset="141492671" timestamp="2023-09-20T04:11:47Z" user="vietnam321" uid="11196308" lat="21.0385954" lon="105.8118910"/>
 <node id="11204030118" visible="true" version="1" changeset="141492671" timestamp="2023-09-20T04:11:47Z" user="vietnam321" uid="11196308" lat="21.0385992" lon="105.8118641"/>
 <node id="11204030119" visible="true" version="1" changeset="141492671" timestamp="2023-09-20T04:11:47Z" user="vietnam321" uid="11196308" lat="21.0385703" lon="105.8118587"/>
 <node id="11204030120" visible="true" version="1" changeset="141492671" timestamp="2023-09-20T04:11:47Z" user="vietnam321" uid="11196308" lat="21.0385779" lon="105.8118211"/>
 <node id="11204030121" visible="true" version="1" changeset="141492671" timestamp="2023-09-20T04:11:47Z" user="vietnam321" uid="11196308" lat="21.0384022" lon="105.8117996"/>
 <node id="11204030122" visible="true" version="1" changeset="141492671" timestamp="2023-09-20T04:11:47Z" user="vietnam321" uid="11196308" lat="21.0381626" lon="105.8118104"/>
 <node id="11204030123" visible="true" version="1" changeset="141492671" timestamp="2023-09-20T04:11:47Z" user="vietnam321" uid="11196308" lat="21.0386434" lon="105.8119965"/>
 <node id="11204030124" visible="true" version="1" changeset="141492671" timestamp="2023-09-20T04:11:47Z" user="vietnam321" uid="11196308" lat="21.0386237" lon="105.8122975"/>
 <node id="11204030125" visible="true" version="1" changeset="141492671" timestamp="2023-09-20T04:11:47Z" user="vietnam321" uid="11196308" lat="21.0387085" lon="105.8123039"/>
 <node id="11204030126" visible="true" version="1" changeset="141492671" timestamp="2023-09-20T04:11:47Z" user="vietnam321" uid="11196308" lat="21.0387283" lon="105.8120029"/>
 <node id="11204030127" visible="true" version="1" changeset="141492671" timestamp="2023-09-20T04:11:47Z" user="vietnam321" uid="11196308" lat="21.0379397" lon="105.8118044"/>
 <node id="11204030128" visible="true" version="1" changeset="141492671" timestamp="2023-09-20T04:11:47Z" user="vietnam321" uid="11196308" lat="21.0381600" lon="105.8117883"/>
 <node id="11204030129" visible="true" version="1" changeset="141492671" timestamp="2023-09-20T04:11:47Z" user="vietnam321" uid="11196308" lat="21.0384103" lon="105.8117776"/>
 <node id="11204030130" visible="true" version="1" changeset="141492671" timestamp="2023-09-20T04:11:47Z" user="vietnam321" uid="11196308" lat="21.0385805" lon="105.8118085"/>
 <node id="11204030131" visible="true" version="1" changeset="141492671" timestamp="2023-09-20T04:11:47Z" user="vietnam321" uid="11196308" lat="21.0385067" lon="105.8122859"/>
 <node id="11204030132" visible="true" version="1" changeset="141492671" timestamp="2023-09-20T04:11:47Z" user="vietnam321" uid="11196308" lat="21.0385042" lon="105.8123221"/>
 <node id="11204030133" visible="true" version="1" changeset="141492671" timestamp="2023-09-20T04:11:47Z" user="vietnam321" uid="11196308" lat="21.0383928" lon="105.8123114"/>
 <node id="11204030134" visible="true" version="1" changeset="141492671" timestamp="2023-09-20T04:11:47Z" user="vietnam321" uid="11196308" lat="21.0379622" lon="105.8124495"/>
 <node id="11212054929" visible="true" version="1" changeset="141638202" timestamp="2023-09-23T10:35:22Z" user="vietnam321" uid="11196308" lat="21.0357746" lon="105.8142276"/>
 <node id="11212054930" visible="true" version="1" changeset="141638202" timestamp="2023-09-23T10:35:22Z" user="vietnam321" uid="11196308" lat="21.0357540" lon="105.8126970"/>
 <node id="11212054932" visible="true" version="1" changeset="141638202" timestamp="2023-09-23T10:35:22Z" user="vietnam321" uid="11196308" lat="21.0357308" lon="105.8131838"/>
 <node id="11212079848" visible="true" version="1" changeset="141638202" timestamp="2023-09-23T10:35:22Z" user="vietnam321" uid="11196308" lat="21.0358440" lon="105.8131942"/>
 <node id="11212079852" visible="true" version="1" changeset="141638202" timestamp="2023-09-23T10:35:22Z" user="vietnam321" uid="11196308" lat="21.0358230" lon="105.8134566"/>
 <node id="11212079858" visible="true" version="1" changeset="141638202" timestamp="2023-09-23T10:35:22Z" user="vietnam321" uid="11196308" lat="21.0357925" lon="105.8134825"/>
 <node id="11212079861" visible="true" version="1" changeset="141638202" timestamp="2023-09-23T10:35:22Z" user="vietnam321" uid="11196308" lat="21.0359093" lon="105.8124808"/>
 <node id="11212079864" visible="true" version="1" changeset="141638202" timestamp="2023-09-23T10:35:22Z" user="vietnam321" uid="11196308" lat="21.0358791" lon="105.8127155"/>
 <node id="11212079865" visible="true" version="1" changeset="141638202" timestamp="2023-09-23T10:35:22Z" user="vietnam321" uid="11196308" lat="21.0357843" lon="105.8124623"/>
 <node id="11212079866" visible="true" version="1" changeset="141638202" timestamp="2023-09-23T10:35:22Z" user="vietnam321" uid="11196308" lat="21.0357075" lon="105.8134747"/>
 <node id="11212079873" visible="true" version="1" changeset="141638202" timestamp="2023-09-23T10:35:22Z" user="vietnam321" uid="11196308" lat="21.0357948" lon="105.8134541"/>
 <node id="11242922592" visible="true" version="2" changeset="176789995" timestamp="2026-01-03T16:55:47Z" user="Hung Tran 9x0" uid="20910140" lat="21.0390101" lon="105.8135838"/>
 <node id="11242922593" visible="true" version="1" changeset="142217672" timestamp="2023-10-06T06:51:00Z" user="hieuvan" uid="2678766" lat="21.0390240" lon="105.8134186"/>
 <node id="11242922594" visible="true" version="2" changeset="152985266" timestamp="2024-06-21T10:04:02Z" user="openmap-vn" uid="21213273" lat="21.0390338" lon="105.8132802"/>
 <node id="11242922595" visible="true" version="2" changeset="168946648" timestamp="2025-07-15T06:20:23Z" user="Tewuzij" uid="16194143" lat="21.0383255" lon="105.8129324">
  <tag k="amenity" v="bank"/>
  <tag k="branch" v="PGD Đốc Ngữ"/>
  <tag k="brand" v="Sacombank"/>
  <tag k="brand:wikidata" v="Q6123772"/>
  <tag k="name" v="Sacombank"/>
  <tag k="operator" v="Sacombank"/>
 </node>
 <node id="11242922596" visible="true" version="1" changeset="142217672" timestamp="2023-10-06T06:51:00Z" user="hieuvan" uid="2678766" lat="21.0381240" lon="105.8132918">
  <tag k="amenity" v="cafe"/>
  <tag k="delivery" v="no"/>
  <tag k="internet_access" v="no"/>
  <tag k="name" v="Trà đá"/>
  <tag k="opening_hours" v="07:30-17:30"/>
  <tag k="outdoor_seating" v="yes"/>
  <tag k="takeaway" v="yes"/>
 </node>
 <node id="11242922597" visible="true" version="2" changeset="176789995" timestamp="2026-01-03T16:55:47Z" user="Hung Tran 9x0" uid="20910140" lat="21.0388218" lon="105.8136345"/>
 <node id="11242922598" visible="true" version="1" changeset="142217672" timestamp="2023-10-06T06:51:00Z" user="hieuvan" uid="2678766" lat="21.0388262" lon="105.8134836"/>
 <node id="11242922599" visible="true" version="2" changeset="176789995" timestamp="2026-01-03T16:55:47Z" user="Hung Tran 9x0" uid="20910140" lat="21.0388320" lon="105.8133750"/>
 <node id="11359776148" visible="true" version="1" changeset="144169159" timestamp="2023-11-18T10:48:47Z" user="vietnam321" uid="11196308" lat="21.0391393" lon="105.8129114"/>
 <node id="11359776149" visible="true" version="1" changeset="144169159" timestamp="2023-11-18T10:48:47Z" user="vietnam321" uid="11196308" lat="21.0391095" lon="105.8131497"/>
 <node id="11359776150" visible="true" version="1" changeset="144169159" timestamp="2023-11-18T10:48:47Z" user="vietnam321" uid="11196308" lat="21.0388926" lon="105.8131186"/>
 <node id="11359776151" visible="true" version="1" changeset="144169159" timestamp="2023-11-18T10:48:47Z" user="vietnam321" uid="11196308" lat="21.0389224" lon="105.8128803"/>
 <node id="11359776156" visible="true" version="1" changeset="144169159" timestamp="2023-11-18T10:48:47Z" user="vietnam321" uid="11196308" lat="21.0393970" lon="105.8148569"/>
 <node id="11359776157" visible="true" version="1" changeset="144169159" timestamp="2023-11-18T10:48:47Z" user="vietnam321" uid="11196308" lat="21.0391942" lon="105.8152150"/>
 <node id="11359776158" visible="true" version="1" changeset="144169159" timestamp="2023-11-18T10:48:47Z" user="vietnam321" uid="11196308" lat="21.0393650" lon="105.8152331"/>
 <node id="11359776159" visible="true" version="1" changeset="144169159" timestamp="2023-11-18T10:48:47Z" user="vietnam321" uid="11196308" lat="21.0393541" lon="105.8153333"/>
 <node id="11359776160" visible="true" version="1" changeset="144169159" timestamp="2023-11-18T10:48:47Z" user="vietnam321" uid="11196308" lat="21.0391439" lon="105.8152775"/>
 <node id="11359776161" visible="true" version="1" changeset="144169159" timestamp="2023-11-18T10:48:47Z" user="vietnam321" uid="11196308" lat="21.0392828" lon="105.8152960"/>
 <node id="11359776162" visible="true" version="1" changeset="144169159" timestamp="2023-11-18T10:48:47Z" user="vietnam321" uid="11196308" lat="21.0392834" lon="105.8153214"/>
 <node id="11372970257" visible="true" version="1" changeset="144402446" timestamp="2023-11-24T10:39:29Z" user="GrabVN_Ánh Linh Lê" uid="13749044" lat="21.0347834" lon="105.8188702"/>
 <node id="11372970259" visible="true" version="2" changeset="149139478" timestamp="2024-03-25T16:34:59Z" user="openmap-vn" uid="21213273" lat="21.0342343" lon="105.8200529"/>
 <node id="11387109161" visible="true" version="2" changeset="152985266" timestamp="2024-06-21T10:04:02Z" user="openmap-vn" uid="21213273" lat="21.0383045" lon="105.8182549"/>
 <node id="11387109162" visible="true" version="1" changeset="144650716" timestamp="2023-12-01T07:16:28Z" user="Grab_Cong" uid="18820325" lat="21.0386110" lon="105.8183549"/>
 <node id="11387109163" visible="true" version="1" changeset="144650716" timestamp="2023-12-01T07:16:28Z" user="Grab_Cong" uid="18820325" lat="21.0387002" lon="105.8184299"/>
 <node id="11387109164" visible="true" version="1" changeset="144650716" timestamp="2023-12-01T07:16:28Z" user="Grab_Cong" uid="18820325" lat="21.0388194" lon="105.8183616"/>
 <node id="11387109165" visible="true" version="1" changeset="144650716" timestamp="2023-12-01T07:16:28Z" user="Grab_Cong" uid="18820325" lat="21.0384702" lon="105.8183117"/>
 <node id="11387109166" visible="true" version="1" changeset="144650716" timestamp="2023-12-01T07:16:28Z" user="Grab_Cong" uid="18820325" lat="21.0384367" lon="105.8183137"/>
 <node id="11387109167" visible="true" version="1" changeset="144650716" timestamp="2023-12-01T07:16:28Z" user="Grab_Cong" uid="18820325" lat="21.0383956" lon="105.8183137"/>
 <node id="11387109168" visible="true" version="1" changeset="144650716" timestamp="2023-12-01T07:16:28Z" user="Grab_Cong" uid="18820325" lat="21.0383811" lon="105.8183076"/>
 <node id="11387139569" visible="true" version="1" changeset="144650716" timestamp="2023-12-01T07:16:28Z" user="Grab_Cong" uid="18820325" lat="21.0383621" lon="105.8182873"/>
 <node id="11387139570" visible="true" version="1" changeset="144650716" timestamp="2023-12-01T07:16:28Z" user="Grab_Cong" uid="18820325" lat="21.0383539" lon="105.8182629"/>
 <node id="11387139571" visible="true" version="1" changeset="144650716" timestamp="2023-12-01T07:16:28Z" user="Grab_Cong" uid="18820325" lat="21.0383482" lon="105.8179559"/>
 <node id="11399457444" visible="true" version="1" changeset="144851745" timestamp="2023-12-07T04:20:37Z" user="vietnam321" uid="11196308" lat="21.0374592" lon="105.8119648"/>
 <node id="11399457446" visible="true" version="1" changeset="144851745" timestamp="2023-12-07T04:20:37Z" user="vietnam321" uid="11196308" lat="21.0376157" lon="105.8120757"/>
 <node id="11399475189" visible="true" version="1" changeset="144851745" timestamp="2023-12-07T04:20:37Z" user="vietnam321" uid="11196308" lat="21.0374760" lon="105.8119527"/>
 <node id="11399475209" visible="true" version="1" changeset="144851745" timestamp="2023-12-07T04:20:37Z" user="vietnam321" uid="11196308" lat="21.0374656" lon="105.8121002"/>
 <node id="11399475229" visible="true" version="1" changeset="144851745" timestamp="2023-12-07T04:20:37Z" user="vietnam321" uid="11196308" lat="21.0373852" lon="105.8121045"/>
 <node id="11399475238" visible="true" version="1" changeset="144851745" timestamp="2023-12-07T04:20:37Z" user="vietnam321" uid="11196308" lat="21.0373789" lon="105.8119691"/>
 <node id="11399475239" visible="true" version="1" changeset="144851745" timestamp="2023-12-07T04:20:37Z" user="vietnam321" uid="11196308" lat="21.0376069" lon="105.8119428"/>
 <node id="11399475243" visible="true" version="1" changeset="144851745" timestamp="2023-12-07T04:20:37Z" user="vietnam321" uid="11196308" lat="21.0374847" lon="105.8120856"/>
 <node id="11402118928" visible="true" version="1" changeset="144887006" timestamp="2023-12-08T03:49:29Z" user="GrabVN_Ánh Linh Lê" uid="13749044" lat="21.0373988" lon="105.8179136"/>
 <node id="11402118929" visible="true" version="1" changeset="144887006" timestamp="2023-12-08T03:49:29Z" user="GrabVN_Ánh Linh Lê" uid="13749044" lat="21.0371693" lon="105.8179548"/>
 <node id="11405052422" visible="true" version="1" changeset="144927535" timestamp="2023-12-09T08:58:32Z" user="vietnam321" uid="11196308" lat="21.0378421" lon="105.8119298"/>
 <node id="11405052423" visible="true" version="1" changeset="144927535" timestamp="2023-12-09T08:58:32Z" user="vietnam321" uid="11196308" lat="21.0378458" lon="105.8119915"/>
 <node id="11405052424" visible="true" version="1" changeset="144927535" timestamp="2023-12-09T08:58:32Z" user="vietnam321" uid="11196308" lat="21.0376768" lon="105.8120009"/>
 <node id="11405052425" visible="true" version="1" changeset="144927535" timestamp="2023-12-09T08:58:32Z" user="vietnam321" uid="11196308" lat="21.0376806" lon="105.8120908"/>
 <node id="11405052426" visible="true" version="1" changeset="144927535" timestamp="2023-12-09T08:58:32Z" user="vietnam321" uid="11196308" lat="21.0374753" lon="105.8121042"/>
 <node id="11405052427" visible="true" version="1" changeset="144927535" timestamp="2023-12-09T08:58:32Z" user="vietnam321" uid="11196308" lat="21.0374653" lon="105.8119446"/>
 <node id="11405052428" visible="true" version="1" changeset="144927535" timestamp="2023-12-09T08:58:32Z" user="vietnam321" uid="11196308" lat="21.0378996" lon="105.8119554"/>
 <node id="11405052429" visible="true" version="1" changeset="144927535" timestamp="2023-12-09T08:58:32Z" user="vietnam321" uid="11196308" lat="21.0376343" lon="105.8119674"/>
 <node id="11462360349" visible="true" version="1" changeset="145610505" timestamp="2023-12-28T10:07:57Z" user="vietnam321" uid="11196308" lat="21.0390916" lon="105.8159111"/>
 <node id="11462360350" visible="true" version="1" changeset="145610505" timestamp="2023-12-28T10:07:57Z" user="vietnam321" uid="11196308" lat="21.0390658" lon="105.8161004"/>
 <node id="11462360351" visible="true" version="1" changeset="145610505" timestamp="2023-12-28T10:07:57Z" user="vietnam321" uid="11196308" lat="21.0391798" lon="105.8161183"/>
 <node id="11462360352" visible="true" version="1" changeset="145610505" timestamp="2023-12-28T10:07:57Z" user="vietnam321" uid="11196308" lat="21.0392054" lon="105.8159302"/>
 <node id="11462360353" visible="true" version="1" changeset="145610505" timestamp="2023-12-28T10:07:57Z" user="vietnam321" uid="11196308" lat="21.0391580" lon="105.8159228"/>
 <node id="11462360354" visible="true" version="1" changeset="145610505" timestamp="2023-12-28T10:07:57Z" user="vietnam321" uid="11196308" lat="21.0391632" lon="105.8158845"/>
 <node id="11462360355" visible="true" version="1" changeset="145610505" timestamp="2023-12-28T10:07:57Z" user="vietnam321" uid="11196308" lat="21.0391384" lon="105.8158806"/>
 <node id="11462360356" visible="true" version="1" changeset="145610505" timestamp="2023-12-28T10:07:57Z" user="vietnam321" uid="11196308" lat="21.0391334" lon="105.8159176"/>
 <node id="11472573854" visible="true" version="2" changeset="176789995" timestamp="2026-01-03T16:55:47Z" user="Hung Tran 9x0" uid="20910140" lat="21.0379895" lon="105.8147891">
  <tag k="noexit" v="yes"/>
 </node>
 <node id="11472573855" visible="true" version="2" changeset="149121390" timestamp="2024-03-25T09:29:43Z" user="openmap-vn" uid="21213273" lat="21.0378519" lon="105.8148975"/>
 <node id="11472573856" visible="true" version="2" changeset="149121390" timestamp="2024-03-25T09:29:43Z" user="openmap-vn" uid="21213273" lat="21.0378481" lon="105.8149780"/>
 <node id="11472573857" visible="true" version="2" changeset="149121390" timestamp="2024-03-25T09:29:43Z" user="openmap-vn" uid="21213273" lat="21.0377624" lon="105.8149539"/>
 <node id="11472573858" visible="true" version="2" changeset="149121390" timestamp="2024-03-25T09:29:43Z" user="openmap-vn" uid="21213273" lat="21.0377624" lon="105.8149324"/>
 <node id="11472573861" visible="true" version="1" changeset="145724993" timestamp="2023-12-31T09:46:50Z" user="vietnam321" uid="11196308" lat="21.0374737" lon="105.8154521"/>
 <node id="11472573862" visible="true" version="1" changeset="145724993" timestamp="2023-12-31T09:46:50Z" user="vietnam321" uid="11196308" lat="21.0372262" lon="105.8159155"/>
 <node id="11472573863" visible="true" version="1" changeset="145724993" timestamp="2023-12-31T09:46:50Z" user="vietnam321" uid="11196308" lat="21.0369541" lon="105.8157487"/>
 <node id="11472573864" visible="true" version="1" changeset="145724993" timestamp="2023-12-31T09:46:50Z" user="vietnam321" uid="11196308" lat="21.0370653" lon="105.8155404"/>
 <node id="11472573865" visible="true" version="1" changeset="145724993" timestamp="2023-12-31T09:46:50Z" user="vietnam321" uid="11196308" lat="21.0371728" lon="105.8156064"/>
 <node id="11472573866" visible="true" version="1" changeset="145724993" timestamp="2023-12-31T09:46:50Z" user="vietnam321" uid="11196308" lat="21.0372016" lon="105.8156050"/>
 <node id="11472573867" visible="true" version="1" changeset="145724993" timestamp="2023-12-31T09:46:50Z" user="vietnam321" uid="11196308" lat="21.0372692" lon="105.8154629"/>
 <node id="11472573868" visible="true" version="1" changeset="145724993" timestamp="2023-12-31T09:46:50Z" user="vietnam321" uid="11196308" lat="21.0374081" lon="105.8154119"/>
 <node id="11472588574" visible="true" version="2" changeset="175572180" timestamp="2025-12-06T05:07:06Z" user="Hung Tran 9x0" uid="20910140" lat="21.0364140" lon="105.8164790"/>
 <node id="11507238421" visible="true" version="2" changeset="152985266" timestamp="2024-06-21T10:04:02Z" user="openmap-vn" uid="21213273" lat="21.0389523" lon="105.8175563"/>
 <node id="11521920519" visible="true" version="1" changeset="146323663" timestamp="2024-01-16T13:19:05Z" user="user_20566936" uid="20566936" lat="21.0347366" lon="105.8118900">
  <tag k="brand" v="Circle K"/>
  <tag k="brand:wikidata" v="Q3268010"/>
  <tag k="name" v="Circle K"/>
  <tag k="shop" v="convenience"/>
 </node>
 <node id="11521920520" visible="true" version="1" changeset="146323663" timestamp="2024-01-16T13:19:05Z" user="user_20566936" uid="20566936" lat="21.0346388" lon="105.8118629">
  <tag k="amenity" v="cafe"/>
  <tag k="name" v="The Sipping Bar"/>
 </node>
 <node id="11521920522" visible="true" version="1" changeset="146323663" timestamp="2024-01-16T13:19:05Z" user="user_20566936" uid="20566936" lat="21.0346799" lon="105.8127952">
  <tag k="amenity" v="pharmacy"/>
  <tag k="healthcare" v="pharmacy"/>
  <tag k="name" v="Nhà Thuốc Hiệp Oanh"/>
 </node>
 <node id="11521920523" visible="true" version="1" changeset="146323663" timestamp="2024-01-16T13:19:05Z" user="user_20566936" uid="20566936" lat="21.0357856" lon="105.8130038">
  <tag k="amenity" v="pharmacy"/>
  <tag k="healthcare" v="pharmacy"/>
  <tag k="name" v="Nhà thuốc Đức Hạnh"/>
  <tag k="name:en" v="Duc Hanh Pharmacy"/>
 </node>
 <node id="11521920524" visible="true" version="1" changeset="146323663" timestamp="2024-01-16T13:19:05Z" user="user_20566936" uid="20566936" lat="21.0349689" lon="105.8146973">
  <tag k="tourism" v="hotel"/>
 </node>
 <node id="11553653864" visible="true" version="1" changeset="146705381" timestamp="2024-01-26T10:59:50Z" user="edumiz624" uid="20881381" lat="21.0375131" lon="105.8141489">
  <tag k="bus" v="yes"/>
  <tag k="highway" v="bus_stop"/>
  <tag k="name" v="Chợ Cống Vị"/>
  <tag k="public_transport" v="platform"/>
 </node>
 <node id="11553653865" visible="true" version="1" changeset="146705381" timestamp="2024-01-26T10:59:50Z" user="edumiz624" uid="20881381" lat="21.0379661" lon="105.8135076">
  <tag k="bus" v="yes"/>
  <tag k="highway" v="bus_stop"/>
  <tag k="name" v="Đối diện Chợ Cống Vị"/>
  <tag k="public_transport" v="platform"/>
 </node>
 <node id="11618836469" visible="true" version="1" changeset="147412688" timestamp="2024-02-13T14:54:51Z" user="vietnam321" uid="11196308" lat="21.0410879" lon="105.8151082"/>
 <node id="11702648010" visible="true" version="2" changeset="152704838" timestamp="2024-06-15T03:58:19Z" user="vietnam321" uid="11196308" lat="21.0338554" lon="105.8179972"/>
 <node id="11760308830" visible="true" version="1" changeset="149116639" timestamp="2024-03-25T07:28:14Z" user="openmap-vn" uid="21213273" lat="21.0377184" lon="105.8122643"/>
 <node id="11760308831" visible="true" version="1" changeset="149116639" timestamp="2024-03-25T07:28:14Z" user="openmap-vn" uid="21213273" lat="21.0376309" lon="105.8122924"/>
 <node id="11760308832" visible="true" version="1" changeset="149116639" timestamp="2024-03-25T07:28:14Z" user="openmap-vn" uid="21213273" lat="21.0377186" lon="105.8121253"/>
 <node id="11760308833" visible="true" version="1" changeset="149116639" timestamp="2024-03-25T07:28:14Z" user="openmap-vn" uid="21213273" lat="21.0377194" lon="105.8121595"/>
 <node id="11760308834" visible="true" version="1" changeset="149116639" timestamp="2024-03-25T07:28:14Z" user="openmap-vn" uid="21213273" lat="21.0378564" lon="105.8121557"/>
 <node id="11760308835" visible="true" version="1" changeset="149116639" timestamp="2024-03-25T07:28:14Z" user="openmap-vn" uid="21213273" lat="21.0378556" lon="105.8121215"/>
 <node id="11760308836" visible="true" version="1" changeset="149116639" timestamp="2024-03-25T07:28:14Z" user="openmap-vn" uid="21213273" lat="21.0378347" lon="105.8122330"/>
 <node id="11760308837" visible="true" version="1" changeset="149116639" timestamp="2024-03-25T07:28:14Z" user="openmap-vn" uid="21213273" lat="21.0378329" lon="105.8121563"/>
 <node id="11760308838" visible="true" version="1" changeset="149116639" timestamp="2024-03-25T07:28:14Z" user="openmap-vn" uid="21213273" lat="21.0377281" lon="105.8121592"/>
 <node id="11760308839" visible="true" version="1" changeset="149116639" timestamp="2024-03-25T07:28:14Z" user="openmap-vn" uid="21213273" lat="21.0377273" lon="105.8121250"/>
 <node id="11760308840" visible="true" version="1" changeset="149116639" timestamp="2024-03-25T07:28:14Z" user="openmap-vn" uid="21213273" lat="21.0378321" lon="105.8121221"/>
 <node id="11760308841" visible="true" version="1" changeset="149116639" timestamp="2024-03-25T07:28:14Z" user="openmap-vn" uid="21213273" lat="21.0378314" lon="105.8120947"/>
 <node id="11760308842" visible="true" version="1" changeset="149116639" timestamp="2024-03-25T07:28:14Z" user="openmap-vn" uid="21213273" lat="21.0377267" lon="105.8120976"/>
 <node id="11760308843" visible="true" version="1" changeset="149116639" timestamp="2024-03-25T07:28:14Z" user="openmap-vn" uid="21213273" lat="21.0378298" lon="105.8120286"/>
 <node id="11760308844" visible="true" version="1" changeset="149116639" timestamp="2024-03-25T07:28:14Z" user="openmap-vn" uid="21213273" lat="21.0378306" lon="105.8120592"/>
 <node id="11760308845" visible="true" version="1" changeset="149116639" timestamp="2024-03-25T07:28:14Z" user="openmap-vn" uid="21213273" lat="21.0377258" lon="105.8120621"/>
 <node id="11760308846" visible="true" version="1" changeset="149116639" timestamp="2024-03-25T07:28:14Z" user="openmap-vn" uid="21213273" lat="21.0377300" lon="105.8122359"/>
 <node id="11760308847" visible="true" version="1" changeset="149116639" timestamp="2024-03-25T07:28:14Z" user="openmap-vn" uid="21213273" lat="21.0377251" lon="105.8120315"/>
 <node id="11760308848" visible="true" version="1" changeset="149116639" timestamp="2024-03-25T07:28:14Z" user="openmap-vn" uid="21213273" lat="21.0377248" lon="105.8119301"/>
 <node id="11760308849" visible="true" version="1" changeset="149116639" timestamp="2024-03-25T07:28:14Z" user="openmap-vn" uid="21213273" lat="21.0378339" lon="105.8119274"/>
 <node id="11760308850" visible="true" version="1" changeset="149116639" timestamp="2024-03-25T07:28:14Z" user="openmap-vn" uid="21213273" lat="21.0378329" lon="105.8118835"/>
 <node id="11760308851" visible="true" version="1" changeset="149116639" timestamp="2024-03-25T07:28:14Z" user="openmap-vn" uid="21213273" lat="21.0377238" lon="105.8118862"/>
 <node id="11760308852" visible="true" version="1" changeset="149116639" timestamp="2024-03-25T07:28:14Z" user="openmap-vn" uid="21213273" lat="21.0377226" lon="105.8118311"/>
 <node id="11760308853" visible="true" version="1" changeset="149116639" timestamp="2024-03-25T07:28:14Z" user="openmap-vn" uid="21213273" lat="21.0377233" lon="105.8118599"/>
 <node id="11760308854" visible="true" version="1" changeset="149116639" timestamp="2024-03-25T07:28:14Z" user="openmap-vn" uid="21213273" lat="21.0378323" lon="105.8118572"/>
 <node id="11760308855" visible="true" version="1" changeset="149116639" timestamp="2024-03-25T07:28:14Z" user="openmap-vn" uid="21213273" lat="21.0378317" lon="105.8118283"/>
 <node id="11760308856" visible="true" version="1" changeset="149116639" timestamp="2024-03-25T07:28:14Z" user="openmap-vn" uid="21213273" lat="21.0378437" lon="105.8117943"/>
 <node id="11760308857" visible="true" version="1" changeset="149116639" timestamp="2024-03-25T07:28:14Z" user="openmap-vn" uid="21213273" lat="21.0378443" lon="105.8118177"/>
 <node id="11760308858" visible="true" version="1" changeset="149116639" timestamp="2024-03-25T07:28:14Z" user="openmap-vn" uid="21213273" lat="21.0377719" lon="105.8117966"/>
 <node id="11760308859" visible="true" version="1" changeset="149116639" timestamp="2024-03-25T07:28:14Z" user="openmap-vn" uid="21213273" lat="21.0377726" lon="105.8118199"/>
 <node id="11760308860" visible="true" version="1" changeset="149116639" timestamp="2024-03-25T07:28:14Z" user="openmap-vn" uid="21213273" lat="21.0378223" lon="105.8117950"/>
 <node id="11760308861" visible="true" version="1" changeset="149116639" timestamp="2024-03-25T07:28:14Z" user="openmap-vn" uid="21213273" lat="21.0377203" lon="105.8118216"/>
 <node id="11760308862" visible="true" version="1" changeset="149116639" timestamp="2024-03-25T07:28:14Z" user="openmap-vn" uid="21213273" lat="21.0378216" lon="105.8117673"/>
 <node id="11760308863" visible="true" version="1" changeset="149116639" timestamp="2024-03-25T07:28:14Z" user="openmap-vn" uid="21213273" lat="21.0377189" lon="105.8117706"/>
 <node id="11760308864" visible="true" version="1" changeset="149116639" timestamp="2024-03-25T07:28:14Z" user="openmap-vn" uid="21213273" lat="21.0378209" lon="105.8117416"/>
 <node id="11760308865" visible="true" version="1" changeset="149116639" timestamp="2024-03-25T07:28:14Z" user="openmap-vn" uid="21213273" lat="21.0377182" lon="105.8117449"/>
 <node id="11760308866" visible="true" version="1" changeset="149116639" timestamp="2024-03-25T07:28:14Z" user="openmap-vn" uid="21213273" lat="21.0378198" lon="105.8117015"/>
 <node id="11760308867" visible="true" version="1" changeset="149116639" timestamp="2024-03-25T07:28:14Z" user="openmap-vn" uid="21213273" lat="21.0377171" lon="105.8117047"/>
 <node id="11760308868" visible="true" version="1" changeset="149116639" timestamp="2024-03-25T07:28:14Z" user="openmap-vn" uid="21213273" lat="21.0378190" lon="105.8116740"/>
 <node id="11760335038" visible="true" version="1" changeset="149116257" timestamp="2024-03-25T07:13:42Z" user="openmap-vn" uid="21213273" lat="21.0377152" lon="105.8116346"/>
 <node id="11760335039" visible="true" version="1" changeset="149116257" timestamp="2024-03-25T07:13:42Z" user="openmap-vn" uid="21213273" lat="21.0378178" lon="105.8116314"/>
 <node id="11760335040" visible="true" version="1" changeset="149116257" timestamp="2024-03-25T07:13:42Z" user="openmap-vn" uid="21213273" lat="21.0377139" lon="105.8115879"/>
 <node id="11760335041" visible="true" version="1" changeset="149116257" timestamp="2024-03-25T07:13:42Z" user="openmap-vn" uid="21213273" lat="21.0378165" lon="105.8115847"/>
 <node id="11760337457" visible="true" version="1" changeset="149116699" timestamp="2024-03-25T07:30:26Z" user="openmap-vn" uid="21213273" lat="21.0377592" lon="105.8124808"/>
 <node id="11760337458" visible="true" version="1" changeset="149116699" timestamp="2024-03-25T07:30:26Z" user="openmap-vn" uid="21213273" lat="21.0377525" lon="105.8124810"/>
 <node id="11760337459" visible="true" version="1" changeset="149116699" timestamp="2024-03-25T07:30:26Z" user="openmap-vn" uid="21213273" lat="21.0377603" lon="105.8125215"/>
 <node id="11760337460" visible="true" version="1" changeset="149116699" timestamp="2024-03-25T07:30:26Z" user="openmap-vn" uid="21213273" lat="21.0377508" lon="105.8124173"/>
 <node id="11760337461" visible="true" version="1" changeset="149116699" timestamp="2024-03-25T07:30:26Z" user="openmap-vn" uid="21213273" lat="21.0377157" lon="105.8124183"/>
 <node id="11760337462" visible="true" version="1" changeset="149116699" timestamp="2024-03-25T07:30:26Z" user="openmap-vn" uid="21213273" lat="21.0377184" lon="105.8125227"/>
 <node id="11760337463" visible="true" version="1" changeset="149116699" timestamp="2024-03-25T07:30:26Z" user="openmap-vn" uid="21213273" lat="21.0377516" lon="105.8124076"/>
 <node id="11760337464" visible="true" version="1" changeset="149116699" timestamp="2024-03-25T07:30:26Z" user="openmap-vn" uid="21213273" lat="21.0377526" lon="105.8124451"/>
 <node id="11760337465" visible="true" version="1" changeset="149116699" timestamp="2024-03-25T07:30:26Z" user="openmap-vn" uid="21213273" lat="21.0378711" lon="105.8124416"/>
 <node id="11760337466" visible="true" version="1" changeset="149116699" timestamp="2024-03-25T07:30:26Z" user="openmap-vn" uid="21213273" lat="21.0377597" lon="105.8124449"/>
 <node id="11760337467" visible="true" version="1" changeset="149116699" timestamp="2024-03-25T07:30:26Z" user="openmap-vn" uid="21213273" lat="21.0378608" lon="105.8124419"/>
 <node id="11760337468" visible="true" version="1" changeset="149116699" timestamp="2024-03-25T07:30:26Z" user="openmap-vn" uid="21213273" lat="21.0377587" lon="105.8124074"/>
 <node id="11760352969" visible="true" version="1" changeset="149116639" timestamp="2024-03-25T07:28:14Z" user="openmap-vn" uid="21213273" lat="21.0377163" lon="105.8116773"/>
 <node id="11760357869" visible="true" version="1" changeset="149116699" timestamp="2024-03-25T07:30:26Z" user="openmap-vn" uid="21213273" lat="21.0378599" lon="105.8124044"/>
 <node id="11760357870" visible="true" version="1" changeset="149116699" timestamp="2024-03-25T07:30:26Z" user="openmap-vn" uid="21213273" lat="21.0377578" lon="105.8123712"/>
 <node id="11760357871" visible="true" version="1" changeset="149116699" timestamp="2024-03-25T07:30:26Z" user="openmap-vn" uid="21213273" lat="21.0378589" lon="105.8123682"/>
 <node id="11760357872" visible="true" version="1" changeset="149116699" timestamp="2024-03-25T07:30:26Z" user="openmap-vn" uid="21213273" lat="21.0377569" lon="105.8123370"/>
 <node id="11760357873" visible="true" version="1" changeset="149116699" timestamp="2024-03-25T07:30:26Z" user="openmap-vn" uid="21213273" lat="21.0378581" lon="105.8123340"/>
 <node id="11760357874" visible="true" version="1" changeset="149116699" timestamp="2024-03-25T07:30:26Z" user="openmap-vn" uid="21213273" lat="21.0377560" lon="105.8123021"/>
 <node id="11760357875" visible="true" version="1" changeset="149116699" timestamp="2024-03-25T07:30:26Z" user="openmap-vn" uid="21213273" lat="21.0378572" lon="105.8122991"/>
 <node id="11760357876" visible="true" version="1" changeset="149116699" timestamp="2024-03-25T07:30:26Z" user="openmap-vn" uid="21213273" lat="21.0377553" lon="105.8122750"/>
 <node id="11760357877" visible="true" version="1" changeset="149116699" timestamp="2024-03-25T07:30:26Z" user="openmap-vn" uid="21213273" lat="21.0377611" lon="105.8125001"/>
 <node id="11760357878" visible="true" version="1" changeset="149116699" timestamp="2024-03-25T07:30:26Z" user="openmap-vn" uid="21213273" lat="21.0378725" lon="105.8124968"/>
 <node id="11760357879" visible="true" version="1" changeset="149116699" timestamp="2024-03-25T07:30:26Z" user="openmap-vn" uid="21213273" lat="21.0378565" lon="105.8122720"/>
 <node id="11760364031" visible="true" version="1" changeset="149116979" timestamp="2024-03-25T07:40:02Z" user="openmap-vn" uid="21213273" lat="21.0378824" lon="105.8130702"/>
 <node id="11760364032" visible="true" version="1" changeset="149116979" timestamp="2024-03-25T07:40:02Z" user="openmap-vn" uid="21213273" lat="21.0378824" lon="105.8130446"/>
 <node id="11760364033" visible="true" version="1" changeset="149116979" timestamp="2024-03-25T07:40:02Z" user="openmap-vn" uid="21213273" lat="21.0377366" lon="105.8128587"/>
 <node id="11760364034" visible="true" version="1" changeset="149116979" timestamp="2024-03-25T07:40:02Z" user="openmap-vn" uid="21213273" lat="21.0377360" lon="105.8128587"/>
 <node id="11760364035" visible="true" version="1" changeset="149116979" timestamp="2024-03-25T07:40:02Z" user="openmap-vn" uid="21213273" lat="21.0377359" lon="105.8128977"/>
 <node id="11760364036" visible="true" version="1" changeset="149116979" timestamp="2024-03-25T07:40:02Z" user="openmap-vn" uid="21213273" lat="21.0379001" lon="105.8130703"/>
 <node id="11760364037" visible="true" version="1" changeset="149116979" timestamp="2024-03-25T07:40:02Z" user="openmap-vn" uid="21213273" lat="21.0379000" lon="105.8131034"/>
 <node id="11760364038" visible="true" version="1" changeset="149116979" timestamp="2024-03-25T07:40:02Z" user="openmap-vn" uid="21213273" lat="21.0377503" lon="105.8131030"/>
 <node id="11760364039" visible="true" version="1" changeset="149116979" timestamp="2024-03-25T07:40:02Z" user="openmap-vn" uid="21213273" lat="21.0377504" lon="105.8130698"/>
 <node id="11760364040" visible="true" version="1" changeset="149116979" timestamp="2024-03-25T07:40:02Z" user="openmap-vn" uid="21213273" lat="21.0377504" lon="105.8130442"/>
 <node id="11760364041" visible="true" version="1" changeset="149116979" timestamp="2024-03-25T07:40:02Z" user="openmap-vn" uid="21213273" lat="21.0378705" lon="105.8130446"/>
 <node id="11760364042" visible="true" version="1" changeset="149116979" timestamp="2024-03-25T07:40:02Z" user="openmap-vn" uid="21213273" lat="21.0378706" lon="105.8130123"/>
 <node id="11760364043" visible="true" version="1" changeset="149116979" timestamp="2024-03-25T07:40:02Z" user="openmap-vn" uid="21213273" lat="21.0377505" lon="105.8130119"/>
 <node id="11760364044" visible="true" version="1" changeset="149116979" timestamp="2024-03-25T07:40:02Z" user="openmap-vn" uid="21213273" lat="21.0379003" lon="105.8130124"/>
 <node id="11760364045" visible="true" version="1" changeset="149116979" timestamp="2024-03-25T07:40:02Z" user="openmap-vn" uid="21213273" lat="21.0379004" lon="105.8129786"/>
 <node id="11760364046" visible="true" version="1" changeset="149116979" timestamp="2024-03-25T07:40:02Z" user="openmap-vn" uid="21213273" lat="21.0377506" lon="105.8129782"/>
 <node id="11760364047" visible="true" version="1" changeset="149116979" timestamp="2024-03-25T07:40:02Z" user="openmap-vn" uid="21213273" lat="21.0379004" lon="105.8129591"/>
 <node id="11760364048" visible="true" version="1" changeset="149116979" timestamp="2024-03-25T07:40:02Z" user="openmap-vn" uid="21213273" lat="21.0377506" lon="105.8129587"/>
 <node id="11760364049" visible="true" version="1" changeset="149116979" timestamp="2024-03-25T07:40:02Z" user="openmap-vn" uid="21213273" lat="21.0379005" lon="105.8129317"/>
 <node id="11760364050" visible="true" version="1" changeset="149116979" timestamp="2024-03-25T07:40:02Z" user="openmap-vn" uid="21213273" lat="21.0377507" lon="105.8129313"/>
 <node id="11760364051" visible="true" version="1" changeset="149116979" timestamp="2024-03-25T07:40:02Z" user="openmap-vn" uid="21213273" lat="21.0379006" lon="105.8128982"/>
 <node id="11760364052" visible="true" version="1" changeset="149116979" timestamp="2024-03-25T07:40:02Z" user="openmap-vn" uid="21213273" lat="21.0377508" lon="105.8128977"/>
 <node id="11760364053" visible="true" version="1" changeset="149116979" timestamp="2024-03-25T07:40:02Z" user="openmap-vn" uid="21213273" lat="21.0379007" lon="105.8128592"/>
 <node id="11760364054" visible="true" version="1" changeset="149116979" timestamp="2024-03-25T07:40:02Z" user="openmap-vn" uid="21213273" lat="21.0377366" lon="105.8128331"/>
 <node id="11760364055" visible="true" version="1" changeset="149116979" timestamp="2024-03-25T07:40:02Z" user="openmap-vn" uid="21213273" lat="21.0377502" lon="105.8131369"/>
 <node id="11760364056" visible="true" version="1" changeset="149116979" timestamp="2024-03-25T07:40:02Z" user="openmap-vn" uid="21213273" lat="21.0379000" lon="105.8131374"/>
 <node id="11760364057" visible="true" version="1" changeset="149116979" timestamp="2024-03-25T07:40:02Z" user="openmap-vn" uid="21213273" lat="21.0379007" lon="105.8128335"/>
 <node id="11760364058" visible="true" version="1" changeset="149116979" timestamp="2024-03-25T07:40:02Z" user="openmap-vn" uid="21213273" lat="21.0377882" lon="105.8126913"/>
 <node id="11760364059" visible="true" version="1" changeset="149116979" timestamp="2024-03-25T07:40:02Z" user="openmap-vn" uid="21213273" lat="21.0377410" lon="105.8128013"/>
 <node id="11760364060" visible="true" version="1" changeset="149116979" timestamp="2024-03-25T07:40:02Z" user="openmap-vn" uid="21213273" lat="21.0377410" lon="105.8126913"/>
 <node id="11760364061" visible="true" version="1" changeset="149116979" timestamp="2024-03-25T07:40:02Z" user="openmap-vn" uid="21213273" lat="21.0377976" lon="105.8126951"/>
 <node id="11760364062" visible="true" version="1" changeset="149116979" timestamp="2024-03-25T07:40:02Z" user="openmap-vn" uid="21213273" lat="21.0378080" lon="105.8127668"/>
 <node id="11760364063" visible="true" version="1" changeset="149116979" timestamp="2024-03-25T07:40:02Z" user="openmap-vn" uid="21213273" lat="21.0378039" lon="105.8127373"/>
 <node id="11760364064" visible="true" version="1" changeset="149116979" timestamp="2024-03-25T07:40:02Z" user="openmap-vn" uid="21213273" lat="21.0378128" lon="105.8128008"/>
 <node id="11760364065" visible="true" version="1" changeset="149116979" timestamp="2024-03-25T07:40:02Z" user="openmap-vn" uid="21213273" lat="21.0377894" lon="105.8126568"/>
 <node id="11760364066" visible="true" version="1" changeset="149116979" timestamp="2024-03-25T07:40:02Z" user="openmap-vn" uid="21213273" lat="21.0377915" lon="105.8125978"/>
 <node id="11760364067" visible="true" version="1" changeset="149116979" timestamp="2024-03-25T07:40:02Z" user="openmap-vn" uid="21213273" lat="21.0377924" lon="105.8125710"/>
 <node id="11760364068" visible="true" version="1" changeset="149116979" timestamp="2024-03-25T07:40:02Z" user="openmap-vn" uid="21213273" lat="21.0377880" lon="105.8126952"/>
 <node id="11760367369" visible="true" version="1" changeset="149116979" timestamp="2024-03-25T07:40:02Z" user="openmap-vn" uid="21213273" lat="21.0378914" lon="105.8127661"/>
 <node id="11760367370" visible="true" version="1" changeset="149116979" timestamp="2024-03-25T07:40:02Z" user="openmap-vn" uid="21213273" lat="21.0378913" lon="105.8127366"/>
 <node id="11760367371" visible="true" version="1" changeset="149116979" timestamp="2024-03-25T07:40:02Z" user="openmap-vn" uid="21213273" lat="21.0378910" lon="105.8126944"/>
 <node id="11760367372" visible="true" version="1" changeset="149116979" timestamp="2024-03-25T07:40:02Z" user="openmap-vn" uid="21213273" lat="21.0378907" lon="105.8126560"/>
 <node id="11760367373" visible="true" version="1" changeset="149116979" timestamp="2024-03-25T07:40:02Z" user="openmap-vn" uid="21213273" lat="21.0378903" lon="105.8125971"/>
 <node id="11760367374" visible="true" version="1" changeset="149116979" timestamp="2024-03-25T07:40:02Z" user="openmap-vn" uid="21213273" lat="21.0378902" lon="105.8125703"/>
 <node id="11760367375" visible="true" version="1" changeset="149116979" timestamp="2024-03-25T07:40:02Z" user="openmap-vn" uid="21213273" lat="21.0378917" lon="105.8128002"/>
 <node id="11760367376" visible="true" version="1" changeset="149116979" timestamp="2024-03-25T07:40:02Z" user="openmap-vn" uid="21213273" lat="21.0377940" lon="105.8125270"/>
 <node id="11760367377" visible="true" version="1" changeset="149116979" timestamp="2024-03-25T07:40:02Z" user="openmap-vn" uid="21213273" lat="21.0378899" lon="105.8125263"/>
 <node id="11760386894" visible="true" version="1" changeset="149117526" timestamp="2024-03-25T07:55:59Z" user="openmap-vn" uid="21213273" lat="21.0377347" lon="105.8133478"/>
 <node id="11760386895" visible="true" version="1" changeset="149117526" timestamp="2024-03-25T07:55:59Z" user="openmap-vn" uid="21213273" lat="21.0376352" lon="105.8136671"/>
 <node id="11760386896" visible="true" version="1" changeset="149117526" timestamp="2024-03-25T07:55:59Z" user="openmap-vn" uid="21213273" lat="21.0376831" lon="105.8136842"/>
 <node id="11760386897" visible="true" version="1" changeset="149117526" timestamp="2024-03-25T07:55:59Z" user="openmap-vn" uid="21213273" lat="21.0377826" lon="105.8133649"/>
 <node id="11760386898" visible="true" version="1" changeset="149117526" timestamp="2024-03-25T07:55:59Z" user="openmap-vn" uid="21213273" lat="21.0375619" lon="105.8133893"/>
 <node id="11760386899" visible="true" version="1" changeset="149117526" timestamp="2024-03-25T07:55:59Z" user="openmap-vn" uid="21213273" lat="21.0376336" lon="105.8134025"/>
 <node id="11760386900" visible="true" version="1" changeset="149117526" timestamp="2024-03-25T07:55:59Z" user="openmap-vn" uid="21213273" lat="21.0376464" lon="105.8133224"/>
 <node id="11760386901" visible="true" version="1" changeset="149117526" timestamp="2024-03-25T07:55:59Z" user="openmap-vn" uid="21213273" lat="21.0375747" lon="105.8133092"/>
 <node id="11760386902" visible="true" version="1" changeset="149117526" timestamp="2024-03-25T07:55:59Z" user="openmap-vn" uid="21213273" lat="21.0375202" lon="105.8136465"/>
 <node id="11760386903" visible="true" version="2" changeset="174900384" timestamp="2025-11-20T10:46:53Z" user="Trần Thanh Tuấn" uid="16014056" lat="21.0376476" lon="105.8133210"/>
 <node id="11760386904" visible="true" version="2" changeset="149118386" timestamp="2024-03-25T08:19:39Z" user="openmap-vn" uid="21213273" lat="21.0377878" lon="105.8133245"/>
 <node id="11760386905" visible="true" version="1" changeset="149117526" timestamp="2024-03-25T07:55:59Z" user="openmap-vn" uid="21213273" lat="21.0377003" lon="105.8133130"/>
 <node id="11760386906" visible="true" version="1" changeset="149117526" timestamp="2024-03-25T07:55:59Z" user="openmap-vn" uid="21213273" lat="21.0378078" lon="105.8132532"/>
 <node id="11760386907" visible="true" version="1" changeset="149117526" timestamp="2024-03-25T07:55:59Z" user="openmap-vn" uid="21213273" lat="21.0377086" lon="105.8132402"/>
 <node id="11760386908" visible="true" version="1" changeset="149117526" timestamp="2024-03-25T07:55:59Z" user="openmap-vn" uid="21213273" lat="21.0377146" lon="105.8131877"/>
 <node id="11760386909" visible="true" version="1" changeset="149117526" timestamp="2024-03-25T07:55:59Z" user="openmap-vn" uid="21213273" lat="21.0378138" lon="105.8132007"/>
 <node id="11760417635" visible="true" version="1" changeset="149118386" timestamp="2024-03-25T08:19:39Z" user="openmap-vn" uid="21213273" lat="21.0374007" lon="105.8139131"/>
 <node id="11760417636" visible="true" version="1" changeset="149118386" timestamp="2024-03-25T08:19:39Z" user="openmap-vn" uid="21213273" lat="21.0374368" lon="105.8139212"/>
 <node id="11760417637" visible="true" version="1" changeset="149118386" timestamp="2024-03-25T08:19:39Z" user="openmap-vn" uid="21213273" lat="21.0374513" lon="105.8138470"/>
 <node id="11760417638" visible="true" version="1" changeset="149118386" timestamp="2024-03-25T08:19:39Z" user="openmap-vn" uid="21213273" lat="21.0373844" lon="105.8139962"/>
 <node id="11760417639" visible="true" version="1" changeset="149118386" timestamp="2024-03-25T08:19:39Z" user="openmap-vn" uid="21213273" lat="21.0373323" lon="105.8139845"/>
 <node id="11760417640" visible="true" version="1" changeset="149118386" timestamp="2024-03-25T08:19:39Z" user="openmap-vn" uid="21213273" lat="21.0373631" lon="105.8138272"/>
 <node id="11760417644" visible="true" version="1" changeset="149118386" timestamp="2024-03-25T08:19:39Z" user="openmap-vn" uid="21213273" lat="21.0376784" lon="105.8138956"/>
 <node id="11760417645" visible="true" version="1" changeset="149118386" timestamp="2024-03-25T08:19:39Z" user="openmap-vn" uid="21213273" lat="21.0375362" lon="105.8138223"/>
 <node id="11760417646" visible="true" version="1" changeset="149118386" timestamp="2024-03-25T08:19:39Z" user="openmap-vn" uid="21213273" lat="21.0375637" lon="105.8137610"/>
 <node id="11760417647" visible="true" version="1" changeset="149118386" timestamp="2024-03-25T08:19:39Z" user="openmap-vn" uid="21213273" lat="21.0377059" lon="105.8138343"/>
 <node id="11760417648" visible="true" version="1" changeset="149118386" timestamp="2024-03-25T08:19:39Z" user="openmap-vn" uid="21213273" lat="21.0375233" lon="105.8138600"/>
 <node id="11760417649" visible="true" version="1" changeset="149118386" timestamp="2024-03-25T08:19:39Z" user="openmap-vn" uid="21213273" lat="21.0374155" lon="105.8138380"/>
 <node id="11760417650" visible="true" version="1" changeset="149118386" timestamp="2024-03-25T08:19:39Z" user="openmap-vn" uid="21213273" lat="21.0374281" lon="105.8137675"/>
 <node id="11760417651" visible="true" version="1" changeset="149118386" timestamp="2024-03-25T08:19:39Z" user="openmap-vn" uid="21213273" lat="21.0375359" lon="105.8137895"/>
 <node id="11760417652" visible="true" version="1" changeset="149118386" timestamp="2024-03-25T08:19:39Z" user="openmap-vn" uid="21213273" lat="21.0374596" lon="105.8137739"/>
 <node id="11760417653" visible="true" version="1" changeset="149118386" timestamp="2024-03-25T08:19:39Z" user="openmap-vn" uid="21213273" lat="21.0374702" lon="105.8137147"/>
 <node id="11760417654" visible="true" version="1" changeset="149118386" timestamp="2024-03-25T08:19:39Z" user="openmap-vn" uid="21213273" lat="21.0375592" lon="105.8136589"/>
 <node id="11760417655" visible="true" version="1" changeset="149118386" timestamp="2024-03-25T08:19:39Z" user="openmap-vn" uid="21213273" lat="21.0375465" lon="105.8137303"/>
 <node id="11760417656" visible="true" version="1" changeset="149118386" timestamp="2024-03-25T08:19:39Z" user="openmap-vn" uid="21213273" lat="21.0373943" lon="105.8136992"/>
 <node id="11760417657" visible="true" version="1" changeset="149118386" timestamp="2024-03-25T08:19:39Z" user="openmap-vn" uid="21213273" lat="21.0374071" lon="105.8136278"/>
 <node id="11760417658" visible="true" version="1" changeset="149118386" timestamp="2024-03-25T08:19:39Z" user="openmap-vn" uid="21213273" lat="21.0375575" lon="105.8136776"/>
 <node id="11760417659" visible="true" version="1" changeset="149118386" timestamp="2024-03-25T08:19:39Z" user="openmap-vn" uid="21213273" lat="21.0375435" lon="105.8137569"/>
 <node id="11760417660" visible="true" version="1" changeset="149118386" timestamp="2024-03-25T08:19:39Z" user="openmap-vn" uid="21213273" lat="21.0375936" lon="105.8137670"/>
 <node id="11760417661" visible="true" version="1" changeset="149118386" timestamp="2024-03-25T08:19:39Z" user="openmap-vn" uid="21213273" lat="21.0376076" lon="105.8136878"/>
 <node id="11760417662" visible="true" version="2" changeset="174900384" timestamp="2025-11-20T10:46:53Z" user="Trần Thanh Tuấn" uid="16014056" lat="21.0376106" lon="105.8136712"/>
 <node id="11760417663" visible="true" version="1" changeset="149118386" timestamp="2024-03-25T08:19:39Z" user="openmap-vn" uid="21213273" lat="21.0375970" lon="105.8137478"/>
 <node id="11760417664" visible="true" version="1" changeset="149118386" timestamp="2024-03-25T08:19:39Z" user="openmap-vn" uid="21213273" lat="21.0377454" lon="105.8134971"/>
 <node id="11760417665" visible="true" version="1" changeset="149118386" timestamp="2024-03-25T08:19:39Z" user="openmap-vn" uid="21213273" lat="21.0377307" lon="105.8135442"/>
 <node id="11760417666" visible="true" version="1" changeset="149118386" timestamp="2024-03-25T08:19:39Z" user="openmap-vn" uid="21213273" lat="21.0377179" lon="105.8135849"/>
 <node id="11760417667" visible="true" version="1" changeset="149118386" timestamp="2024-03-25T08:19:39Z" user="openmap-vn" uid="21213273" lat="21.0377068" lon="105.8136207"/>
 <node id="11760417668" visible="true" version="1" changeset="149118386" timestamp="2024-03-25T08:19:39Z" user="openmap-vn" uid="21213273" lat="21.0376960" lon="105.8136552"/>
 <node id="11760428169" visible="true" version="1" changeset="149118386" timestamp="2024-03-25T08:19:39Z" user="openmap-vn" uid="21213273" lat="21.0377633" lon="105.8134403"/>
 <node id="11760428170" visible="true" version="1" changeset="149118386" timestamp="2024-03-25T08:19:39Z" user="openmap-vn" uid="21213273" lat="21.0378798" lon="105.8134700"/>
 <node id="11760428171" visible="true" version="1" changeset="149118386" timestamp="2024-03-25T08:19:39Z" user="openmap-vn" uid="21213273" lat="21.0378855" lon="105.8133981"/>
 <node id="11760428172" visible="true" version="1" changeset="149118386" timestamp="2024-03-25T08:19:39Z" user="openmap-vn" uid="21213273" lat="21.0377795" lon="105.8133884"/>
 <node id="11760428173" visible="true" version="1" changeset="149118386" timestamp="2024-03-25T08:19:39Z" user="openmap-vn" uid="21213273" lat="21.0378430" lon="105.8135479"/>
 <node id="11760428174" visible="true" version="1" changeset="149118386" timestamp="2024-03-25T08:19:39Z" user="openmap-vn" uid="21213273" lat="21.0378229" lon="105.8135921"/>
 <node id="11760428175" visible="true" version="1" changeset="149118386" timestamp="2024-03-25T08:19:39Z" user="openmap-vn" uid="21213273" lat="21.0378055" lon="105.8136305"/>
 <node id="11760428176" visible="true" version="1" changeset="149118386" timestamp="2024-03-25T08:19:39Z" user="openmap-vn" uid="21213273" lat="21.0377902" lon="105.8136642"/>
 <node id="11760428177" visible="true" version="1" changeset="149118386" timestamp="2024-03-25T08:19:39Z" user="openmap-vn" uid="21213273" lat="21.0377756" lon="105.8136965"/>
 <node id="11760428178" visible="true" version="1" changeset="149118386" timestamp="2024-03-25T08:19:39Z" user="openmap-vn" uid="21213273" lat="21.0376806" lon="105.8137048"/>
 <node id="11760428179" visible="true" version="1" changeset="149118386" timestamp="2024-03-25T08:19:39Z" user="openmap-vn" uid="21213273" lat="21.0377544" lon="105.8137432"/>
 <node id="11760428180" visible="true" version="1" changeset="149118386" timestamp="2024-03-25T08:19:39Z" user="openmap-vn" uid="21213273" lat="21.0377377" lon="105.8137802"/>
 <node id="11760428181" visible="true" version="1" changeset="149118386" timestamp="2024-03-25T08:19:39Z" user="openmap-vn" uid="21213273" lat="21.0376639" lon="105.8137418"/>
 <node id="11760428182" visible="true" version="1" changeset="149118386" timestamp="2024-03-25T08:19:39Z" user="openmap-vn" uid="21213273" lat="21.0376503" lon="105.8137718"/>
 <node id="11760428183" visible="true" version="1" changeset="149118386" timestamp="2024-03-25T08:19:39Z" user="openmap-vn" uid="21213273" lat="21.0377241" lon="105.8138102"/>
 <node id="11760428184" visible="true" version="1" changeset="149118386" timestamp="2024-03-25T08:19:39Z" user="openmap-vn" uid="21213273" lat="21.0378101" lon="105.8133857"/>
 <node id="11760428185" visible="true" version="1" changeset="149118386" timestamp="2024-03-25T08:19:39Z" user="openmap-vn" uid="21213273" lat="21.0377825" lon="105.8133821"/>
 <node id="11760428186" visible="true" version="1" changeset="149118386" timestamp="2024-03-25T08:19:39Z" user="openmap-vn" uid="21213273" lat="21.0377908" lon="105.8133093"/>
 <node id="11760428187" visible="true" version="1" changeset="149118386" timestamp="2024-03-25T08:19:39Z" user="openmap-vn" uid="21213273" lat="21.0378184" lon="105.8133130"/>
 <node id="11760428188" visible="true" version="1" changeset="149118386" timestamp="2024-03-25T08:19:39Z" user="openmap-vn" uid="21213273" lat="21.0377962" lon="105.8132517"/>
 <node id="11760428189" visible="true" version="1" changeset="149118386" timestamp="2024-03-25T08:19:39Z" user="openmap-vn" uid="21213273" lat="21.0374562" lon="105.8133160"/>
 <node id="11760428190" visible="true" version="1" changeset="149118386" timestamp="2024-03-25T08:19:39Z" user="openmap-vn" uid="21213273" lat="21.0374920" lon="105.8133221"/>
 <node id="11760428191" visible="true" version="1" changeset="149118386" timestamp="2024-03-25T08:19:39Z" user="openmap-vn" uid="21213273" lat="21.0374963" lon="105.8132932"/>
 <node id="11760428192" visible="true" version="1" changeset="149118386" timestamp="2024-03-25T08:19:39Z" user="openmap-vn" uid="21213273" lat="21.0374605" lon="105.8132871"/>
 <node id="11760428193" visible="true" version="1" changeset="149118386" timestamp="2024-03-25T08:19:39Z" user="openmap-vn" uid="21213273" lat="21.0374676" lon="105.8132394"/>
 <node id="11760428194" visible="true" version="1" changeset="149118386" timestamp="2024-03-25T08:19:39Z" user="openmap-vn" uid="21213273" lat="21.0375371" lon="105.8132513"/>
 <node id="11760428195" visible="true" version="1" changeset="149118386" timestamp="2024-03-25T08:19:39Z" user="openmap-vn" uid="21213273" lat="21.0374941" lon="105.8131317"/>
 <node id="11760428196" visible="true" version="1" changeset="149118386" timestamp="2024-03-25T08:19:39Z" user="openmap-vn" uid="21213273" lat="21.0374794" lon="105.8132308"/>
 <node id="11760428197" visible="true" version="1" changeset="149118386" timestamp="2024-03-25T08:19:39Z" user="openmap-vn" uid="21213273" lat="21.0376347" lon="105.8131557"/>
 <node id="11760428198" visible="true" version="1" changeset="149118386" timestamp="2024-03-25T08:19:39Z" user="openmap-vn" uid="21213273" lat="21.0375838" lon="105.8131470"/>
 <node id="11760428200" visible="true" version="1" changeset="149118386" timestamp="2024-03-25T08:19:39Z" user="openmap-vn" uid="21213273" lat="21.0375691" lon="105.8132461"/>
 <node id="11760428201" visible="true" version="1" changeset="149118386" timestamp="2024-03-25T08:19:39Z" user="openmap-vn" uid="21213273" lat="21.0375386" lon="105.8132409"/>
 <node id="11760428202" visible="true" version="1" changeset="149118386" timestamp="2024-03-25T08:19:39Z" user="openmap-vn" uid="21213273" lat="21.0376114" lon="105.8133129"/>
 <node id="11760428203" visible="true" version="1" changeset="149118386" timestamp="2024-03-25T08:19:39Z" user="openmap-vn" uid="21213273" lat="21.0376200" lon="105.8132548"/>
 <node id="11760428204" visible="true" version="1" changeset="149118386" timestamp="2024-03-25T08:19:39Z" user="openmap-vn" uid="21213273" lat="21.0376892" lon="105.8132666"/>
 <node id="11760428205" visible="true" version="1" changeset="149118386" timestamp="2024-03-25T08:19:39Z" user="openmap-vn" uid="21213273" lat="21.0376960" lon="105.8132212"/>
 <node id="11760428206" visible="true" version="1" changeset="149118386" timestamp="2024-03-25T08:19:39Z" user="openmap-vn" uid="21213273" lat="21.0376267" lon="105.8132093"/>
 <node id="11760428208" visible="true" version="1" changeset="149118386" timestamp="2024-03-25T08:19:39Z" user="openmap-vn" uid="21213273" lat="21.0375533" lon="105.8131418"/>
 <node id="11760428209" visible="true" version="1" changeset="149118386" timestamp="2024-03-25T08:19:39Z" user="openmap-vn" uid="21213273" lat="21.0375300" lon="105.8132990"/>
 <node id="11760428210" visible="true" version="1" changeset="149118386" timestamp="2024-03-25T08:19:39Z" user="openmap-vn" uid="21213273" lat="21.0376806" lon="105.8133247"/>
 <node id="11760438947" visible="true" version="3" changeset="168946648" timestamp="2025-07-15T06:20:23Z" user="Tewuzij" uid="16194143" lat="21.0376940" lon="105.8144960"/>
 <node id="11760438948" visible="true" version="1" changeset="149118896" timestamp="2024-03-25T08:32:55Z" user="openmap-vn" uid="21213273" lat="21.0375129" lon="105.8143797"/>
 <node id="11760438949" visible="true" version="1" changeset="149118896" timestamp="2024-03-25T08:32:55Z" user="openmap-vn" uid="21213273" lat="21.0376017" lon="105.8144366"/>
 <node id="11760438950" visible="true" version="1" changeset="149118896" timestamp="2024-03-25T08:32:55Z" user="openmap-vn" uid="21213273" lat="21.0375452" lon="105.8143219"/>
 <node id="11760438951" visible="true" version="1" changeset="149118896" timestamp="2024-03-25T08:32:55Z" user="openmap-vn" uid="21213273" lat="21.0376339" lon="105.8143788"/>
 <node id="11760438952" visible="true" version="1" changeset="149118896" timestamp="2024-03-25T08:32:55Z" user="openmap-vn" uid="21213273" lat="21.0376593" lon="105.8143334"/>
 <node id="11760438953" visible="true" version="1" changeset="149118896" timestamp="2024-03-25T08:32:55Z" user="openmap-vn" uid="21213273" lat="21.0375706" lon="105.8142765"/>
 <node id="11760438955" visible="true" version="1" changeset="149118896" timestamp="2024-03-25T08:32:55Z" user="openmap-vn" uid="21213273" lat="21.0375749" lon="105.8142688"/>
 <node id="11760438956" visible="true" version="1" changeset="149118896" timestamp="2024-03-25T08:32:55Z" user="openmap-vn" uid="21213273" lat="21.0377282" lon="105.8142090"/>
 <node id="11760438957" visible="true" version="1" changeset="149118896" timestamp="2024-03-25T08:32:55Z" user="openmap-vn" uid="21213273" lat="21.0376950" lon="105.8142685"/>
 <node id="11760438958" visible="true" version="1" changeset="149118896" timestamp="2024-03-25T08:32:55Z" user="openmap-vn" uid="21213273" lat="21.0376067" lon="105.8142118"/>
 <node id="11760438959" visible="true" version="1" changeset="149118896" timestamp="2024-03-25T08:32:55Z" user="openmap-vn" uid="21213273" lat="21.0376399" lon="105.8141524"/>
 <node id="11760438962" visible="true" version="1" changeset="149118896" timestamp="2024-03-25T08:32:55Z" user="openmap-vn" uid="21213273" lat="21.0376759" lon="105.8140878"/>
 <node id="11760438965" visible="true" version="1" changeset="149118896" timestamp="2024-03-25T08:32:55Z" user="openmap-vn" uid="21213273" lat="21.0378946" lon="105.8139546"/>
 <node id="11760438966" visible="true" version="1" changeset="149118896" timestamp="2024-03-25T08:32:55Z" user="openmap-vn" uid="21213273" lat="21.0379257" lon="105.8138988"/>
 <node id="11760438967" visible="true" version="2" changeset="149119855" timestamp="2024-03-25T08:53:00Z" user="openmap-vn" uid="21213273" lat="21.0379510" lon="105.8139150"/>
 <node id="11760438968" visible="true" version="1" changeset="149118896" timestamp="2024-03-25T08:32:55Z" user="openmap-vn" uid="21213273" lat="21.0378470" lon="105.8140216"/>
 <node id="11760448469" visible="true" version="1" changeset="149118896" timestamp="2024-03-25T08:32:55Z" user="openmap-vn" uid="21213273" lat="21.0378871" lon="105.8139498"/>
 <node id="11760448470" visible="true" version="1" changeset="149118896" timestamp="2024-03-25T08:32:55Z" user="openmap-vn" uid="21213273" lat="21.0378774" lon="105.8138678"/>
 <node id="11760448472" visible="true" version="1" changeset="149118896" timestamp="2024-03-25T08:32:55Z" user="openmap-vn" uid="21213273" lat="21.0377312" lon="105.8139888"/>
 <node id="11760448473" visible="true" version="1" changeset="149118896" timestamp="2024-03-25T08:32:55Z" user="openmap-vn" uid="21213273" lat="21.0378062" lon="105.8139955"/>
 <node id="11760448474" visible="true" version="1" changeset="149118896" timestamp="2024-03-25T08:32:55Z" user="openmap-vn" uid="21213273" lat="21.0377482" lon="105.8139583"/>
 <node id="11760448475" visible="true" version="1" changeset="149118896" timestamp="2024-03-25T08:32:55Z" user="openmap-vn" uid="21213273" lat="21.0377659" lon="105.8139266"/>
 <node id="11760448476" visible="true" version="1" changeset="149118896" timestamp="2024-03-25T08:32:55Z" user="openmap-vn" uid="21213273" lat="21.0378239" lon="105.8139637"/>
 <node id="11760448477" visible="true" version="1" changeset="149118896" timestamp="2024-03-25T08:32:55Z" user="openmap-vn" uid="21213273" lat="21.0378821" lon="105.8138594"/>
 <node id="11760448478" visible="true" version="1" changeset="149118896" timestamp="2024-03-25T08:32:55Z" user="openmap-vn" uid="21213273" lat="21.0378463" lon="105.8139236"/>
 <node id="11760448479" visible="true" version="1" changeset="149118896" timestamp="2024-03-25T08:32:55Z" user="openmap-vn" uid="21213273" lat="21.0377883" lon="105.8138865"/>
 <node id="11760448481" visible="true" version="1" changeset="149118896" timestamp="2024-03-25T08:32:55Z" user="openmap-vn" uid="21213273" lat="21.0378242" lon="105.8138222"/>
 <node id="11760448482" visible="true" version="1" changeset="149118896" timestamp="2024-03-25T08:32:55Z" user="openmap-vn" uid="21213273" lat="21.0374687" lon="105.8144590"/>
 <node id="11760483281" visible="true" version="1" changeset="149119855" timestamp="2024-03-25T08:53:00Z" user="openmap-vn" uid="21213273" lat="21.0378528" lon="105.8142011"/>
 <node id="11760483292" visible="true" version="1" changeset="149119855" timestamp="2024-03-25T08:53:00Z" user="openmap-vn" uid="21213273" lat="21.0380200" lon="105.8142863"/>
 <node id="11760483293" visible="true" version="1" changeset="149119855" timestamp="2024-03-25T08:53:00Z" user="openmap-vn" uid="21213273" lat="21.0380153" lon="105.8143235"/>
 <node id="11760483294" visible="true" version="1" changeset="149119855" timestamp="2024-03-25T08:53:00Z" user="openmap-vn" uid="21213273" lat="21.0379289" lon="105.8142730"/>
 <node id="11760483298" visible="true" version="1" changeset="149119855" timestamp="2024-03-25T08:53:00Z" user="openmap-vn" uid="21213273" lat="21.0378752" lon="105.8140507"/>
 <node id="11760483299" visible="true" version="1" changeset="149119855" timestamp="2024-03-25T08:53:00Z" user="openmap-vn" uid="21213273" lat="21.0379207" lon="105.8140573"/>
 <node id="11760483302" visible="true" version="1" changeset="149119855" timestamp="2024-03-25T08:53:00Z" user="openmap-vn" uid="21213273" lat="21.0380282" lon="105.8139603"/>
 <node id="11760483303" visible="true" version="1" changeset="149119855" timestamp="2024-03-25T08:53:00Z" user="openmap-vn" uid="21213273" lat="21.0380471" lon="105.8139882"/>
 <node id="11760483304" visible="true" version="1" changeset="149119855" timestamp="2024-03-25T08:53:00Z" user="openmap-vn" uid="21213273" lat="21.0379211" lon="105.8140566"/>
 <node id="11760483305" visible="true" version="1" changeset="149119855" timestamp="2024-03-25T08:53:00Z" user="openmap-vn" uid="21213273" lat="21.0379789" lon="105.8139531"/>
 <node id="11760483306" visible="true" version="1" changeset="149119855" timestamp="2024-03-25T08:53:00Z" user="openmap-vn" uid="21213273" lat="21.0380364" lon="105.8140733"/>
 <node id="11760483307" visible="true" version="1" changeset="149119855" timestamp="2024-03-25T08:53:00Z" user="openmap-vn" uid="21213273" lat="21.0379872" lon="105.8139382"/>
 <node id="11760483308" visible="true" version="2" changeset="168946648" timestamp="2025-07-15T06:20:23Z" user="Tewuzij" uid="16194143" lat="21.0378798" lon="105.8140426"/>
 <node id="11760483310" visible="true" version="1" changeset="149119855" timestamp="2024-03-25T08:53:00Z" user="openmap-vn" uid="21213273" lat="21.0378627" lon="105.8140731"/>
 <node id="11760492097" visible="true" version="1" changeset="149120336" timestamp="2024-03-25T09:05:20Z" user="openmap-vn" uid="21213273" lat="21.0377697" lon="105.8143964"/>
 <node id="11760492098" visible="true" version="1" changeset="149120336" timestamp="2024-03-25T09:05:20Z" user="openmap-vn" uid="21213273" lat="21.0377904" lon="105.8143263"/>
 <node id="11760492099" visible="true" version="1" changeset="149120336" timestamp="2024-03-25T09:05:20Z" user="openmap-vn" uid="21213273" lat="21.0377730" lon="105.8143204"/>
 <node id="11760492100" visible="true" version="2" changeset="149120753" timestamp="2024-03-25T09:15:39Z" user="openmap-vn" uid="21213273" lat="21.0379090" lon="105.8143686"/>
 <node id="11760492101" visible="true" version="1" changeset="149120336" timestamp="2024-03-25T09:05:20Z" user="openmap-vn" uid="21213273" lat="21.0378470" lon="105.8142950"/>
 <node id="11760492102" visible="true" version="1" changeset="149120336" timestamp="2024-03-25T09:05:20Z" user="openmap-vn" uid="21213273" lat="21.0377905" lon="105.8142675"/>
 <node id="11760492103" visible="true" version="1" changeset="149120336" timestamp="2024-03-25T09:05:20Z" user="openmap-vn" uid="21213273" lat="21.0377622" lon="105.8143526"/>
 <node id="11760492104" visible="true" version="1" changeset="149120336" timestamp="2024-03-25T09:05:20Z" user="openmap-vn" uid="21213273" lat="21.0376632" lon="105.8143254"/>
 <node id="11760492105" visible="true" version="1" changeset="149120336" timestamp="2024-03-25T09:05:20Z" user="openmap-vn" uid="21213273" lat="21.0377072" lon="105.8143371"/>
 <node id="11760492106" visible="true" version="1" changeset="149120336" timestamp="2024-03-25T09:05:20Z" user="openmap-vn" uid="21213273" lat="21.0377957" lon="105.8142518"/>
 <node id="11760492107" visible="true" version="1" changeset="149120336" timestamp="2024-03-25T09:05:20Z" user="openmap-vn" uid="21213273" lat="21.0377654" lon="105.8142329"/>
 <node id="11760502913" visible="true" version="2" changeset="168946648" timestamp="2025-07-15T06:20:23Z" user="Tewuzij" uid="16194143" lat="21.0379241" lon="105.8143103"/>
 <node id="11760502915" visible="true" version="1" changeset="149120753" timestamp="2024-03-25T09:15:39Z" user="openmap-vn" uid="21213273" lat="21.0379798" lon="105.8146038"/>
 <node id="11760502916" visible="true" version="1" changeset="149120753" timestamp="2024-03-25T09:15:39Z" user="openmap-vn" uid="21213273" lat="21.0378751" lon="105.8145974"/>
 <node id="11760502917" visible="true" version="1" changeset="149120753" timestamp="2024-03-25T09:15:39Z" user="openmap-vn" uid="21213273" lat="21.0378332" lon="105.8145949"/>
 <node id="11760502918" visible="true" version="1" changeset="149120753" timestamp="2024-03-25T09:15:39Z" user="openmap-vn" uid="21213273" lat="21.0378731" lon="105.8145974"/>
 <node id="11760502919" visible="true" version="1" changeset="149120753" timestamp="2024-03-25T09:15:39Z" user="openmap-vn" uid="21213273" lat="21.0377969" lon="105.8145927"/>
 <node id="11760502920" visible="true" version="2" changeset="149121087" timestamp="2024-03-25T09:23:40Z" user="openmap-vn" uid="21213273" lat="21.0377927" lon="105.8146903"/>
 <node id="11760502921" visible="true" version="1" changeset="149120753" timestamp="2024-03-25T09:15:39Z" user="openmap-vn" uid="21213273" lat="21.0378677" lon="105.8146990"/>
 <node id="11760502922" visible="true" version="1" changeset="149120753" timestamp="2024-03-25T09:15:39Z" user="openmap-vn" uid="21213273" lat="21.0380069" lon="105.8146054"/>
 <node id="11760502923" visible="true" version="1" changeset="149120753" timestamp="2024-03-25T09:15:39Z" user="openmap-vn" uid="21213273" lat="21.0380017" lon="105.8147027"/>
 <node id="11760502924" visible="true" version="1" changeset="149120753" timestamp="2024-03-25T09:15:39Z" user="openmap-vn" uid="21213273" lat="21.0378699" lon="105.8146946"/>
 <node id="11760502925" visible="true" version="1" changeset="149120753" timestamp="2024-03-25T09:15:39Z" user="openmap-vn" uid="21213273" lat="21.0378687" lon="105.8144761"/>
 <node id="11760502926" visible="true" version="1" changeset="149120753" timestamp="2024-03-25T09:15:39Z" user="openmap-vn" uid="21213273" lat="21.0379869" lon="105.8144944"/>
 <node id="11760502927" visible="true" version="1" changeset="149120753" timestamp="2024-03-25T09:15:39Z" user="openmap-vn" uid="21213273" lat="21.0378418" lon="105.8144720"/>
 <node id="11760502928" visible="true" version="1" changeset="149120753" timestamp="2024-03-25T09:15:39Z" user="openmap-vn" uid="21213273" lat="21.0378384" lon="105.8145214"/>
 <node id="11760502929" visible="true" version="1" changeset="149120753" timestamp="2024-03-25T09:15:39Z" user="openmap-vn" uid="21213273" lat="21.0379843" lon="105.8145328"/>
 <node id="11760502930" visible="true" version="1" changeset="149120753" timestamp="2024-03-25T09:15:39Z" user="openmap-vn" uid="21213273" lat="21.0379813" lon="105.8145766"/>
 <node id="11760502931" visible="true" version="1" changeset="149120753" timestamp="2024-03-25T09:15:39Z" user="openmap-vn" uid="21213273" lat="21.0378355" lon="105.8145652"/>
 <node id="11760502932" visible="true" version="1" changeset="149120753" timestamp="2024-03-25T09:15:39Z" user="openmap-vn" uid="21213273" lat="21.0378899" lon="105.8144336"/>
 <node id="11760502933" visible="true" version="1" changeset="149120753" timestamp="2024-03-25T09:15:39Z" user="openmap-vn" uid="21213273" lat="21.0378770" lon="105.8144328"/>
 <node id="11760502934" visible="true" version="1" changeset="149120753" timestamp="2024-03-25T09:15:39Z" user="openmap-vn" uid="21213273" lat="21.0380123" lon="105.8144988"/>
 <node id="11760502935" visible="true" version="1" changeset="149120753" timestamp="2024-03-25T09:15:39Z" user="openmap-vn" uid="21213273" lat="21.0380172" lon="105.8144430"/>
 <node id="11760502936" visible="true" version="1" changeset="149120753" timestamp="2024-03-25T09:15:39Z" user="openmap-vn" uid="21213273" lat="21.0380245" lon="105.8143794"/>
 <node id="11760502937" visible="true" version="1" changeset="149120753" timestamp="2024-03-25T09:15:39Z" user="openmap-vn" uid="21213273" lat="21.0380311" lon="105.8143258"/>
 <node id="11760520826" visible="true" version="1" changeset="149121087" timestamp="2024-03-25T09:23:40Z" user="openmap-vn" uid="21213273" lat="21.0378768" lon="105.8148161"/>
 <node id="11760520827" visible="true" version="1" changeset="149121087" timestamp="2024-03-25T09:23:40Z" user="openmap-vn" uid="21213273" lat="21.0378208" lon="105.8148007"/>
 <node id="11760520828" visible="true" version="1" changeset="149121087" timestamp="2024-03-25T09:23:40Z" user="openmap-vn" uid="21213273" lat="21.0378949" lon="105.8147151"/>
 <node id="11760520829" visible="true" version="1" changeset="149121087" timestamp="2024-03-25T09:23:40Z" user="openmap-vn" uid="21213273" lat="21.0377125" lon="105.8146697"/>
 <node id="11760520830" visible="true" version="1" changeset="149121087" timestamp="2024-03-25T09:23:40Z" user="openmap-vn" uid="21213273" lat="21.0376758" lon="105.8147786"/>
 <node id="11760520831" visible="true" version="2" changeset="168946648" timestamp="2025-07-15T06:20:23Z" user="Tewuzij" uid="16194143" lat="21.0377681" lon="105.8148035"/>
 <node id="11760520832" visible="true" version="1" changeset="149121087" timestamp="2024-03-25T09:23:40Z" user="openmap-vn" uid="21213273" lat="21.0377317" lon="105.8147936"/>
 <node id="11760520833" visible="true" version="1" changeset="149121087" timestamp="2024-03-25T09:23:40Z" user="openmap-vn" uid="21213273" lat="21.0377583" lon="105.8146823"/>
 <node id="11760520834" visible="true" version="1" changeset="149121087" timestamp="2024-03-25T09:23:40Z" user="openmap-vn" uid="21213273" lat="21.0378169" lon="105.8148170"/>
 <node id="11760520836" visible="true" version="1" changeset="149121087" timestamp="2024-03-25T09:23:40Z" user="openmap-vn" uid="21213273" lat="21.0377948" lon="105.8146923"/>
 <node id="11760520837" visible="true" version="1" changeset="149121087" timestamp="2024-03-25T09:23:40Z" user="openmap-vn" uid="21213273" lat="21.0377109" lon="105.8146671"/>
 <node id="11760520838" visible="true" version="1" changeset="149121087" timestamp="2024-03-25T09:23:40Z" user="openmap-vn" uid="21213273" lat="21.0378435" lon="105.8147057"/>
 <node id="11760520840" visible="true" version="1" changeset="149121087" timestamp="2024-03-25T09:23:40Z" user="openmap-vn" uid="21213273" lat="21.0376723" lon="105.8147856"/>
 <node id="11760520841" visible="true" version="1" changeset="149121087" timestamp="2024-03-25T09:23:40Z" user="openmap-vn" uid="21213273" lat="21.0377586" lon="105.8145203"/>
 <node id="11760520842" visible="true" version="1" changeset="149121087" timestamp="2024-03-25T09:23:40Z" user="openmap-vn" uid="21213273" lat="21.0375912" lon="105.8147553"/>
 <node id="11760520843" visible="true" version="1" changeset="149121087" timestamp="2024-03-25T09:23:40Z" user="openmap-vn" uid="21213273" lat="21.0375832" lon="105.8147803"/>
 <node id="11760520844" visible="true" version="1" changeset="149121087" timestamp="2024-03-25T09:23:40Z" user="openmap-vn" uid="21213273" lat="21.0376498" lon="105.8145751"/>
 <node id="11760520845" visible="true" version="1" changeset="149121087" timestamp="2024-03-25T09:23:40Z" user="openmap-vn" uid="21213273" lat="21.0375238" lon="105.8146229"/>
 <node id="11760520846" visible="true" version="1" changeset="149121087" timestamp="2024-03-25T09:23:40Z" user="openmap-vn" uid="21213273" lat="21.0376401" lon="105.8146028"/>
 <node id="11760520847" visible="true" version="1" changeset="149121087" timestamp="2024-03-25T09:23:40Z" user="openmap-vn" uid="21213273" lat="21.0376220" lon="105.8146590"/>
 <node id="11760520848" visible="true" version="1" changeset="149121087" timestamp="2024-03-25T09:23:40Z" user="openmap-vn" uid="21213273" lat="21.0375095" lon="105.8145548"/>
 <node id="11760520849" visible="true" version="1" changeset="149121087" timestamp="2024-03-25T09:23:40Z" user="openmap-vn" uid="21213273" lat="21.0376046" lon="105.8145461"/>
 <node id="11760520850" visible="true" version="1" changeset="149121087" timestamp="2024-03-25T09:23:40Z" user="openmap-vn" uid="21213273" lat="21.0375302" lon="105.8144984"/>
 <node id="11760539792" visible="true" version="2" changeset="149122406" timestamp="2024-03-25T09:54:13Z" user="openmap-vn" uid="21213273" lat="21.0358435" lon="105.8174783"/>
 <node id="11760539793" visible="true" version="2" changeset="149122406" timestamp="2024-03-25T09:54:13Z" user="openmap-vn" uid="21213273" lat="21.0358148" lon="105.8175320"/>
 <node id="11760539794" visible="true" version="2" changeset="149122406" timestamp="2024-03-25T09:54:13Z" user="openmap-vn" uid="21213273" lat="21.0359107" lon="105.8175195"/>
 <node id="11760539795" visible="true" version="2" changeset="149122406" timestamp="2024-03-25T09:54:13Z" user="openmap-vn" uid="21213273" lat="21.0358633" lon="105.8176083"/>
 <node id="11760539796" visible="true" version="2" changeset="149122406" timestamp="2024-03-25T09:54:13Z" user="openmap-vn" uid="21213273" lat="21.0357657" lon="105.8175625"/>
 <node id="11760539797" visible="true" version="2" changeset="149122406" timestamp="2024-03-25T09:54:13Z" user="openmap-vn" uid="21213273" lat="21.0357900" lon="105.8175169"/>
 <node id="11760539798" visible="true" version="2" changeset="149122406" timestamp="2024-03-25T09:54:13Z" user="openmap-vn" uid="21213273" lat="21.0357804" lon="105.8175101"/>
 <node id="11760539799" visible="true" version="2" changeset="149122406" timestamp="2024-03-25T09:54:13Z" user="openmap-vn" uid="21213273" lat="21.0358145" lon="105.8175314"/>
 <node id="11760539800" visible="true" version="2" changeset="149122406" timestamp="2024-03-25T09:54:13Z" user="openmap-vn" uid="21213273" lat="21.0358438" lon="105.8174768"/>
 <node id="11760539801" visible="true" version="2" changeset="149122406" timestamp="2024-03-25T09:54:13Z" user="openmap-vn" uid="21213273" lat="21.0358687" lon="105.8174918"/>
 <node id="11760539802" visible="true" version="2" changeset="149122406" timestamp="2024-03-25T09:54:13Z" user="openmap-vn" uid="21213273" lat="21.0358094" lon="105.8174560"/>
 <node id="11760539803" visible="true" version="2" changeset="149122406" timestamp="2024-03-25T09:54:13Z" user="openmap-vn" uid="21213273" lat="21.0358808" lon="105.8174688"/>
 <node id="11760539804" visible="true" version="2" changeset="149122406" timestamp="2024-03-25T09:54:13Z" user="openmap-vn" uid="21213273" lat="21.0358215" lon="105.8174329"/>
 <node id="11760539805" visible="true" version="2" changeset="149122406" timestamp="2024-03-25T09:54:13Z" user="openmap-vn" uid="21213273" lat="21.0358978" lon="105.8174365"/>
 <node id="11760539806" visible="true" version="2" changeset="149122406" timestamp="2024-03-25T09:54:13Z" user="openmap-vn" uid="21213273" lat="21.0358385" lon="105.8174006"/>
 <node id="11760539807" visible="true" version="2" changeset="149122406" timestamp="2024-03-25T09:54:13Z" user="openmap-vn" uid="21213273" lat="21.0359135" lon="105.8174068"/>
 <node id="11760539808" visible="true" version="2" changeset="149122406" timestamp="2024-03-25T09:54:13Z" user="openmap-vn" uid="21213273" lat="21.0358542" lon="105.8173709"/>
 <node id="11760543937" visible="true" version="1" changeset="149121390" timestamp="2024-03-25T09:29:43Z" user="openmap-vn" uid="21213273" lat="21.0376368" lon="105.8149089"/>
 <node id="11760543938" visible="true" version="1" changeset="149121390" timestamp="2024-03-25T09:29:43Z" user="openmap-vn" uid="21213273" lat="21.0376405" lon="105.8149112"/>
 <node id="11760543939" visible="true" version="1" changeset="149121390" timestamp="2024-03-25T09:29:43Z" user="openmap-vn" uid="21213273" lat="21.0376449" lon="105.8149139"/>
 <node id="11760543940" visible="true" version="1" changeset="149121390" timestamp="2024-03-25T09:29:43Z" user="openmap-vn" uid="21213273" lat="21.0377225" lon="105.8149444"/>
 <node id="11760543941" visible="true" version="1" changeset="149121390" timestamp="2024-03-25T09:29:43Z" user="openmap-vn" uid="21213273" lat="21.0377222" lon="105.8148408"/>
 <node id="11760543942" visible="true" version="1" changeset="149121390" timestamp="2024-03-25T09:29:43Z" user="openmap-vn" uid="21213273" lat="21.0376358" lon="105.8148408"/>
 <node id="11760543943" visible="true" version="1" changeset="149121390" timestamp="2024-03-25T09:29:43Z" user="openmap-vn" uid="21213273" lat="21.0377222" lon="105.8148093"/>
 <node id="11760543944" visible="true" version="1" changeset="149121390" timestamp="2024-03-25T09:29:43Z" user="openmap-vn" uid="21213273" lat="21.0377222" lon="105.8148770"/>
 <node id="11760543945" visible="true" version="1" changeset="149121390" timestamp="2024-03-25T09:29:43Z" user="openmap-vn" uid="21213273" lat="21.0376358" lon="105.8148770"/>
 <node id="11760543946" visible="true" version="1" changeset="149121390" timestamp="2024-03-25T09:29:43Z" user="openmap-vn" uid="21213273" lat="21.0376358" lon="105.8148093"/>
 <node id="11760543949" visible="true" version="1" changeset="149121390" timestamp="2024-03-25T09:29:43Z" user="openmap-vn" uid="21213273" lat="21.0378337" lon="105.8148963"/>
 <node id="11760543950" visible="true" version="1" changeset="149121390" timestamp="2024-03-25T09:29:43Z" user="openmap-vn" uid="21213273" lat="21.0377261" lon="105.8148888"/>
 <node id="11760543957" visible="true" version="1" changeset="149121390" timestamp="2024-03-25T09:29:43Z" user="openmap-vn" uid="21213273" lat="21.0377257" lon="105.8149219"/>
 <node id="11760543963" visible="true" version="1" changeset="149121390" timestamp="2024-03-25T09:29:43Z" user="openmap-vn" uid="21213273" lat="21.0378843" lon="105.8147743"/>
 <node id="11760581224" visible="true" version="1" changeset="149122406" timestamp="2024-03-25T09:54:13Z" user="openmap-vn" uid="21213273" lat="21.0357663" lon="105.8176135"/>
 <node id="11760581225" visible="true" version="1" changeset="149122406" timestamp="2024-03-25T09:54:13Z" user="openmap-vn" uid="21213273" lat="21.0357512" lon="105.8176418"/>
 <node id="11760581226" visible="true" version="1" changeset="149122406" timestamp="2024-03-25T09:54:13Z" user="openmap-vn" uid="21213273" lat="21.0357301" lon="105.8176289"/>
 <node id="11760581227" visible="true" version="1" changeset="149122406" timestamp="2024-03-25T09:54:13Z" user="openmap-vn" uid="21213273" lat="21.0357094" lon="105.8176675"/>
 <node id="11760581228" visible="true" version="1" changeset="149122406" timestamp="2024-03-25T09:54:13Z" user="openmap-vn" uid="21213273" lat="21.0358016" lon="105.8177240"/>
 <node id="11760581229" visible="true" version="1" changeset="149122406" timestamp="2024-03-25T09:54:13Z" user="openmap-vn" uid="21213273" lat="21.0358475" lon="105.8176380"/>
 <node id="11760581230" visible="true" version="1" changeset="149122406" timestamp="2024-03-25T09:54:13Z" user="openmap-vn" uid="21213273" lat="21.0358183" lon="105.8176200"/>
 <node id="11760581231" visible="true" version="1" changeset="149122406" timestamp="2024-03-25T09:54:13Z" user="openmap-vn" uid="21213273" lat="21.0357452" lon="105.8176005"/>
 <node id="11760581232" visible="true" version="1" changeset="149122406" timestamp="2024-03-25T09:54:13Z" user="openmap-vn" uid="21213273" lat="21.0358373" lon="105.8176570"/>
 <node id="11760581233" visible="true" version="1" changeset="149122406" timestamp="2024-03-25T09:54:13Z" user="openmap-vn" uid="21213273" lat="21.0358281" lon="105.8176016"/>
 <node id="11760581234" visible="true" version="1" changeset="149122406" timestamp="2024-03-25T09:54:13Z" user="openmap-vn" uid="21213273" lat="21.0357652" lon="105.8175630"/>
 <node id="11760581237" visible="true" version="1" changeset="149122406" timestamp="2024-03-25T09:54:13Z" user="openmap-vn" uid="21213273" lat="21.0358347" lon="105.8175907"/>
 <node id="11760581238" visible="true" version="1" changeset="149122406" timestamp="2024-03-25T09:54:13Z" user="openmap-vn" uid="21213273" lat="21.0358291" lon="105.8176013"/>
 <node id="11760602060" visible="true" version="1" changeset="149122609" timestamp="2024-03-25T09:58:56Z" user="openmap-vn" uid="21213273" lat="21.0356946" lon="105.8177360"/>
 <node id="11760602061" visible="true" version="1" changeset="149122609" timestamp="2024-03-25T09:58:56Z" user="openmap-vn" uid="21213273" lat="21.0357452" lon="105.8178456"/>
 <node id="11760602062" visible="true" version="1" changeset="149122609" timestamp="2024-03-25T09:58:56Z" user="openmap-vn" uid="21213273" lat="21.0356635" lon="105.8177997"/>
 <node id="11760602063" visible="true" version="1" changeset="149122609" timestamp="2024-03-25T09:58:56Z" user="openmap-vn" uid="21213273" lat="21.0357764" lon="105.8177819"/>
 <node id="11760602068" visible="true" version="1" changeset="149122609" timestamp="2024-03-25T09:58:56Z" user="openmap-vn" uid="21213273" lat="21.0357013" lon="105.8180159"/>
 <node id="11760609269" visible="true" version="1" changeset="149122609" timestamp="2024-03-25T09:58:56Z" user="openmap-vn" uid="21213273" lat="21.0356850" lon="105.8182365"/>
 <node id="11760609270" visible="true" version="1" changeset="149122609" timestamp="2024-03-25T09:58:56Z" user="openmap-vn" uid="21213273" lat="21.0356356" lon="105.8181882"/>
 <node id="11760609271" visible="true" version="1" changeset="149122609" timestamp="2024-03-25T09:58:56Z" user="openmap-vn" uid="21213273" lat="21.0355046" lon="105.8181303"/>
 <node id="11760633724" visible="true" version="1" changeset="149123255" timestamp="2024-03-25T10:15:49Z" user="openmap-vn" uid="21213273" lat="21.0357245" lon="105.8181620"/>
 <node id="11760633725" visible="true" version="1" changeset="149123255" timestamp="2024-03-25T10:15:49Z" user="openmap-vn" uid="21213273" lat="21.0356959" lon="105.8182051"/>
 <node id="11760633726" visible="true" version="1" changeset="149123255" timestamp="2024-03-25T10:15:49Z" user="openmap-vn" uid="21213273" lat="21.0356924" lon="105.8181375"/>
 <node id="11760633727" visible="true" version="1" changeset="149123255" timestamp="2024-03-25T10:15:49Z" user="openmap-vn" uid="21213273" lat="21.0357547" lon="105.8181851"/>
 <node id="11760633728" visible="true" version="1" changeset="149123255" timestamp="2024-03-25T10:15:49Z" user="openmap-vn" uid="21213273" lat="21.0357260" lon="105.8182281"/>
 <node id="11760633729" visible="true" version="1" changeset="149123255" timestamp="2024-03-25T10:15:49Z" user="openmap-vn" uid="21213273" lat="21.0356637" lon="105.8181805"/>
 <node id="11760633730" visible="true" version="1" changeset="149123255" timestamp="2024-03-25T10:15:49Z" user="openmap-vn" uid="21213273" lat="21.0356831" lon="105.8180970"/>
 <node id="11760633731" visible="true" version="1" changeset="149123255" timestamp="2024-03-25T10:15:49Z" user="openmap-vn" uid="21213273" lat="21.0357119" lon="105.8181198"/>
 <node id="11760633732" visible="true" version="1" changeset="149123255" timestamp="2024-03-25T10:15:49Z" user="openmap-vn" uid="21213273" lat="21.0356963" lon="105.8181382"/>
 <node id="11760633733" visible="true" version="1" changeset="149123255" timestamp="2024-03-25T10:15:49Z" user="openmap-vn" uid="21213273" lat="21.0355707" lon="105.8180866"/>
 <node id="11760633734" visible="true" version="1" changeset="149123255" timestamp="2024-03-25T10:15:49Z" user="openmap-vn" uid="21213273" lat="21.0356596" lon="105.8181685"/>
 <node id="11760633735" visible="true" version="1" changeset="149123255" timestamp="2024-03-25T10:15:49Z" user="openmap-vn" uid="21213273" lat="21.0355530" lon="105.8181374"/>
 <node id="11760633736" visible="true" version="1" changeset="149123255" timestamp="2024-03-25T10:15:49Z" user="openmap-vn" uid="21213273" lat="21.0355662" lon="105.8180853"/>
 <node id="11760633737" visible="true" version="1" changeset="149123255" timestamp="2024-03-25T10:15:49Z" user="openmap-vn" uid="21213273" lat="21.0356728" lon="105.8181164"/>
 <node id="11760633738" visible="true" version="1" changeset="149123255" timestamp="2024-03-25T10:15:49Z" user="openmap-vn" uid="21213273" lat="21.0355800" lon="105.8180543"/>
 <node id="11760633739" visible="true" version="1" changeset="149123255" timestamp="2024-03-25T10:15:49Z" user="openmap-vn" uid="21213273" lat="21.0356270" lon="105.8180728"/>
 <node id="11760633740" visible="true" version="1" changeset="149123255" timestamp="2024-03-25T10:15:49Z" user="openmap-vn" uid="21213273" lat="21.0355887" lon="105.8179997"/>
 <node id="11760633741" visible="true" version="1" changeset="149123255" timestamp="2024-03-25T10:15:49Z" user="openmap-vn" uid="21213273" lat="21.0356445" lon="105.8180218"/>
 <node id="11760633742" visible="true" version="1" changeset="149123255" timestamp="2024-03-25T10:15:49Z" user="openmap-vn" uid="21213273" lat="21.0356589" lon="105.8179799"/>
 <node id="11760633743" visible="true" version="1" changeset="149123255" timestamp="2024-03-25T10:15:49Z" user="openmap-vn" uid="21213273" lat="21.0356031" lon="105.8179578"/>
 <node id="11760633744" visible="true" version="1" changeset="149123255" timestamp="2024-03-25T10:15:49Z" user="openmap-vn" uid="21213273" lat="21.0355711" lon="105.8180507"/>
 <node id="11760641428" visible="true" version="1" changeset="149122953" timestamp="2024-03-25T10:08:45Z" user="openmap-vn" uid="21213273" lat="21.0356569" lon="105.8179104"/>
 <node id="11760641429" visible="true" version="1" changeset="149122953" timestamp="2024-03-25T10:08:45Z" user="openmap-vn" uid="21213273" lat="21.0357812" lon="105.8180099"/>
 <node id="11760641430" visible="true" version="1" changeset="149122953" timestamp="2024-03-25T10:08:45Z" user="openmap-vn" uid="21213273" lat="21.0356822" lon="105.8179256"/>
 <node id="11760641431" visible="true" version="1" changeset="149122953" timestamp="2024-03-25T10:08:45Z" user="openmap-vn" uid="21213273" lat="21.0358073" lon="105.8180321"/>
 <node id="11760641432" visible="true" version="1" changeset="149122953" timestamp="2024-03-25T10:08:45Z" user="openmap-vn" uid="21213273" lat="21.0357819" lon="105.8180664"/>
 <node id="11760641433" visible="true" version="1" changeset="149122953" timestamp="2024-03-25T10:08:45Z" user="openmap-vn" uid="21213273" lat="21.0356343" lon="105.8179408"/>
 <node id="11760641434" visible="true" version="1" changeset="149122953" timestamp="2024-03-25T10:08:45Z" user="openmap-vn" uid="21213273" lat="21.0357990" lon="105.8179862"/>
 <node id="11760641435" visible="true" version="1" changeset="149122953" timestamp="2024-03-25T10:08:45Z" user="openmap-vn" uid="21213273" lat="21.0356988" lon="105.8178999"/>
 <node id="11760641436" visible="true" version="1" changeset="149122953" timestamp="2024-03-25T10:08:45Z" user="openmap-vn" uid="21213273" lat="21.0356306" lon="105.8178945"/>
 <node id="11760641437" visible="true" version="1" changeset="149122953" timestamp="2024-03-25T10:08:45Z" user="openmap-vn" uid="21213273" lat="21.0357508" lon="105.8178735"/>
 <node id="11760641438" visible="true" version="1" changeset="149122953" timestamp="2024-03-25T10:08:45Z" user="openmap-vn" uid="21213273" lat="21.0356455" lon="105.8178660"/>
 <node id="11760641439" visible="true" version="1" changeset="149122953" timestamp="2024-03-25T10:08:45Z" user="openmap-vn" uid="21213273" lat="21.0357310" lon="105.8179139"/>
 <node id="11760641440" visible="true" version="1" changeset="149122953" timestamp="2024-03-25T10:08:45Z" user="openmap-vn" uid="21213273" lat="21.0356748" lon="105.8178061"/>
 <node id="11760642650" visible="true" version="1" changeset="149123842" timestamp="2024-03-25T10:30:11Z" user="openmap-vn" uid="21213273" lat="21.0356480" lon="105.8183927"/>
 <node id="11760642651" visible="true" version="1" changeset="149123842" timestamp="2024-03-25T10:30:11Z" user="openmap-vn" uid="21213273" lat="21.0355722" lon="105.8183892"/>
 <node id="11760642652" visible="true" version="1" changeset="149123842" timestamp="2024-03-25T10:30:11Z" user="openmap-vn" uid="21213273" lat="21.0356568" lon="105.8183987"/>
 <node id="11760642654" visible="true" version="1" changeset="149123842" timestamp="2024-03-25T10:30:11Z" user="openmap-vn" uid="21213273" lat="21.0356750" lon="105.8183572"/>
 <node id="11760642656" visible="true" version="1" changeset="149123842" timestamp="2024-03-25T10:30:11Z" user="openmap-vn" uid="21213273" lat="21.0356362" lon="105.8182311"/>
 <node id="11760642657" visible="true" version="1" changeset="149123842" timestamp="2024-03-25T10:30:11Z" user="openmap-vn" uid="21213273" lat="21.0355724" lon="105.8183415"/>
 <node id="11760642658" visible="true" version="1" changeset="149123842" timestamp="2024-03-25T10:30:11Z" user="openmap-vn" uid="21213273" lat="21.0355720" lon="105.8183753"/>
 <node id="11760642659" visible="true" version="1" changeset="149123842" timestamp="2024-03-25T10:30:11Z" user="openmap-vn" uid="21213273" lat="21.0355023" lon="105.8183746"/>
 <node id="11760642660" visible="true" version="1" changeset="149123842" timestamp="2024-03-25T10:30:11Z" user="openmap-vn" uid="21213273" lat="21.0355026" lon="105.8183407"/>
 <node id="11760642662" visible="true" version="1" changeset="149123842" timestamp="2024-03-25T10:30:11Z" user="openmap-vn" uid="21213273" lat="21.0355224" lon="105.8182577"/>
 <node id="11760642664" visible="true" version="1" changeset="149123842" timestamp="2024-03-25T10:30:11Z" user="openmap-vn" uid="21213273" lat="21.0356089" lon="105.8182791"/>
 <node id="11760642665" visible="true" version="1" changeset="149123842" timestamp="2024-03-25T10:30:11Z" user="openmap-vn" uid="21213273" lat="21.0355369" lon="105.8182322"/>
 <node id="11760642666" visible="true" version="1" changeset="149123842" timestamp="2024-03-25T10:30:11Z" user="openmap-vn" uid="21213273" lat="21.0356208" lon="105.8182582"/>
 <node id="11760642667" visible="true" version="1" changeset="149123842" timestamp="2024-03-25T10:30:11Z" user="openmap-vn" uid="21213273" lat="21.0355488" lon="105.8182113"/>
 <node id="11760642668" visible="true" version="1" changeset="149123842" timestamp="2024-03-25T10:30:11Z" user="openmap-vn" uid="21213273" lat="21.0355686" lon="105.8181765"/>
 <node id="11760679069" visible="true" version="1" changeset="149123842" timestamp="2024-03-25T10:30:11Z" user="openmap-vn" uid="21213273" lat="21.0356406" lon="105.8182234"/>
 <node id="11761498701" visible="true" version="1" changeset="149138558" timestamp="2024-03-25T16:09:25Z" user="openmap-vn" uid="21213273" lat="21.0353327" lon="105.8182866"/>
 <node id="11761498702" visible="true" version="1" changeset="149138558" timestamp="2024-03-25T16:09:25Z" user="openmap-vn" uid="21213273" lat="21.0353176" lon="105.8183946"/>
 <node id="11761498703" visible="true" version="1" changeset="149138558" timestamp="2024-03-25T16:09:25Z" user="openmap-vn" uid="21213273" lat="21.0353986" lon="105.8184075"/>
 <node id="11761498704" visible="true" version="1" changeset="149138558" timestamp="2024-03-25T16:09:25Z" user="openmap-vn" uid="21213273" lat="21.0354137" lon="105.8182996"/>
 <node id="11761498705" visible="true" version="1" changeset="149138558" timestamp="2024-03-25T16:09:25Z" user="openmap-vn" uid="21213273" lat="21.0352552" lon="105.8182183"/>
 <node id="11761498706" visible="true" version="1" changeset="149138558" timestamp="2024-03-25T16:09:25Z" user="openmap-vn" uid="21213273" lat="21.0352513" lon="105.8182405"/>
 <node id="11761498707" visible="true" version="1" changeset="149138558" timestamp="2024-03-25T16:09:25Z" user="openmap-vn" uid="21213273" lat="21.0353085" lon="105.8182292"/>
 <node id="11761498708" visible="true" version="1" changeset="149138558" timestamp="2024-03-25T16:09:25Z" user="openmap-vn" uid="21213273" lat="21.0352261" lon="105.8181451"/>
 <node id="11761498709" visible="true" version="1" changeset="149138558" timestamp="2024-03-25T16:09:25Z" user="openmap-vn" uid="21213273" lat="21.0352145" lon="105.8182099"/>
 <node id="11761498710" visible="true" version="1" changeset="149138558" timestamp="2024-03-25T16:09:25Z" user="openmap-vn" uid="21213273" lat="21.0353201" lon="105.8181644"/>
 <node id="11761498711" visible="true" version="1" changeset="149138558" timestamp="2024-03-25T16:09:25Z" user="openmap-vn" uid="21213273" lat="21.0354377" lon="105.8181885"/>
 <node id="11761498712" visible="true" version="1" changeset="149138558" timestamp="2024-03-25T16:09:25Z" user="openmap-vn" uid="21213273" lat="21.0354222" lon="105.8182756"/>
 <node id="11761498713" visible="true" version="1" changeset="149138558" timestamp="2024-03-25T16:09:25Z" user="openmap-vn" uid="21213273" lat="21.0353045" lon="105.8182515"/>
 <node id="11761498714" visible="true" version="1" changeset="149138558" timestamp="2024-03-25T16:09:25Z" user="openmap-vn" uid="21213273" lat="21.0353145" lon="105.8181956"/>
 <node id="11761498715" visible="true" version="1" changeset="149138558" timestamp="2024-03-25T16:09:25Z" user="openmap-vn" uid="21213273" lat="21.0354322" lon="105.8182197"/>
 <node id="11761498716" visible="true" version="1" changeset="149138558" timestamp="2024-03-25T16:09:25Z" user="openmap-vn" uid="21213273" lat="21.0354539" lon="105.8181694"/>
 <node id="11761498717" visible="true" version="1" changeset="149138558" timestamp="2024-03-25T16:09:25Z" user="openmap-vn" uid="21213273" lat="21.0353179" lon="105.8181466"/>
 <node id="11761498718" visible="true" version="1" changeset="149138558" timestamp="2024-03-25T16:09:25Z" user="openmap-vn" uid="21213273" lat="21.0353352" lon="105.8180277"/>
 <node id="11761498719" visible="true" version="1" changeset="149138558" timestamp="2024-03-25T16:09:25Z" user="openmap-vn" uid="21213273" lat="21.0354633" lon="105.8181050"/>
 <node id="11761498720" visible="true" version="1" changeset="149138558" timestamp="2024-03-25T16:09:25Z" user="openmap-vn" uid="21213273" lat="21.0353273" lon="105.8180823"/>
 <node id="11761498721" visible="true" version="1" changeset="149138558" timestamp="2024-03-25T16:09:25Z" user="openmap-vn" uid="21213273" lat="21.0354712" lon="105.8180504"/>
 <node id="11761498722" visible="true" version="1" changeset="149138558" timestamp="2024-03-25T16:09:25Z" user="openmap-vn" uid="21213273" lat="21.0354176" lon="105.8180415"/>
 <node id="11761498723" visible="true" version="1" changeset="149138558" timestamp="2024-03-25T16:09:25Z" user="openmap-vn" uid="21213273" lat="21.0354243" lon="105.8179950"/>
 <node id="11761498724" visible="true" version="1" changeset="149138558" timestamp="2024-03-25T16:09:25Z" user="openmap-vn" uid="21213273" lat="21.0353613" lon="105.8179844"/>
 <node id="11761498725" visible="true" version="1" changeset="149138558" timestamp="2024-03-25T16:09:25Z" user="openmap-vn" uid="21213273" lat="21.0354756" lon="105.8180205"/>
 <node id="11761498726" visible="true" version="1" changeset="149138558" timestamp="2024-03-25T16:09:25Z" user="openmap-vn" uid="21213273" lat="21.0354219" lon="105.8180115"/>
 <node id="11761498727" visible="true" version="1" changeset="149138558" timestamp="2024-03-25T16:09:25Z" user="openmap-vn" uid="21213273" lat="21.0354322" lon="105.8179410"/>
 <node id="11761498728" visible="true" version="1" changeset="149138558" timestamp="2024-03-25T16:09:25Z" user="openmap-vn" uid="21213273" lat="21.0354859" lon="105.8179500"/>
 <node id="11761498729" visible="true" version="1" changeset="149138558" timestamp="2024-03-25T16:09:25Z" user="openmap-vn" uid="21213273" lat="21.0353563" lon="105.8178719"/>
 <node id="11761498730" visible="true" version="1" changeset="149138558" timestamp="2024-03-25T16:09:25Z" user="openmap-vn" uid="21213273" lat="21.0354403" lon="105.8178238"/>
 <node id="11761498731" visible="true" version="1" changeset="149138558" timestamp="2024-03-25T16:09:25Z" user="openmap-vn" uid="21213273" lat="21.0353651" lon="105.8178112"/>
 <node id="11761498732" visible="true" version="1" changeset="149138558" timestamp="2024-03-25T16:09:25Z" user="openmap-vn" uid="21213273" lat="21.0354967" lon="105.8179518"/>
 <node id="11761498733" visible="true" version="1" changeset="149138558" timestamp="2024-03-25T16:09:25Z" user="openmap-vn" uid="21213273" lat="21.0354998" lon="105.8179307"/>
 <node id="11761498734" visible="true" version="1" changeset="149138558" timestamp="2024-03-25T16:09:25Z" user="openmap-vn" uid="21213273" lat="21.0354468" lon="105.8179218"/>
 <node id="11761498735" visible="true" version="1" changeset="149138558" timestamp="2024-03-25T16:09:25Z" user="openmap-vn" uid="21213273" lat="21.0354699" lon="105.8179257"/>
 <node id="11761498736" visible="true" version="1" changeset="149138558" timestamp="2024-03-25T16:09:25Z" user="openmap-vn" uid="21213273" lat="21.0354437" lon="105.8179430"/>
 <node id="11761498737" visible="true" version="1" changeset="149138558" timestamp="2024-03-25T16:09:25Z" user="openmap-vn" uid="21213273" lat="21.0353692" lon="105.8179305"/>
 <node id="11761498738" visible="true" version="1" changeset="149138558" timestamp="2024-03-25T16:09:25Z" user="openmap-vn" uid="21213273" lat="21.0353772" lon="105.8178754"/>
 <node id="11761498739" visible="true" version="1" changeset="149138558" timestamp="2024-03-25T16:09:25Z" user="openmap-vn" uid="21213273" lat="21.0354749" lon="105.8178918"/>
 <node id="11761498740" visible="true" version="1" changeset="149138558" timestamp="2024-03-25T16:09:25Z" user="openmap-vn" uid="21213273" lat="21.0354346" lon="105.8178629"/>
 <node id="11761498741" visible="true" version="1" changeset="149138558" timestamp="2024-03-25T16:09:25Z" user="openmap-vn" uid="21213273" lat="21.0355079" lon="105.8178752"/>
 <node id="11761498742" visible="true" version="1" changeset="149138558" timestamp="2024-03-25T16:09:25Z" user="openmap-vn" uid="21213273" lat="21.0355048" lon="105.8178967"/>
 <node id="11761498743" visible="true" version="1" changeset="149138558" timestamp="2024-03-25T16:09:25Z" user="openmap-vn" uid="21213273" lat="21.0354315" lon="105.8178845"/>
 <node id="11761506732" visible="true" version="1" changeset="149138276" timestamp="2024-03-25T16:01:51Z" user="openmap-vn" uid="21213273" lat="21.0352088" lon="105.8173518"/>
 <node id="11761506733" visible="true" version="1" changeset="149138276" timestamp="2024-03-25T16:01:51Z" user="openmap-vn" uid="21213273" lat="21.0351159" lon="105.8172931"/>
 <node id="11761506734" visible="true" version="1" changeset="149138276" timestamp="2024-03-25T16:01:51Z" user="openmap-vn" uid="21213273" lat="21.0351304" lon="105.8172667"/>
 <node id="11761506735" visible="true" version="1" changeset="149138276" timestamp="2024-03-25T16:01:51Z" user="openmap-vn" uid="21213273" lat="21.0352233" lon="105.8173254"/>
 <node id="11761506736" visible="true" version="1" changeset="149138276" timestamp="2024-03-25T16:01:51Z" user="openmap-vn" uid="21213273" lat="21.0351515" lon="105.8172283"/>
 <node id="11761506737" visible="true" version="1" changeset="149138276" timestamp="2024-03-25T16:01:51Z" user="openmap-vn" uid="21213273" lat="21.0352444" lon="105.8172870"/>
 <node id="11761506738" visible="true" version="1" changeset="149138276" timestamp="2024-03-25T16:01:51Z" user="openmap-vn" uid="21213273" lat="21.0351921" lon="105.8173821"/>
 <node id="11761506739" visible="true" version="1" changeset="149138276" timestamp="2024-03-25T16:01:51Z" user="openmap-vn" uid="21213273" lat="21.0351472" lon="105.8174408"/>
 <node id="11761506740" visible="true" version="1" changeset="149138276" timestamp="2024-03-25T16:01:51Z" user="openmap-vn" uid="21213273" lat="21.0351051" lon="105.8175898"/>
 <node id="11761506741" visible="true" version="1" changeset="149138276" timestamp="2024-03-25T16:01:51Z" user="openmap-vn" uid="21213273" lat="21.0350755" lon="105.8175711"/>
 <node id="11761506743" visible="true" version="1" changeset="149138276" timestamp="2024-03-25T16:01:51Z" user="openmap-vn" uid="21213273" lat="21.0350992" lon="105.8173235"/>
 <node id="11761506745" visible="true" version="1" changeset="149138276" timestamp="2024-03-25T16:01:51Z" user="openmap-vn" uid="21213273" lat="21.0351058" lon="105.8175886"/>
 <node id="11761506746" visible="true" version="1" changeset="149138276" timestamp="2024-03-25T16:01:51Z" user="openmap-vn" uid="21213273" lat="21.0351714" lon="105.8176301"/>
 <node id="11761506751" visible="true" version="1" changeset="149138276" timestamp="2024-03-25T16:01:51Z" user="openmap-vn" uid="21213273" lat="21.0351768" lon="105.8174595"/>
 <node id="11761506752" visible="true" version="1" changeset="149138276" timestamp="2024-03-25T16:01:51Z" user="openmap-vn" uid="21213273" lat="21.0353119" lon="105.8175448"/>
 <node id="11761506753" visible="true" version="1" changeset="149138276" timestamp="2024-03-25T16:01:51Z" user="openmap-vn" uid="21213273" lat="21.0352424" lon="105.8175010"/>
 <node id="11761506754" visible="true" version="1" changeset="149138276" timestamp="2024-03-25T16:01:51Z" user="openmap-vn" uid="21213273" lat="21.0353570" lon="105.8174628"/>
 <node id="11761506755" visible="true" version="1" changeset="149138276" timestamp="2024-03-25T16:01:51Z" user="openmap-vn" uid="21213273" lat="21.0353056" lon="105.8175563"/>
 <node id="11761506756" visible="true" version="1" changeset="149138276" timestamp="2024-03-25T16:01:51Z" user="openmap-vn" uid="21213273" lat="21.0353623" lon="105.8175920"/>
 <node id="11761506757" visible="true" version="1" changeset="149138276" timestamp="2024-03-25T16:01:51Z" user="openmap-vn" uid="21213273" lat="21.0352875" lon="105.8174190"/>
 <node id="11761506758" visible="true" version="1" changeset="149138276" timestamp="2024-03-25T16:01:51Z" user="openmap-vn" uid="21213273" lat="21.0353165" lon="105.8176753"/>
 <node id="11761506759" visible="true" version="1" changeset="149138276" timestamp="2024-03-25T16:01:51Z" user="openmap-vn" uid="21213273" lat="21.0354137" lon="105.8174986"/>
 <node id="11761506760" visible="true" version="1" changeset="149138276" timestamp="2024-03-25T16:01:51Z" user="openmap-vn" uid="21213273" lat="21.0354758" lon="105.8175378"/>
 <node id="11761506761" visible="true" version="1" changeset="149138276" timestamp="2024-03-25T16:01:51Z" user="openmap-vn" uid="21213273" lat="21.0353786" lon="105.8177145"/>
 <node id="11761506762" visible="true" version="1" changeset="149138276" timestamp="2024-03-25T16:01:51Z" user="openmap-vn" uid="21213273" lat="21.0355325" lon="105.8175736"/>
 <node id="11761506763" visible="true" version="1" changeset="149138276" timestamp="2024-03-25T16:01:51Z" user="openmap-vn" uid="21213273" lat="21.0352219" lon="105.8173775"/>
 <node id="11761506764" visible="true" version="1" changeset="149138276" timestamp="2024-03-25T16:01:51Z" user="openmap-vn" uid="21213273" lat="21.0351247" lon="105.8175542"/>
 <node id="11761506765" visible="true" version="1" changeset="149138276" timestamp="2024-03-25T16:01:51Z" user="openmap-vn" uid="21213273" lat="21.0355796" lon="105.8176017"/>
 <node id="11761506766" visible="true" version="1" changeset="149138276" timestamp="2024-03-25T16:01:51Z" user="openmap-vn" uid="21213273" lat="21.0354817" lon="105.8177796"/>
 <node id="11761506767" visible="true" version="1" changeset="149138276" timestamp="2024-03-25T16:01:51Z" user="openmap-vn" uid="21213273" lat="21.0354353" lon="105.8177503"/>
 <node id="11761506768" visible="true" version="1" changeset="149138276" timestamp="2024-03-25T16:01:51Z" user="openmap-vn" uid="21213273" lat="21.0355332" lon="105.8175724"/>
 <node id="11761510869" visible="true" version="1" changeset="149138276" timestamp="2024-03-25T16:01:51Z" user="openmap-vn" uid="21213273" lat="21.0355760" lon="105.8177014"/>
 <node id="11761510870" visible="true" version="1" changeset="149138276" timestamp="2024-03-25T16:01:51Z" user="openmap-vn" uid="21213273" lat="21.0355380" lon="105.8176774"/>
 <node id="11761510871" visible="true" version="1" changeset="149138276" timestamp="2024-03-25T16:01:51Z" user="openmap-vn" uid="21213273" lat="21.0355118" lon="105.8177250"/>
 <node id="11761510872" visible="true" version="1" changeset="149138276" timestamp="2024-03-25T16:01:51Z" user="openmap-vn" uid="21213273" lat="21.0355498" lon="105.8177490"/>
 <node id="11761590211" visible="true" version="1" changeset="149139478" timestamp="2024-03-25T16:34:59Z" user="openmap-vn" uid="21213273" lat="21.0341298" lon="105.8200341"/>
 <node id="11761590212" visible="true" version="1" changeset="149139478" timestamp="2024-03-25T16:34:59Z" user="openmap-vn" uid="21213273" lat="21.0337837" lon="105.8200185"/>
 <node id="11761590213" visible="true" version="1" changeset="149139478" timestamp="2024-03-25T16:34:59Z" user="openmap-vn" uid="21213273" lat="21.0345752" lon="105.8200832"/>
 <node id="11761590214" visible="true" version="1" changeset="149139478" timestamp="2024-03-25T16:34:59Z" user="openmap-vn" uid="21213273" lat="21.0346863" lon="105.8201423"/>
 <node id="11761590215" visible="true" version="1" changeset="149139478" timestamp="2024-03-25T16:34:59Z" user="openmap-vn" uid="21213273" lat="21.0354043" lon="105.8183666"/>
 <node id="11761590216" visible="true" version="1" changeset="149139478" timestamp="2024-03-25T16:34:59Z" user="openmap-vn" uid="21213273" lat="21.0353233" lon="105.8183537"/>
 <node id="11761590217" visible="true" version="1" changeset="149139478" timestamp="2024-03-25T16:34:59Z" user="openmap-vn" uid="21213273" lat="21.0353896" lon="105.8183826">
  <tag k="addr:city" v="Hà Nội"/>
  <tag k="addr:country" v="VN"/>
  <tag k="addr:housenumber" v="236"/>
  <tag k="addr:street" v="236 P. Đội Cấn, Liễu Giai, Ba Đình, Hà Nội"/>
 </node>
 <node id="11761590218" visible="true" version="1" changeset="149139478" timestamp="2024-03-25T16:34:59Z" user="openmap-vn" uid="21213273" lat="21.0352995" lon="105.8188520">
  <tag k="addr:city" v="Hà Nội"/>
  <tag k="addr:country" v="VN"/>
  <tag k="addr:housenumber" v="218"/>
  <tag k="addr:street" v="218 P. Đội Cấn, Liễu Giai, Ba Đình, Hà Nội"/>
 </node>
 <node id="11761590219" visible="true" version="1" changeset="149139478" timestamp="2024-03-25T16:34:59Z" user="openmap-vn" uid="21213273" lat="21.0353476" lon="105.8190855"/>
 <node id="11761590220" visible="true" version="1" changeset="149139478" timestamp="2024-03-25T16:34:59Z" user="openmap-vn" uid="21213273" lat="21.0353273" lon="105.8190854"/>
 <node id="11761590221" visible="true" version="1" changeset="149139478" timestamp="2024-03-25T16:34:59Z" user="openmap-vn" uid="21213273" lat="21.0353360" lon="105.8189294"/>
 <node id="11761590222" visible="true" version="1" changeset="149139478" timestamp="2024-03-25T16:34:59Z" user="openmap-vn" uid="21213273" lat="21.0353603" lon="105.8189303"/>
 <node id="11761590223" visible="true" version="1" changeset="149139478" timestamp="2024-03-25T16:34:59Z" user="openmap-vn" uid="21213273" lat="21.0353330" lon="105.8189811"/>
 <node id="11761590224" visible="true" version="1" changeset="149139478" timestamp="2024-03-25T16:34:59Z" user="openmap-vn" uid="21213273" lat="21.0352313" lon="105.8189788"/>
 <node id="11761590225" visible="true" version="1" changeset="149139478" timestamp="2024-03-25T16:34:59Z" user="openmap-vn" uid="21213273" lat="21.0352463" lon="105.8187370"/>
 <node id="11761590226" visible="true" version="1" changeset="149139478" timestamp="2024-03-25T16:34:59Z" user="openmap-vn" uid="21213273" lat="21.0353477" lon="105.8187273"/>
 <node id="11775354169" visible="true" version="2" changeset="149721803" timestamp="2024-04-08T07:41:04Z" user="b-jazz-bot" uid="9451067" lat="21.0379119" lon="105.8117215">
  <tag k="addr:housenumber" v="384"/>
  <tag k="addr:postcode" v="10000"/>
  <tag k="addr:street" v="Phố Đội Cấn"/>
  <tag k="internet_access" v="wlan"/>
  <tag k="name" v="Hana Art Shop"/>
  <tag k="opening_hours" v="Mo-Su 09:00-18:00"/>
  <tag k="shop" v="art"/>
  <tag k="website" v="https://hanaartshop.com/"/>
 </node>
 <node id="11804000479" visible="true" version="2" changeset="152973382" timestamp="2024-06-21T03:46:03Z" user="openmap-vn" uid="21213273" lat="21.0349145" lon="105.8130827"/>
 <node id="11804000480" visible="true" version="1" changeset="149759132" timestamp="2024-04-09T04:40:58Z" user="Grab_Cong" uid="18820325" lat="21.0345619" lon="105.8134869"/>
 <node id="11804000481" visible="true" version="1" changeset="149759132" timestamp="2024-04-09T04:40:58Z" user="Grab_Cong" uid="18820325" lat="21.0346083" lon="105.8126495"/>
 <node id="11804000482" visible="true" version="2" changeset="152973382" timestamp="2024-06-21T03:46:03Z" user="openmap-vn" uid="21213273" lat="21.0345888" lon="105.8132267"/>
 <node id="11804000483" visible="true" version="2" changeset="152973382" timestamp="2024-06-21T03:46:03Z" user="openmap-vn" uid="21213273" lat="21.0347680" lon="105.8134458"/>
 <node id="11804000484" visible="true" version="2" changeset="152973382" timestamp="2024-06-21T03:46:03Z" user="openmap-vn" uid="21213273" lat="21.0347422" lon="105.8134378"/>
 <node id="11843395974" visible="true" version="1" changeset="150433319" timestamp="2024-04-24T09:00:52Z" user="Ty Chea" uid="21340273" lat="21.0351581" lon="105.8146465">
  <tag k="internet_access" v="wlan"/>
  <tag k="name:en" v="Grandiose Hotel &amp; Spa"/>
  <tag k="tourism" v="hotel"/>
  <tag k="website" v="http://grandiosehotels.com"/>
 </node>
 <node id="11843405973" visible="true" version="2" changeset="168946648" timestamp="2025-07-15T06:20:23Z" user="Tewuzij" uid="16194143" lat="21.0347338" lon="105.8145078">
  <tag k="branch" v="Liễu Giai"/>
  <tag k="brand" v="Circle K"/>
  <tag k="brand:wikidata" v="Q3268010"/>
  <tag k="name" v="Circle K"/>
  <tag k="name:en" v="Circle K VietNam"/>
  <tag k="opening_hours" v="24/7"/>
  <tag k="shop" v="convenience"/>
  <tag k="website" v="https://www.circlek.com.vn/vi/"/>
 </node>
 <node id="11932556618" visible="true" version="1" changeset="151799518" timestamp="2024-05-25T08:21:16Z" user="vietnam321" uid="11196308" lat="21.0376077" lon="105.8126448"/>
 <node id="11932556619" visible="true" version="1" changeset="151799518" timestamp="2024-05-25T08:21:16Z" user="vietnam321" uid="11196308" lat="21.0375813" lon="105.8127475"/>
 <node id="11932556620" visible="true" version="1" changeset="151799518" timestamp="2024-05-25T08:21:16Z" user="vietnam321" uid="11196308" lat="21.0376617" lon="105.8127712"/>
 <node id="11932556621" visible="true" version="1" changeset="151799518" timestamp="2024-05-25T08:21:16Z" user="vietnam321" uid="11196308" lat="21.0376699" lon="105.8127390"/>
 <node id="11932556622" visible="true" version="1" changeset="151799518" timestamp="2024-05-25T08:21:16Z" user="vietnam321" uid="11196308" lat="21.0377161" lon="105.8127526"/>
 <node id="11932556623" visible="true" version="1" changeset="151799518" timestamp="2024-05-25T08:21:16Z" user="vietnam321" uid="11196308" lat="21.0377260" lon="105.8127140"/>
 <node id="11932556624" visible="true" version="1" changeset="151799518" timestamp="2024-05-25T08:21:16Z" user="vietnam321" uid="11196308" lat="21.0376796" lon="105.8127003"/>
 <node id="11932556625" visible="true" version="1" changeset="151799518" timestamp="2024-05-25T08:21:16Z" user="vietnam321" uid="11196308" lat="21.0376878" lon="105.8126685"/>
 <node id="11932556626" visible="true" version="2" changeset="152973382" timestamp="2024-06-21T03:46:03Z" user="openmap-vn" uid="21213273" lat="21.0375738" lon="105.8125621"/>
 <node id="11932556627" visible="true" version="2" changeset="152973382" timestamp="2024-06-21T03:46:03Z" user="openmap-vn" uid="21213273" lat="21.0375690" lon="105.8126564"/>
 <node id="11932556628" visible="true" version="2" changeset="152973382" timestamp="2024-06-21T03:46:03Z" user="openmap-vn" uid="21213273" lat="21.0373736" lon="105.8126451"/>
 <node id="11932556629" visible="true" version="2" changeset="152973382" timestamp="2024-06-21T03:46:03Z" user="openmap-vn" uid="21213273" lat="21.0373726" lon="105.8126639"/>
 <node id="11932556630" visible="true" version="2" changeset="152973382" timestamp="2024-06-21T03:46:03Z" user="openmap-vn" uid="21213273" lat="21.0373047" lon="105.8126599"/>
 <node id="11932556631" visible="true" version="2" changeset="152973382" timestamp="2024-06-21T03:46:03Z" user="openmap-vn" uid="21213273" lat="21.0373104" lon="105.8125467"/>
 <node id="11944323555" visible="true" version="1" changeset="152019749" timestamp="2024-05-30T07:41:57Z" user="vietnam321" uid="11196308" lat="21.0409103" lon="105.8189112"/>
 <node id="11944381477" visible="true" version="1" changeset="152019749" timestamp="2024-05-30T07:41:57Z" user="vietnam321" uid="11196308" lat="21.0405550" lon="105.8191522"/>
 <node id="11944381478" visible="true" version="1" changeset="152019749" timestamp="2024-05-30T07:41:57Z" user="vietnam321" uid="11196308" lat="21.0404297" lon="105.8191510"/>
 <node id="11944381479" visible="true" version="1" changeset="152019749" timestamp="2024-05-30T07:41:57Z" user="vietnam321" uid="11196308" lat="21.0371415" lon="105.8175323"/>
 <node id="11944381480" visible="true" version="1" changeset="152019749" timestamp="2024-05-30T07:41:57Z" user="vietnam321" uid="11196308" lat="21.0371642" lon="105.8177290"/>
 <node id="11944381481" visible="true" version="1" changeset="152019749" timestamp="2024-05-30T07:41:57Z" user="vietnam321" uid="11196308" lat="21.0370303" lon="105.8177273"/>
 <node id="11944381482" visible="true" version="1" changeset="152019749" timestamp="2024-05-30T07:41:57Z" user="vietnam321" uid="11196308" lat="21.0370745" lon="105.8175698"/>
 <node id="11944381483" visible="true" version="1" changeset="152019749" timestamp="2024-05-30T07:41:57Z" user="vietnam321" uid="11196308" lat="21.0370428" lon="105.8176222"/>
 <node id="11944381484" visible="true" version="1" changeset="152019749" timestamp="2024-05-30T07:41:57Z" user="vietnam321" uid="11196308" lat="21.0369666" lon="105.8175775"/>
 <node id="11944381485" visible="true" version="1" changeset="152019749" timestamp="2024-05-30T07:41:57Z" user="vietnam321" uid="11196308" lat="21.0370011" lon="105.8175282"/>
 <node id="11982313965" visible="true" version="1" changeset="152704838" timestamp="2024-06-15T03:58:19Z" user="vietnam321" uid="11196308" lat="21.0346788" lon="105.8164556"/>
 <node id="11982313966" visible="true" version="1" changeset="152704838" timestamp="2024-06-15T03:58:19Z" user="vietnam321" uid="11196308" lat="21.0346583" lon="105.8165531"/>
 <node id="11982313967" visible="true" version="1" changeset="152704838" timestamp="2024-06-15T03:58:19Z" user="vietnam321" uid="11196308" lat="21.0346465" lon="105.8165503"/>
 <node id="11982313968" visible="true" version="1" changeset="152704838" timestamp="2024-06-15T03:58:19Z" user="vietnam321" uid="11196308" lat="21.0346196" lon="105.8166777"/>
 <node id="11982313969" visible="true" version="1" changeset="152704838" timestamp="2024-06-15T03:58:19Z" user="vietnam321" uid="11196308" lat="21.0346325" lon="105.8166808"/>
 <node id="11982313970" visible="true" version="1" changeset="152704838" timestamp="2024-06-15T03:58:19Z" user="vietnam321" uid="11196308" lat="21.0346184" lon="105.8167476"/>
 <node id="11982313971" visible="true" version="1" changeset="152704838" timestamp="2024-06-15T03:58:19Z" user="vietnam321" uid="11196308" lat="21.0346091" lon="105.8167454"/>
 <node id="11982313972" visible="true" version="1" changeset="152704838" timestamp="2024-06-15T03:58:19Z" user="vietnam321" uid="11196308" lat="21.0345734" lon="105.8169151"/>
 <node id="11982313973" visible="true" version="1" changeset="152704838" timestamp="2024-06-15T03:58:19Z" user="vietnam321" uid="11196308" lat="21.0345873" lon="105.8169184"/>
 <node id="11982313974" visible="true" version="1" changeset="152704838" timestamp="2024-06-15T03:58:19Z" user="vietnam321" uid="11196308" lat="21.0345771" lon="105.8169671"/>
 <node id="11982313975" visible="true" version="1" changeset="152704838" timestamp="2024-06-15T03:58:19Z" user="vietnam321" uid="11196308" lat="21.0346865" lon="105.8169935"/>
 <node id="11982313976" visible="true" version="1" changeset="152704838" timestamp="2024-06-15T03:58:19Z" user="vietnam321" uid="11196308" lat="21.0347939" lon="105.8164835"/>
 <node id="11982313977" visible="true" version="1" changeset="152704838" timestamp="2024-06-15T03:58:19Z" user="vietnam321" uid="11196308" lat="21.0347164" lon="105.8172031"/>
 <node id="11982313978" visible="true" version="1" changeset="152704838" timestamp="2024-06-15T03:58:19Z" user="vietnam321" uid="11196308" lat="21.0346222" lon="105.8173997"/>
 <node id="11982313979" visible="true" version="1" changeset="152704838" timestamp="2024-06-15T03:58:19Z" user="vietnam321" uid="11196308" lat="21.0345357" lon="105.8173521"/>
 <node id="11982313980" visible="true" version="1" changeset="152704838" timestamp="2024-06-15T03:58:19Z" user="vietnam321" uid="11196308" lat="21.0345546" lon="105.8173127"/>
 <node id="11982313981" visible="true" version="1" changeset="152704838" timestamp="2024-06-15T03:58:19Z" user="vietnam321" uid="11196308" lat="21.0343933" lon="105.8172240"/>
 <node id="11982313982" visible="true" version="1" changeset="152704838" timestamp="2024-06-15T03:58:19Z" user="vietnam321" uid="11196308" lat="21.0344384" lon="105.8171298"/>
 <node id="11982313983" visible="true" version="1" changeset="152704838" timestamp="2024-06-15T03:58:19Z" user="vietnam321" uid="11196308" lat="21.0345212" lon="105.8171754"/>
 <node id="11982313984" visible="true" version="1" changeset="152704838" timestamp="2024-06-15T03:58:19Z" user="vietnam321" uid="11196308" lat="21.0345356" lon="105.8171455"/>
 <node id="11982313985" visible="true" version="1" changeset="152704838" timestamp="2024-06-15T03:58:19Z" user="vietnam321" uid="11196308" lat="21.0346157" lon="105.8171895"/>
 <node id="11982313986" visible="true" version="1" changeset="152704838" timestamp="2024-06-15T03:58:19Z" user="vietnam321" uid="11196308" lat="21.0346316" lon="105.8171564"/>
 <node id="11982313987" visible="true" version="1" changeset="152704838" timestamp="2024-06-15T03:58:19Z" user="vietnam321" uid="11196308" lat="21.0348130" lon="105.8171862"/>
 <node id="11982313988" visible="true" version="1" changeset="152704838" timestamp="2024-06-15T03:58:19Z" user="vietnam321" uid="11196308" lat="21.0349692" lon="105.8172732"/>
 <node id="11982313989" visible="true" version="1" changeset="152704838" timestamp="2024-06-15T03:58:19Z" user="vietnam321" uid="11196308" lat="21.0349328" lon="105.8173482"/>
 <node id="11982313990" visible="true" version="1" changeset="152704838" timestamp="2024-06-15T03:58:19Z" user="vietnam321" uid="11196308" lat="21.0349095" lon="105.8173352"/>
 <node id="11982313991" visible="true" version="1" changeset="152704838" timestamp="2024-06-15T03:58:19Z" user="vietnam321" uid="11196308" lat="21.0348998" lon="105.8173551"/>
 <node id="11982313992" visible="true" version="1" changeset="152704838" timestamp="2024-06-15T03:58:19Z" user="vietnam321" uid="11196308" lat="21.0349364" lon="105.8173755"/>
 <node id="11982313993" visible="true" version="1" changeset="152704838" timestamp="2024-06-15T03:58:19Z" user="vietnam321" uid="11196308" lat="21.0349113" lon="105.8174273"/>
 <node id="11982313994" visible="true" version="1" changeset="152704838" timestamp="2024-06-15T03:58:19Z" user="vietnam321" uid="11196308" lat="21.0349275" lon="105.8174363"/>
 <node id="11982313995" visible="true" version="1" changeset="152704838" timestamp="2024-06-15T03:58:19Z" user="vietnam321" uid="11196308" lat="21.0349007" lon="105.8174914"/>
 <node id="11982313996" visible="true" version="1" changeset="152704838" timestamp="2024-06-15T03:58:19Z" user="vietnam321" uid="11196308" lat="21.0348337" lon="105.8174540"/>
 <node id="11982313997" visible="true" version="1" changeset="152704838" timestamp="2024-06-15T03:58:19Z" user="vietnam321" uid="11196308" lat="21.0348271" lon="105.8174676"/>
 <node id="11982313998" visible="true" version="1" changeset="152704838" timestamp="2024-06-15T03:58:19Z" user="vietnam321" uid="11196308" lat="21.0347086" lon="105.8174016"/>
 <node id="11982313999" visible="true" version="1" changeset="152704838" timestamp="2024-06-15T03:58:19Z" user="vietnam321" uid="11196308" lat="21.0347482" lon="105.8173202"/>
 <node id="11982314000" visible="true" version="1" changeset="152704838" timestamp="2024-06-15T03:58:19Z" user="vietnam321" uid="11196308" lat="21.0347888" lon="105.8173428"/>
 <node id="11982314001" visible="true" version="1" changeset="152704838" timestamp="2024-06-15T03:58:19Z" user="vietnam321" uid="11196308" lat="21.0348172" lon="105.8172842"/>
 <node id="11982314002" visible="true" version="1" changeset="152704838" timestamp="2024-06-15T03:58:19Z" user="vietnam321" uid="11196308" lat="21.0347764" lon="105.8172615"/>
 <node id="11982314003" visible="true" version="1" changeset="152704838" timestamp="2024-06-15T03:58:19Z" user="vietnam321" uid="11196308" lat="21.0348136" lon="105.8169216"/>
 <node id="11982314004" visible="true" version="1" changeset="152704838" timestamp="2024-06-15T03:58:19Z" user="vietnam321" uid="11196308" lat="21.0347288" lon="105.8170888"/>
 <node id="11982314005" visible="true" version="1" changeset="152704838" timestamp="2024-06-15T03:58:19Z" user="vietnam321" uid="11196308" lat="21.0347499" lon="105.8171011"/>
 <node id="11982314006" visible="true" version="1" changeset="152704838" timestamp="2024-06-15T03:58:19Z" user="vietnam321" uid="11196308" lat="21.0347425" lon="105.8171158"/>
 <node id="11982314007" visible="true" version="1" changeset="152704838" timestamp="2024-06-15T03:58:19Z" user="vietnam321" uid="11196308" lat="21.0348464" lon="105.8171764"/>
 <node id="11982314008" visible="true" version="1" changeset="152704838" timestamp="2024-06-15T03:58:19Z" user="vietnam321" uid="11196308" lat="21.0349427" lon="105.8169868"/>
 <node id="11982314009" visible="true" version="1" changeset="152704838" timestamp="2024-06-15T03:58:19Z" user="vietnam321" uid="11196308" lat="21.0349133" lon="105.8169696"/>
 <node id="11982314010" visible="true" version="1" changeset="152704838" timestamp="2024-06-15T03:58:19Z" user="vietnam321" uid="11196308" lat="21.0349283" lon="105.8169400"/>
 <node id="11982314011" visible="true" version="1" changeset="152704838" timestamp="2024-06-15T03:58:19Z" user="vietnam321" uid="11196308" lat="21.0348614" lon="105.8169010"/>
 <node id="11982314012" visible="true" version="1" changeset="152704838" timestamp="2024-06-15T03:58:19Z" user="vietnam321" uid="11196308" lat="21.0348424" lon="105.8169384"/>
 <node id="11998136190" visible="true" version="1" changeset="152973382" timestamp="2024-06-21T03:46:03Z" user="openmap-vn" uid="21213273" lat="21.0370851" lon="105.8116604"/>
 <node id="11998136191" visible="true" version="1" changeset="152973382" timestamp="2024-06-21T03:46:03Z" user="openmap-vn" uid="21213273" lat="21.0374773" lon="105.8116374"/>
 <node id="11998136194" visible="true" version="1" changeset="152973382" timestamp="2024-06-21T03:46:03Z" user="openmap-vn" uid="21213273" lat="21.0370650" lon="105.8113962"/>
 <node id="11998136197" visible="true" version="1" changeset="152973382" timestamp="2024-06-21T03:46:03Z" user="openmap-vn" uid="21213273" lat="21.0372215" lon="105.8132616"/>
 <node id="11998136198" visible="true" version="1" changeset="152973382" timestamp="2024-06-21T03:46:03Z" user="openmap-vn" uid="21213273" lat="21.0372265" lon="105.8131845"/>
 <node id="11998136199" visible="true" version="1" changeset="152973382" timestamp="2024-06-21T03:46:03Z" user="openmap-vn" uid="21213273" lat="21.0374869" lon="105.8131228"/>
 <node id="11998136201" visible="true" version="1" changeset="152973382" timestamp="2024-06-21T03:46:03Z" user="openmap-vn" uid="21213273" lat="21.0348676" lon="105.8139054"/>
 <node id="11998136202" visible="true" version="1" changeset="152973382" timestamp="2024-06-21T03:46:03Z" user="openmap-vn" uid="21213273" lat="21.0350413" lon="105.8130953"/>
 <node id="11998136203" visible="true" version="1" changeset="152973382" timestamp="2024-06-21T03:46:03Z" user="openmap-vn" uid="21213273" lat="21.0354563" lon="105.8130199"/>
 <node id="11998689952" visible="true" version="1" changeset="152985266" timestamp="2024-06-21T10:04:02Z" user="openmap-vn" uid="21213273" lat="21.0354334" lon="105.8178087"/>
 <node id="11998689955" visible="true" version="2" changeset="157605843" timestamp="2024-10-08T03:23:44Z" user="Grab_Cong" uid="18820325" lat="21.0383867" lon="105.8161048"/>
 <node id="11998689956" visible="true" version="1" changeset="152985266" timestamp="2024-06-21T10:04:02Z" user="openmap-vn" uid="21213273" lat="21.0373198" lon="105.8162436"/>
 <node id="11998689957" visible="true" version="1" changeset="152985266" timestamp="2024-06-21T10:04:02Z" user="openmap-vn" uid="21213273" lat="21.0376910" lon="105.8163370"/>
 <node id="11998689964" visible="true" version="1" changeset="152985266" timestamp="2024-06-21T10:04:02Z" user="openmap-vn" uid="21213273" lat="21.0359105" lon="105.8128689"/>
 <node id="11998689966" visible="true" version="1" changeset="152985266" timestamp="2024-06-21T10:04:02Z" user="openmap-vn" uid="21213273" lat="21.0376174" lon="105.8190240"/>
 <node id="11998689968" visible="true" version="1" changeset="152985266" timestamp="2024-06-21T10:04:02Z" user="openmap-vn" uid="21213273" lat="21.0353700" lon="105.8164316"/>
 <node id="11998693769" visible="true" version="1" changeset="152985266" timestamp="2024-06-21T10:04:02Z" user="openmap-vn" uid="21213273" lat="21.0352201" lon="105.8163982"/>
 <node id="11998693770" visible="true" version="1" changeset="152985266" timestamp="2024-06-21T10:04:02Z" user="openmap-vn" uid="21213273" lat="21.0352298" lon="105.8163481"/>
 <node id="11998693771" visible="true" version="1" changeset="152985266" timestamp="2024-06-21T10:04:02Z" user="openmap-vn" uid="21213273" lat="21.0353797" lon="105.8163815"/>
 <node id="11998693772" visible="true" version="1" changeset="152985266" timestamp="2024-06-21T10:04:02Z" user="openmap-vn" uid="21213273" lat="21.0352399" lon="105.8162959"/>
 <node id="11998693773" visible="true" version="1" changeset="152985266" timestamp="2024-06-21T10:04:02Z" user="openmap-vn" uid="21213273" lat="21.0353898" lon="105.8163292"/>
 <node id="11998693774" visible="true" version="1" changeset="152985266" timestamp="2024-06-21T10:04:02Z" user="openmap-vn" uid="21213273" lat="21.0352125" lon="105.8162898"/>
 <node id="11998693775" visible="true" version="1" changeset="152985266" timestamp="2024-06-21T10:04:02Z" user="openmap-vn" uid="21213273" lat="21.0352196" lon="105.8162531"/>
 <node id="11998693776" visible="true" version="1" changeset="152985266" timestamp="2024-06-21T10:04:02Z" user="openmap-vn" uid="21213273" lat="21.0353969" lon="105.8162925"/>
 <node id="11998693777" visible="true" version="1" changeset="152985266" timestamp="2024-06-21T10:04:02Z" user="openmap-vn" uid="21213273" lat="21.0352106" lon="105.8162511"/>
 <node id="11998693778" visible="true" version="1" changeset="152985266" timestamp="2024-06-21T10:04:02Z" user="openmap-vn" uid="21213273" lat="21.0352233" lon="105.8161856"/>
 <node id="11998693779" visible="true" version="1" changeset="152985266" timestamp="2024-06-21T10:04:02Z" user="openmap-vn" uid="21213273" lat="21.0354096" lon="105.8162270"/>
 <node id="11998693780" visible="true" version="1" changeset="152985266" timestamp="2024-06-21T10:04:02Z" user="openmap-vn" uid="21213273" lat="21.0352382" lon="105.8161087"/>
 <node id="11998693781" visible="true" version="1" changeset="152985266" timestamp="2024-06-21T10:04:02Z" user="openmap-vn" uid="21213273" lat="21.0352518" lon="105.8159972"/>
 <node id="11998693782" visible="true" version="1" changeset="152985266" timestamp="2024-06-21T10:04:02Z" user="openmap-vn" uid="21213273" lat="21.0354286" lon="105.8160365"/>
 <node id="11998693783" visible="true" version="1" changeset="152985266" timestamp="2024-06-21T10:04:02Z" user="openmap-vn" uid="21213273" lat="21.0354183" lon="105.8160900"/>
 <node id="11998693784" visible="true" version="1" changeset="152985266" timestamp="2024-06-21T10:04:02Z" user="openmap-vn" uid="21213273" lat="21.0352414" lon="105.8160506"/>
 <node id="11998693785" visible="true" version="1" changeset="152985266" timestamp="2024-06-21T10:04:02Z" user="openmap-vn" uid="21213273" lat="21.0352305" lon="105.8161070"/>
 <node id="11998693786" visible="true" version="1" changeset="152985266" timestamp="2024-06-21T10:04:02Z" user="openmap-vn" uid="21213273" lat="21.0354354" lon="105.8160938"/>
 <node id="11998693787" visible="true" version="1" changeset="152985266" timestamp="2024-06-21T10:04:02Z" user="openmap-vn" uid="21213273" lat="21.0356226" lon="105.8160977"/>
 <node id="11998693788" visible="true" version="1" changeset="152985266" timestamp="2024-06-21T10:04:02Z" user="openmap-vn" uid="21213273" lat="21.0354424" lon="105.8160577"/>
 <node id="11998693789" visible="true" version="1" changeset="152985266" timestamp="2024-06-21T10:04:02Z" user="openmap-vn" uid="21213273" lat="21.0354245" lon="105.8161502"/>
 <node id="11998693790" visible="true" version="1" changeset="152985266" timestamp="2024-06-21T10:04:02Z" user="openmap-vn" uid="21213273" lat="21.0356047" lon="105.8161902"/>
 <node id="11998693791" visible="true" version="1" changeset="152985266" timestamp="2024-06-21T10:04:02Z" user="openmap-vn" uid="21213273" lat="21.0360511" lon="105.8164924"/>
 <node id="11998693792" visible="true" version="1" changeset="152985266" timestamp="2024-06-21T10:04:02Z" user="openmap-vn" uid="21213273" lat="21.0359166" lon="105.8163951"/>
 <node id="11998693793" visible="true" version="1" changeset="152985266" timestamp="2024-06-21T10:04:02Z" user="openmap-vn" uid="21213273" lat="21.0359447" lon="105.8163522"/>
 <node id="11998693794" visible="true" version="1" changeset="152985266" timestamp="2024-06-21T10:04:02Z" user="openmap-vn" uid="21213273" lat="21.0358383" lon="105.8162751"/>
 <node id="11998693795" visible="true" version="1" changeset="152985266" timestamp="2024-06-21T10:04:02Z" user="openmap-vn" uid="21213273" lat="21.0356011" lon="105.8162084"/>
 <node id="11998693796" visible="true" version="1" changeset="152985266" timestamp="2024-06-21T10:04:02Z" user="openmap-vn" uid="21213273" lat="21.0356199" lon="105.8161115"/>
 <node id="11998693797" visible="true" version="1" changeset="152985266" timestamp="2024-06-21T10:04:02Z" user="openmap-vn" uid="21213273" lat="21.0359472" lon="105.8162040"/>
 <node id="11998693798" visible="true" version="1" changeset="152985266" timestamp="2024-06-21T10:04:02Z" user="openmap-vn" uid="21213273" lat="21.0361381" lon="105.8163442"/>
 <node id="11998693799" visible="true" version="1" changeset="152985266" timestamp="2024-06-21T10:04:02Z" user="openmap-vn" uid="21213273" lat="21.0359335" lon="105.8167633"/>
 <node id="11998693800" visible="true" version="1" changeset="152985266" timestamp="2024-06-21T10:04:02Z" user="openmap-vn" uid="21213273" lat="21.0357828" lon="105.8156771"/>
 <node id="11998693801" visible="true" version="1" changeset="152985266" timestamp="2024-06-21T10:04:02Z" user="openmap-vn" uid="21213273" lat="21.0357860" lon="105.8156626"/>
 <node id="11998693802" visible="true" version="1" changeset="152985266" timestamp="2024-06-21T10:04:02Z" user="openmap-vn" uid="21213273" lat="21.0356998" lon="105.8159877"/>
 <node id="11998693814" visible="true" version="1" changeset="152985266" timestamp="2024-06-21T10:04:02Z" user="openmap-vn" uid="21213273" lat="21.0350247" lon="105.8158976"/>
 <node id="11998693815" visible="true" version="1" changeset="152985266" timestamp="2024-06-21T10:04:02Z" user="openmap-vn" uid="21213273" lat="21.0345622" lon="105.8163576"/>
 <node id="11998693817" visible="true" version="1" changeset="152985266" timestamp="2024-06-21T10:04:02Z" user="openmap-vn" uid="21213273" lat="21.0337855" lon="105.8179454"/>
 <node id="11998693818" visible="true" version="1" changeset="152985266" timestamp="2024-06-21T10:04:02Z" user="openmap-vn" uid="21213273" lat="21.0336935" lon="105.8177463"/>
 <node id="11998693829" visible="true" version="1" changeset="152985266" timestamp="2024-06-21T10:04:02Z" user="openmap-vn" uid="21213273" lat="21.0389551" lon="105.8176538"/>
 <node id="12001825005" visible="true" version="1" changeset="153050942" timestamp="2024-06-23T02:40:28Z" user="logus2" uid="21611817" lat="21.0376413" lon="105.8173957"/>
 <node id="12009448130" visible="true" version="1" changeset="153153828" timestamp="2024-06-25T11:57:48Z" user="rat_lorand_grab" uid="10678755" lat="21.0391242" lon="105.8165537"/>
 <node id="12009448131" visible="true" version="1" changeset="153153828" timestamp="2024-06-25T11:57:48Z" user="rat_lorand_grab" uid="10678755" lat="21.0391865" lon="105.8165705"/>
 <node id="12009448132" visible="true" version="1" changeset="153153828" timestamp="2024-06-25T11:57:48Z" user="rat_lorand_grab" uid="10678755" lat="21.0395975" lon="105.8166519"/>
 <node id="12009448133" visible="true" version="1" changeset="153153828" timestamp="2024-06-25T11:57:48Z" user="rat_lorand_grab" uid="10678755" lat="21.0395357" lon="105.8166491"/>
 <node id="12076471650" visible="true" version="2" changeset="167334883" timestamp="2025-06-08T04:50:32Z" user="Hung Tran 9x0" uid="20910140" lat="21.0376800" lon="105.8139085">
  <tag k="addr:district" v="Quận Ba Đình"/>
  <tag k="addr:housenumber" v="268A"/>
  <tag k="addr:province" v="Hà Nội"/>
  <tag k="addr:street" v="Phố Đội Cấn"/>
  <tag k="brand" v="WinMart+"/>
  <tag k="brand:wikidata" v="Q113236478"/>
  <tag k="name" v="WinMart+"/>
  <tag k="note" v="To whoever out there keeps messing with the Winmart+ locations: you should stop and check Mapillary images carefully before making any edits. Your wrong edits are annoying."/>
  <tag k="shop" v="convenience"/>
 </node>
 <node id="12082435067" visible="true" version="1" changeset="154592401" timestamp="2024-07-30T07:33:19Z" user="openmap-vn" uid="21213273" lat="21.0411321" lon="105.8135222"/>
 <node id="12082435068" visible="true" version="1" changeset="154592401" timestamp="2024-07-30T07:33:19Z" user="openmap-vn" uid="21213273" lat="21.0410911" lon="105.8134102"/>
 <node id="12082442469" visible="true" version="1" changeset="154592401" timestamp="2024-07-30T07:33:19Z" user="openmap-vn" uid="21213273" lat="21.0410880" lon="105.8133136"/>
 <node id="12082442470" visible="true" version="1" changeset="154592401" timestamp="2024-07-30T07:33:19Z" user="openmap-vn" uid="21213273" lat="21.0410886" lon="105.8132201"/>
 <node id="12082442471" visible="true" version="1" changeset="154592401" timestamp="2024-07-30T07:33:19Z" user="openmap-vn" uid="21213273" lat="21.0409497" lon="105.8130819"/>
 <node id="12231311552" visible="true" version="1" changeset="157570699" timestamp="2024-10-07T08:31:46Z" user="Grab_Cong" uid="18820325" lat="21.0380333" lon="105.8173128"/>
 <node id="12231311553" visible="true" version="1" changeset="157570699" timestamp="2024-10-07T08:31:46Z" user="Grab_Cong" uid="18820325" lat="21.0380381" lon="105.8174065"/>
 <node id="12231311554" visible="true" version="1" changeset="157570699" timestamp="2024-10-07T08:31:46Z" user="Grab_Cong" uid="18820325" lat="21.0380543" lon="105.8171005"/>
 <node id="12231311555" visible="true" version="1" changeset="157570699" timestamp="2024-10-07T08:31:46Z" user="Grab_Cong" uid="18820325" lat="21.0383499" lon="105.8171041"/>
 <node id="12231311556" visible="true" version="1" changeset="157570699" timestamp="2024-10-07T08:31:46Z" user="Grab_Cong" uid="18820325" lat="21.0384334" lon="105.8174936"/>
 <node id="12231311557" visible="true" version="1" changeset="157570699" timestamp="2024-10-07T08:31:46Z" user="Grab_Cong" uid="18820325" lat="21.0383602" lon="105.8176519"/>
 <node id="12231311558" visible="true" version="1" changeset="157570699" timestamp="2024-10-07T08:31:46Z" user="Grab_Cong" uid="18820325" lat="21.0381542" lon="105.8175913"/>
 <node id="12231311559" visible="true" version="1" changeset="157570699" timestamp="2024-10-07T08:31:46Z" user="Grab_Cong" uid="18820325" lat="21.0383459" lon="105.8177145"/>
 <node id="12234036693" visible="true" version="1" changeset="157605843" timestamp="2024-10-08T03:23:44Z" user="Grab_Cong" uid="18820325" lat="21.0382956" lon="105.8159742"/>
 <node id="12234036694" visible="true" version="1" changeset="157605843" timestamp="2024-10-08T03:23:44Z" user="Grab_Cong" uid="18820325" lat="21.0386877" lon="105.8160747"/>
 <node id="12234036695" visible="true" version="1" changeset="157605843" timestamp="2024-10-08T03:23:44Z" user="Grab_Cong" uid="18820325" lat="21.0386082" lon="105.8160553"/>
 <node id="12234036696" visible="true" version="1" changeset="157605843" timestamp="2024-10-08T03:23:44Z" user="Grab_Cong" uid="18820325" lat="21.0386343" lon="105.8159174"/>
 <node id="12234036697" visible="true" version="1" changeset="157605843" timestamp="2024-10-08T03:23:44Z" user="Grab_Cong" uid="18820325" lat="21.0386366" lon="105.8163044"/>
 <node id="12234036698" visible="true" version="1" changeset="157605843" timestamp="2024-10-08T03:23:44Z" user="Grab_Cong" uid="18820325" lat="21.0383528" lon="105.8162913"/>
 <node id="12252622818" visible="true" version="2" changeset="157914617" timestamp="2024-10-15T10:42:06Z" user="Goudanius" uid="432284" lat="21.0380741" lon="105.8122488">
  <tag k="amenity" v="cafe"/>
  <tag k="food" v="no"/>
  <tag k="name" v="Chilling - Coffee &amp; Toast"/>
 </node>
 <node id="12254400345" visible="true" version="1" changeset="157946298" timestamp="2024-10-16T04:21:57Z" user="Grab_Cong" uid="18820325" lat="21.0396431" lon="105.8162608"/>
 <node id="12334007493" visible="true" version="1" changeset="159038233" timestamp="2024-11-12T07:26:56Z" user="GrabVN_Dang" uid="21825913" lat="21.0378789" lon="105.8114558"/>
 <node id="12334007494" visible="true" version="1" changeset="159038233" timestamp="2024-11-12T07:26:56Z" user="GrabVN_Dang" uid="21825913" lat="21.0376964" lon="105.8114659"/>
 <node id="12334007495" visible="true" version="1" changeset="159038233" timestamp="2024-11-12T07:26:56Z" user="GrabVN_Dang" uid="21825913" lat="21.0375506" lon="105.8114702"/>
 <node id="12334007496" visible="true" version="1" changeset="159038233" timestamp="2024-11-12T07:26:56Z" user="GrabVN_Dang" uid="21825913" lat="21.0375657" lon="105.8116124"/>
 <node id="12334007497" visible="true" version="1" changeset="159038233" timestamp="2024-11-12T07:26:56Z" user="GrabVN_Dang" uid="21825913" lat="21.0375999" lon="105.8116535"/>
 <node id="12334007498" visible="true" version="1" changeset="159038233" timestamp="2024-11-12T07:26:56Z" user="GrabVN_Dang" uid="21825913" lat="21.0375990" lon="105.8117089"/>
 <node id="12552988567" visible="true" version="2" changeset="168946648" timestamp="2025-07-15T06:20:23Z" user="Tewuzij" uid="16194143" lat="21.0348767" lon="105.8140854">
  <tag k="amenity" v="atm"/>
  <tag k="brand" v="MB"/>
  <tag k="brand:wikidata" v="Q10800269"/>
  <tag k="cash_in" v="yes"/>
  <tag k="name" v="MB CRM"/>
  <tag k="operator" v="MB"/>
  <tag k="operator:wikidata" v="Q10800269"/>
 </node>
 <node id="12651070191" visible="true" version="1" changeset="163467339" timestamp="2025-03-11T03:34:21Z" user="robinmetral" uid="3150634" lat="21.0349496" lon="105.8148326">
  <tag k="addr:street" v="Ngõ 9 Liễu Giai"/>
  <tag k="amenity" v="cafe"/>
  <tag k="contact:facebook" v="https://www.facebook.com/AdrenalineFlavorHub"/>
  <tag k="cuisine" v="coffee_shop"/>
  <tag k="name" v="Adrenaline"/>
  <tag k="training" v="cooking"/>
 </node>
 <node id="12651070192" visible="true" version="1" changeset="163467339" timestamp="2025-03-11T03:34:21Z" user="robinmetral" uid="3150634" lat="21.0352448" lon="105.8152593"/>
 <node id="12840330523" visible="true" version="1" changeset="166312841" timestamp="2025-05-15T16:13:42Z" user="Hung Tran 9x0" uid="20910140" lat="21.0364155" lon="105.8168794">
  <tag k="addr:housenumber" v="345"/>
  <tag k="addr:street" v="Phố Đội Cấn"/>
  <tag k="name" v="AEON MaxValu"/>
  <tag k="shop" v="supermarket"/>
 </node>
 <node id="12862503457" visible="true" version="1" changeset="166732539" timestamp="2025-05-25T12:29:14Z" user="Hung Tran 9x0" uid="20910140" lat="21.0362799" lon="105.8145358">
  <tag k="amenity" v="atm"/>
  <tag k="brand" v="VPBank"/>
  <tag k="brand:wikidata" v="Q20025914"/>
  <tag k="cash_in" v="yes"/>
  <tag k="name" v="VPBank CDM"/>
  <tag k="operator" v="VPBank"/>
  <tag k="operator:wikidata" v="Q20025914"/>
 </node>
 <node id="12879038825" visible="true" version="1" changeset="167050890" timestamp="2025-06-01T13:21:41Z" user="Hung Tran 9x0" uid="20910140" lat="21.0354616" lon="105.8182120">
  <tag k="addr:housenumber" v="244"/>
  <tag k="addr:street" v="Phố Đội Cấn"/>
  <tag k="brand" v="WinMart+"/>
  <tag k="brand:wikidata" v="Q113236478"/>
  <tag k="name" v="WinMart+"/>
  <tag k="shop" v="convenience"/>
 </node>
 <node id="12896076905" visible="true" version="1" changeset="167334804" timestamp="2025-06-08T04:42:47Z" user="Hung Tran 9x0" uid="20910140" lat="21.0382388" lon="105.8128590">
  <tag k="amenity" v="atm"/>
  <tag k="brand" v="TPBank"/>
  <tag k="brand:wikidata" v="Q7801033"/>
  <tag k="cash_in" v="yes"/>
  <tag k="name" v="TPBank LiveBank 24/7"/>
  <tag k="operator" v="TPBank"/>
  <tag k="operator:wikidata" v="Q7801033"/>
 </node>
 <node id="12992618500" visible="true" version="1" changeset="168750786" timestamp="2025-07-10T16:04:12Z" user="Hung Tran 9x0" uid="20910140" lat="21.0362037" lon="105.8132114"/>
 <node id="12992646101" visible="true" version="1" changeset="168750786" timestamp="2025-07-10T16:04:12Z" user="Hung Tran 9x0" uid="20910140" lat="21.0362074" lon="105.8131248"/>
 <node id="12992646102" visible="true" version="1" changeset="168750786" timestamp="2025-07-10T16:04:12Z" user="Hung Tran 9x0" uid="20910140" lat="21.0358812" lon="105.8130889"/>
 <node id="12992646103" visible="true" version="1" changeset="168750786" timestamp="2025-07-10T16:04:12Z" user="Hung Tran 9x0" uid="20910140" lat="21.0363441" lon="105.8126977"/>
 <node id="12992646104" visible="true" version="1" changeset="168750786" timestamp="2025-07-10T16:04:12Z" user="Hung Tran 9x0" uid="20910140" lat="21.0363683" lon="105.8123446"/>
 <node id="12992646105" visible="true" version="1" changeset="168750786" timestamp="2025-07-10T16:04:12Z" user="Hung Tran 9x0" uid="20910140" lat="21.0363409" lon="105.8127750"/>
 <node id="12992646106" visible="true" version="1" changeset="168750786" timestamp="2025-07-10T16:04:12Z" user="Hung Tran 9x0" uid="20910140" lat="21.0363864" lon="105.8120791"/>
 <node id="12992646107" visible="true" version="1" changeset="168750786" timestamp="2025-07-10T16:04:12Z" user="Hung Tran 9x0" uid="20910140" lat="21.0369712" lon="105.8128787"/>
 <node id="12992646108" visible="true" version="1" changeset="168750786" timestamp="2025-07-10T16:04:12Z" user="Hung Tran 9x0" uid="20910140" lat="21.0366542" lon="105.8124516"/>
 <node id="12992646109" visible="true" version="1" changeset="168750786" timestamp="2025-07-10T16:04:12Z" user="Hung Tran 9x0" uid="20910140" lat="21.0372645" lon="105.8127749"/>
 <node id="12992646110" visible="true" version="1" changeset="168750786" timestamp="2025-07-10T16:04:12Z" user="Hung Tran 9x0" uid="20910140" lat="21.0372854" lon="105.8128016"/>
 <node id="12992646111" visible="true" version="1" changeset="168750786" timestamp="2025-07-10T16:04:12Z" user="Hung Tran 9x0" uid="20910140" lat="21.0372767" lon="105.8127773"/>
 <node id="12992646112" visible="true" version="1" changeset="168750786" timestamp="2025-07-10T16:04:12Z" user="Hung Tran 9x0" uid="20910140" lat="21.0372856" lon="105.8127897"/>
 <node id="13031107079" visible="true" version="1" changeset="169601076" timestamp="2025-07-28T09:21:54Z" user="sykul" uid="9715645" lat="21.0385926" lon="105.8151913">
  <tag k="name" v="Viettel"/>
  <tag k="shop" v="mobile_phone"/>
 </node>
 <node id="13042554664" visible="true" version="1" changeset="169849969" timestamp="2025-08-02T07:46:13Z" user="Tewuzij" uid="16194143" lat="21.0429010" lon="105.8169651"/>
 <node id="13042554665" visible="true" version="1" changeset="169849969" timestamp="2025-08-02T07:46:13Z" user="Tewuzij" uid="16194143" lat="21.0400885" lon="105.8161059"/>
 <node id="13045433266" visible="true" version="1" changeset="169899980" timestamp="2025-08-03T11:33:37Z" user="doggosmile" uid="20107008" lat="21.0366468" lon="105.8162245"/>
 <node id="13045433267" visible="true" version="1" changeset="169899980" timestamp="2025-08-03T11:33:37Z" user="doggosmile" uid="20107008" lat="21.0365266" lon="105.8164605"/>
 <node id="13045433268" visible="true" version="1" changeset="169899980" timestamp="2025-08-03T11:33:37Z" user="doggosmile" uid="20107008" lat="21.0368195" lon="105.8166321"/>
 <node id="13045433269" visible="true" version="1" changeset="169899980" timestamp="2025-08-03T11:33:37Z" user="doggosmile" uid="20107008" lat="21.0369347" lon="105.8164042"/>
 <node id="13051628004" visible="true" version="2" changeset="174896704" timestamp="2025-11-20T09:06:58Z" user="jungfreud" uid="23147920" lat="21.0420335" lon="105.8165419"/>
 <node id="13055463476" visible="true" version="1" changeset="170084772" timestamp="2025-08-07T02:56:13Z" user="Grab_Cong" uid="18820325" lat="21.0369768" lon="105.8134597"/>
 <node id="13055463477" visible="true" version="1" changeset="170084772" timestamp="2025-08-07T02:56:13Z" user="Grab_Cong" uid="18820325" lat="21.0367623" lon="105.8134077"/>
 <node id="13055463478" visible="true" version="1" changeset="170084772" timestamp="2025-08-07T02:56:13Z" user="Grab_Cong" uid="18820325" lat="21.0366654" lon="105.8133652"/>
 <node id="13055463479" visible="true" version="1" changeset="170084772" timestamp="2025-08-07T02:56:13Z" user="Grab_Cong" uid="18820325" lat="21.0364408" lon="105.8133346"/>
 <node id="13055463480" visible="true" version="1" changeset="170084772" timestamp="2025-08-07T02:56:13Z" user="Grab_Cong" uid="18820325" lat="21.0365436" lon="105.8133239"/>
 <node id="13080855555" visible="true" version="1" changeset="170647726" timestamp="2025-08-19T04:34:12Z" user="Hung Tran 9x0" uid="20910140" lat="21.0349590" lon="105.8164727"/>
 <node id="13080855556" visible="true" version="1" changeset="170647726" timestamp="2025-08-19T04:34:12Z" user="Hung Tran 9x0" uid="20910140" lat="21.0348054" lon="105.8163661"/>
 <node id="13095394798" visible="true" version="1" changeset="170951910" timestamp="2025-08-25T02:57:11Z" user="Grab_Cong" uid="18820325" lat="21.0394645" lon="105.8128644"/>
 <node id="13152728102" visible="true" version="2" changeset="172851982" timestamp="2025-10-05T02:56:59Z" user="Hung Tran 9x0" uid="20910140" lat="21.0364967" lon="105.8146060">
  <tag k="addr:housenumber" v="14"/>
  <tag k="addr:street" v="Phố Liễu Giai"/>
  <tag k="name" v="Cửa hàng Xe máy điện VinFast Hà Thành"/>
  <tag k="shop" v="motorcycle"/>
 </node>
 <node id="13165329240" visible="true" version="1" changeset="172347026" timestamp="2025-09-23T14:15:15Z" user="Hung Tran 9x0" uid="20910140" lat="21.0354535" lon="105.8166712"/>
 <node id="13239241967" visible="true" version="1" changeset="173416332" timestamp="2025-10-17T15:19:51Z" user="Hung159" uid="22065819" lat="21.0367293" lon="105.8142666"/>
 <node id="13276912302" visible="true" version="1" changeset="174129800" timestamp="2025-11-03T03:52:34Z" user="GrabVN_HHanh" uid="21825758" lat="21.0353528" lon="105.8126948"/>
 <node id="13313079665" visible="true" version="1" changeset="174807538" timestamp="2025-11-18T08:51:27Z" user="Tewuzij" uid="16194143" lat="21.0313800" lon="105.8133056"/>
 <node id="13318868228" visible="true" version="1" changeset="174896704" timestamp="2025-11-20T09:06:58Z" user="jungfreud" uid="23147920" lat="21.0395126" lon="105.8157794"/>
 <node id="13318868229" visible="true" version="1" changeset="174896704" timestamp="2025-11-20T09:06:58Z" user="jungfreud" uid="23147920" lat="21.0371996" lon="105.8150868"/>
 <node id="13339802274" visible="true" version="1" changeset="175263375" timestamp="2025-11-29T05:57:46Z" user="inserteunnombreaqui" uid="22579655" lat="21.0360932" lon="105.8125221">
  <tag k="name" v="Kim Mã"/>
  <tag k="place" v="neighbourhood"/>
  <tag k="source" v="Hanoï. Echelle 1/50 000e. Dressé, héliogravé et publié par le Service géographique de l'Indochine, d'après la carte au 25 000e."/>
 </node>
 <node id="13339802284" visible="true" version="1" changeset="175263375" timestamp="2025-11-29T05:57:46Z" user="inserteunnombreaqui" uid="22579655" lat="21.0371528" lon="105.8177466">
  <tag k="name" v="Liễu Giai"/>
  <tag k="place" v="neighbourhood"/>
  <tag k="source" v="Hanoï. Echelle 1/50 000e. Dressé, héliogravé et publié par le Service géographique de l'Indochine, d'après la carte au 25 000e."/>
 </node>
 <node id="13356971467" visible="true" version="1" changeset="175572180" timestamp="2025-12-06T05:07:06Z" user="Hung Tran 9x0" uid="20910140" lat="21.0367436" lon="105.8171289"/>
 <node id="13356971468" visible="true" version="1" changeset="175572180" timestamp="2025-12-06T05:07:06Z" user="Hung Tran 9x0" uid="20910140" lat="21.0367644" lon="105.8170903">
  <tag k="access" v="permissive"/>
  <tag k="barrier" v="lift_gate"/>
 </node>
 <node id="13356971469" visible="true" version="1" changeset="175572180" timestamp="2025-12-06T05:07:06Z" user="Hung Tran 9x0" uid="20910140" lat="21.0366982" lon="105.8166537"/>
 <node id="13356971470" visible="true" version="1" changeset="175572180" timestamp="2025-12-06T05:07:06Z" user="Hung Tran 9x0" uid="20910140" lat="21.0366693" lon="105.8167056">
  <tag k="amenity" v="parking_entrance"/>
 </node>
 <node id="13356971471" visible="true" version="1" changeset="175572180" timestamp="2025-12-06T05:07:06Z" user="Hung Tran 9x0" uid="20910140" lat="21.0367639" lon="105.8167762">
  <tag k="entrance" v="yes"/>
 </node>
 <node id="13392063009" visible="true" version="1" changeset="176201888" timestamp="2025-12-21T01:44:37Z" user="Hung Tran 9x0" uid="20910140" lat="21.0381127" lon="105.8132194">
  <tag k="name" v="TH true mart"/>
  <tag k="shop" v="yes"/>
 </node>
 <node id="13406823460" visible="true" version="1" changeset="176414104" timestamp="2025-12-26T00:40:57Z" user="Hung Tran 9x0" uid="20910140" lat="21.0354677" lon="105.8182589">
  <tag k="name" v="TH true mart"/>
  <tag k="shop" v="yes"/>
 </node>
 <node id="13409774511" visible="true" version="1" changeset="176463017" timestamp="2025-12-27T01:32:32Z" user="Hung Tran 9x0" uid="20910140" lat="21.0377629" lon="105.8137478">
  <tag k="name" v="Vinamilk"/>
  <tag k="shop" v="yes"/>
 </node>
 <node id="13428888206" visible="true" version="1" changeset="176789995" timestamp="2026-01-03T16:55:47Z" user="Hung Tran 9x0" uid="20910140" lat="21.0394334" lon="105.8128603"/>
 <node id="13428888207" visible="true" version="1" changeset="176789995" timestamp="2026-01-03T16:55:47Z" user="Hung Tran 9x0" uid="20910140" lat="21.0394334" lon="105.8128603"/>
 <node id="13428888226" visible="true" version="1" changeset="176789995" timestamp="2026-01-03T16:55:47Z" user="Hung Tran 9x0" uid="20910140" lat="21.0397923" lon="105.8137336"/>
 <node id="13428888227" visible="true" version="1" changeset="176789995" timestamp="2026-01-03T16:55:47Z" user="Hung Tran 9x0" uid="20910140" lat="21.0395053" lon="105.8136951"/>
 <node id="13428888228" visible="true" version="1" changeset="176789995" timestamp="2026-01-03T16:55:47Z" user="Hung Tran 9x0" uid="20910140" lat="21.0393493" lon="105.8136754"/>
 <node id="13428888229" visible="true" version="1" changeset="176789995" timestamp="2026-01-03T16:55:47Z" user="Hung Tran 9x0" uid="20910140" lat="21.0392494" lon="105.8136656"/>
 <node id="13428888230" visible="true" version="1" changeset="176789995" timestamp="2026-01-03T16:55:47Z" user="Hung Tran 9x0" uid="20910140" lat="21.0391989" lon="105.8136742"/>
 <node id="13428888231" visible="true" version="1" changeset="176789995" timestamp="2026-01-03T16:55:47Z" user="Hung Tran 9x0" uid="20910140" lat="21.0390188" lon="105.8136607"/>
 <node id="13428888232" visible="true" version="1" changeset="176789995" timestamp="2026-01-03T16:55:47Z" user="Hung Tran 9x0" uid="20910140" lat="21.0391036" lon="105.8136670"/>
 <node id="13428888233" visible="true" version="1" changeset="176789995" timestamp="2026-01-03T16:55:47Z" user="Hung Tran 9x0" uid="20910140" lat="21.0391244" lon="105.8134762">
  <tag k="noexit" v="yes"/>
 </node>
 <node id="13428888234" visible="true" version="1" changeset="176789995" timestamp="2026-01-03T16:55:47Z" user="Hung Tran 9x0" uid="20910140" lat="21.0389962" lon="105.8136505"/>
 <node id="13428888235" visible="true" version="1" changeset="176789995" timestamp="2026-01-03T16:55:47Z" user="Hung Tran 9x0" uid="20910140" lat="21.0390274" lon="105.8140148"/>
 <node id="13428888236" visible="true" version="1" changeset="176789995" timestamp="2026-01-03T16:55:47Z" user="Hung Tran 9x0" uid="20910140" lat="21.0388052" lon="105.8138411"/>
 <node id="13428888237" visible="true" version="1" changeset="176789995" timestamp="2026-01-03T16:55:47Z" user="Hung Tran 9x0" uid="20910140" lat="21.0387908" lon="105.8139328"/>
 <node id="13428888238" visible="true" version="1" changeset="176789995" timestamp="2026-01-03T16:55:47Z" user="Hung Tran 9x0" uid="20910140" lat="21.0388395" lon="105.8139236"/>
 <node id="13428888239" visible="true" version="1" changeset="176789995" timestamp="2026-01-03T16:55:47Z" user="Hung Tran 9x0" uid="20910140" lat="21.0390812" lon="105.8138863"/>
 <node id="13428888240" visible="true" version="1" changeset="176789995" timestamp="2026-01-03T16:55:47Z" user="Hung Tran 9x0" uid="20910140" lat="21.0390869" lon="105.8138691"/>
 <node id="13428888241" visible="true" version="1" changeset="176789995" timestamp="2026-01-03T16:55:47Z" user="Hung Tran 9x0" uid="20910140" lat="21.0392131" lon="105.8138838"/>
 <node id="13428888242" visible="true" version="1" changeset="176789995" timestamp="2026-01-03T16:55:47Z" user="Hung Tran 9x0" uid="20910140" lat="21.0392003" lon="105.8140498"/>
 <node id="13428888243" visible="true" version="1" changeset="176789995" timestamp="2026-01-03T16:55:47Z" user="Hung Tran 9x0" uid="20910140" lat="21.0392453" lon="105.8140682"/>
 <node id="13428888244" visible="true" version="1" changeset="176789995" timestamp="2026-01-03T16:55:47Z" user="Hung Tran 9x0" uid="20910140" lat="21.0393275" lon="105.8140791"/>
 <node id="13428888245" visible="true" version="1" changeset="176789995" timestamp="2026-01-03T16:55:47Z" user="Hung Tran 9x0" uid="20910140" lat="21.0396353" lon="105.8140962">
  <tag k="noexit" v="yes"/>
 </node>
 <node id="13428888250" visible="true" version="1" changeset="176789995" timestamp="2026-01-03T16:55:47Z" user="Hung Tran 9x0" uid="20910140" lat="21.0392102" lon="105.8140615"/>
 <node id="13428888251" visible="true" version="1" changeset="176789995" timestamp="2026-01-03T16:55:47Z" user="Hung Tran 9x0" uid="20910140" lat="21.0391975" lon="105.8140349"/>
 <node id="13428888252" visible="true" version="1" changeset="176789995" timestamp="2026-01-03T16:55:47Z" user="Hung Tran 9x0" uid="20910140" lat="21.0391506" lon="105.8142312"/>
 <node id="13428888253" visible="true" version="1" changeset="176789995" timestamp="2026-01-03T16:55:47Z" user="Hung Tran 9x0" uid="20910140" lat="21.0391441" lon="105.8142978">
  <tag k="noexit" v="yes"/>
 </node>
 <node id="13428888254" visible="true" version="1" changeset="176789995" timestamp="2026-01-03T16:55:47Z" user="Hung Tran 9x0" uid="20910140" lat="21.0388563" lon="105.8144163"/>
 <node id="13428888255" visible="true" version="1" changeset="176789995" timestamp="2026-01-03T16:55:47Z" user="Hung Tran 9x0" uid="20910140" lat="21.0388531" lon="105.8144730"/>
 <node id="13428888256" visible="true" version="1" changeset="176789995" timestamp="2026-01-03T16:55:47Z" user="Hung Tran 9x0" uid="20910140" lat="21.0388454" lon="105.8146099"/>
 <node id="13428888257" visible="true" version="1" changeset="176789995" timestamp="2026-01-03T16:55:47Z" user="Hung Tran 9x0" uid="20910140" lat="21.0387755" lon="105.8146045"/>
 <node id="13428888258" visible="true" version="1" changeset="176789995" timestamp="2026-01-03T16:55:47Z" user="Hung Tran 9x0" uid="20910140" lat="21.0387832" lon="105.8144671"/>
 <node id="13428888259" visible="true" version="1" changeset="176789995" timestamp="2026-01-03T16:55:47Z" user="Hung Tran 9x0" uid="20910140" lat="21.0389612" lon="105.8144201"/>
 <node id="13428888260" visible="true" version="1" changeset="176789995" timestamp="2026-01-03T16:55:47Z" user="Hung Tran 9x0" uid="20910140" lat="21.0390357" lon="105.8144457"/>
 <node id="13428888261" visible="true" version="1" changeset="176789995" timestamp="2026-01-03T16:55:47Z" user="Hung Tran 9x0" uid="20910140" lat="21.0391366" lon="105.8144555">
  <tag k="noexit" v="yes"/>
 </node>
 <node id="13428888262" visible="true" version="1" changeset="176789995" timestamp="2026-01-03T16:55:47Z" user="Hung Tran 9x0" uid="20910140" lat="21.0388478" lon="105.8138842"/>
 <node id="13428888263" visible="true" version="1" changeset="176789995" timestamp="2026-01-03T16:55:47Z" user="Hung Tran 9x0" uid="20910140" lat="21.0380563" lon="105.8142178"/>
 <node id="13428888264" visible="true" version="1" changeset="176789995" timestamp="2026-01-03T16:55:47Z" user="Hung Tran 9x0" uid="20910140" lat="21.0378451" lon="105.8150297"/>
 <node id="13428888265" visible="true" version="1" changeset="176789995" timestamp="2026-01-03T16:55:47Z" user="Hung Tran 9x0" uid="20910140" lat="21.0378652" lon="105.8148638"/>
 <node id="13428888266" visible="true" version="1" changeset="176789995" timestamp="2026-01-03T16:55:47Z" user="Hung Tran 9x0" uid="20910140" lat="21.0377360" lon="105.8148360">
  <tag k="noexit" v="yes"/>
 </node>
 <node id="13428888267" visible="true" version="1" changeset="176789995" timestamp="2026-01-03T16:55:47Z" user="Hung Tran 9x0" uid="20910140" lat="21.0378293" lon="105.8151120"/>
 <node id="13428888268" visible="true" version="1" changeset="176789995" timestamp="2026-01-03T16:55:47Z" user="Hung Tran 9x0" uid="20910140" lat="21.0380106" lon="105.8147538"/>
 <node id="13428888269" visible="true" version="1" changeset="176789995" timestamp="2026-01-03T16:55:47Z" user="Hung Tran 9x0" uid="20910140" lat="21.0382433" lon="105.8145006"/>
 <node id="13428888270" visible="true" version="1" changeset="176789995" timestamp="2026-01-03T16:55:47Z" user="Hung Tran 9x0" uid="20910140" lat="21.0382324" lon="105.8147998"/>
 <node id="13428888271" visible="true" version="1" changeset="176789995" timestamp="2026-01-03T16:55:47Z" user="Hung Tran 9x0" uid="20910140" lat="21.0386373" lon="105.8148217"/>
 <node id="13428888272" visible="true" version="1" changeset="176789995" timestamp="2026-01-03T16:55:47Z" user="Hung Tran 9x0" uid="20910140" lat="21.0386529" lon="105.8145229"/>
 <node id="13428888273" visible="true" version="1" changeset="176789995" timestamp="2026-01-03T16:55:47Z" user="Hung Tran 9x0" uid="20910140" lat="21.0380775" lon="105.8143483">
  <tag k="barrier" v="gate"/>
 </node>
 <node id="13428888274" visible="true" version="1" changeset="176789995" timestamp="2026-01-03T16:55:47Z" user="Hung Tran 9x0" uid="20910140" lat="21.0384826" lon="105.8139213"/>
 <node id="13428888275" visible="true" version="1" changeset="176789995" timestamp="2026-01-03T16:55:47Z" user="Hung Tran 9x0" uid="20910140" lat="21.0384557" lon="105.8143731"/>
 <node id="13428888276" visible="true" version="1" changeset="176789995" timestamp="2026-01-03T16:55:47Z" user="Hung Tran 9x0" uid="20910140" lat="21.0387872" lon="105.8143937"/>
 <node id="13428888277" visible="true" version="1" changeset="176789995" timestamp="2026-01-03T16:55:47Z" user="Hung Tran 9x0" uid="20910140" lat="21.0387153" lon="105.8143912"/>
 <node id="13428888278" visible="true" version="1" changeset="176789995" timestamp="2026-01-03T16:55:47Z" user="Hung Tran 9x0" uid="20910140" lat="21.0387521" lon="105.8139314"/>
 <node id="13428888279" visible="true" version="2" changeset="176888592" timestamp="2026-01-06T06:05:10Z" user="GrabVN_HHanh" uid="21825758" lat="21.0381019" lon="105.8132838"/>
 <node id="13428888280" visible="true" version="1" changeset="176789995" timestamp="2026-01-03T16:55:47Z" user="Hung Tran 9x0" uid="20910140" lat="21.0385021" lon="105.8131946"/>
 <node id="13428888281" visible="true" version="1" changeset="176789995" timestamp="2026-01-03T16:55:47Z" user="Hung Tran 9x0" uid="20910140" lat="21.0383942" lon="105.8131823">
  <tag k="noexit" v="yes"/>
 </node>
 <node id="13433889549" visible="true" version="1" changeset="176888592" timestamp="2026-01-06T06:05:10Z" user="GrabVN_HHanh" uid="21825758" lat="21.0379202" lon="105.8134899"/>
 <way id="11838073" visible="true" version="36" changeset="176888592" timestamp="2026-01-06T06:05:10Z" user="GrabVN_HHanh" uid="21825758">
  <nd ref="106095678"/>
  <nd ref="5716479699"/>
  <nd ref="2371522047"/>
  <nd ref="106095113"/>
  <nd ref="445253739"/>
  <nd ref="5709910399"/>
  <nd ref="310736141"/>
  <nd ref="8299505955"/>
  <nd ref="13428888206"/>
  <nd ref="13095394798"/>
  <nd ref="5709910393"/>
  <nd ref="5709910379"/>
  <nd ref="310736140"/>
  <nd ref="309818668"/>
  <nd ref="12082442471"/>
  <nd ref="309818671"/>
  <nd ref="12082442470"/>
  <nd ref="12082442469"/>
  <nd ref="12082435068"/>
  <nd ref="12082435067"/>
  <nd ref="5704430363"/>
  <nd ref="317129396"/>
  <nd ref="317129397"/>
  <tag k="highway" v="tertiary"/>
  <tag k="name" v="Phố Đốc Ngữ"/>
  <tag k="name:en" v="Doc Ngu Street"/>
  <tag k="oneway" v="no"/>
 </way>
 <way id="11838506" visible="true" version="20" changeset="155539426" timestamp="2024-08-21T06:25:41Z" user="phoenixsaigon1698" uid="3323343">
  <nd ref="98042452"/>
  <nd ref="10302026134"/>
  <nd ref="106099274"/>
  <nd ref="2062618427"/>
  <nd ref="2062618443"/>
  <nd ref="2062620786"/>
  <nd ref="106099276"/>
  <nd ref="106099277"/>
  <tag k="highway" v="residential"/>
  <tag k="name" v="Ngõ 19 Liễu Giai"/>
  <tag k="oneway" v="no"/>
  <tag k="surface" v="asphalt"/>
 </way>
 <way id="37567094" visible="true" version="32" changeset="176487605" timestamp="2025-12-27T15:05:31Z" user="Ilovemap1999" uid="21198639">
  <nd ref="106094000"/>
  <nd ref="10302026142"/>
  <nd ref="2195289142"/>
  <nd ref="446009103"/>
  <nd ref="6408629575"/>
  <nd ref="446009104"/>
  <nd ref="10302026195"/>
  <nd ref="3382291952"/>
  <nd ref="9706960160"/>
  <nd ref="6408629573"/>
  <nd ref="11071056668"/>
  <nd ref="3382291899"/>
  <nd ref="6408629571"/>
  <nd ref="6408629570"/>
  <nd ref="10302026191"/>
  <nd ref="1694663002"/>
  <tag k="highway" v="primary"/>
  <tag k="lanes" v="2"/>
  <tag k="lit" v="yes"/>
  <tag k="motor_vehicle:conditional" v="no @ (Aug 29 21:30-23:59; Aug 30 00:00-13:30; Sep 1 17:00-23:59; Sep 2 00:00-16:00)"/>
  <tag k="name" v="Đường Văn Cao"/>
  <tag k="name:en" v="Van Cao Street"/>
  <tag k="name:id" v="Jalan Van Cao"/>
  <tag k="name:zh" v="文高街"/>
  <tag k="oneway" v="yes"/>
  <tag k="surface" v="asphalt"/>
 </way>
 <way id="37567095" visible="true" version="27" changeset="176487605" timestamp="2025-12-27T15:05:31Z" user="Ilovemap1999" uid="21198639">
  <nd ref="106094001"/>
  <nd ref="5716548950"/>
  <nd ref="5716548981"/>
  <nd ref="6408581237"/>
  <nd ref="1537688085"/>
  <nd ref="5716548969"/>
  <nd ref="2105753377"/>
  <nd ref="6602972582"/>
  <nd ref="317129394"/>
  <tag k="highway" v="primary"/>
  <tag k="lanes" v="2"/>
  <tag k="lit" v="yes"/>
  <tag k="motor_vehicle:conditional" v="no @ (Aug 29 21:30-23:59; Aug 30 00:00-13:30; Sep 1 17:00-23:59; Sep 2 00:00-16:00)"/>
  <tag k="name" v="Phố Liễu Giai"/>
  <tag k="name:en" v="Lieu Giai Street"/>
  <tag k="name:ja" v="リューザイ通り"/>
  <tag k="oneway" v="yes"/>
  <tag k="surface" v="asphalt"/>
 </way>
 <way id="37927137" visible="true" version="13" changeset="175693961" timestamp="2025-12-09T03:28:09Z" user="Hung Tran 9x0" uid="20910140">
  <nd ref="445252496"/>
  <nd ref="446009104"/>
  <tag k="highway" v="primary_link"/>
  <tag k="lanes" v="2"/>
  <tag k="surface" v="asphalt"/>
 </way>
 <way id="37927249" visible="true" version="11" changeset="174129800" timestamp="2025-11-03T03:52:34Z" user="GrabVN_HHanh" uid="21825758">
  <nd ref="1746426839"/>
  <nd ref="2084303041"/>
  <nd ref="445253776"/>
  <tag k="highway" v="service"/>
  <tag k="motorcar" v="destination"/>
  <tag k="oneway" v="no"/>
  <tag k="service" v="alley"/>
 </way>
 <way id="37972511" visible="true" version="10" changeset="173416332" timestamp="2025-10-17T15:19:51Z" user="Hung159" uid="22065819">
  <nd ref="446009103"/>
  <nd ref="10302026168"/>
  <nd ref="3382291962"/>
  <nd ref="2175083040"/>
  <nd ref="3382291970"/>
  <nd ref="445252449"/>
  <nd ref="11998689957"/>
  <nd ref="3382291973"/>
  <nd ref="11027079215"/>
  <nd ref="2175083039"/>
  <tag k="highway" v="service"/>
  <tag k="name" v="Ngõ 127 Đường Văn Cao"/>
  <tag k="service" v="alley"/>
 </way>
 <way id="98837093" visible="true" version="28" changeset="176789995" timestamp="2026-01-03T16:55:47Z" user="Hung Tran 9x0" uid="20910140">
  <nd ref="428403799"/>
  <nd ref="10302026190"/>
  <nd ref="5704430358"/>
  <nd ref="10302026194"/>
  <nd ref="445252496"/>
  <nd ref="6557785122"/>
  <nd ref="6408724122"/>
  <nd ref="13428888267"/>
  <nd ref="2091852936"/>
  <nd ref="10302026141"/>
  <nd ref="106094001"/>
  <tag k="highway" v="primary"/>
  <tag k="lanes" v="2"/>
  <tag k="lit" v="yes"/>
  <tag k="motor_vehicle:conditional" v="no @ (Aug 29 21:30-23:59; Aug 30 00:00-13:30; Sep 1 17:00-23:59; Sep 2 00:00-16:00)"/>
  <tag k="name" v="Đường Văn Cao"/>
  <tag k="name:en" v="Van Cao Street"/>
  <tag k="name:id" v="Jalan Van Cao"/>
  <tag k="name:zh" v="文高街"/>
  <tag k="oneway" v="yes"/>
  <tag k="surface" v="asphalt"/>
 </way>
 <way id="155787306" visible="true" version="11" changeset="173416332" timestamp="2025-10-17T15:19:51Z" user="Hung159" uid="22065819">
  <nd ref="1681503709"/>
  <nd ref="8816823380"/>
  <nd ref="5709910384"/>
  <nd ref="5709910382"/>
  <nd ref="445253739"/>
  <tag k="highway" v="service"/>
  <tag k="name" v="Ngõ 130 Phố Đốc Ngữ"/>
  <tag k="service" v="alley"/>
 </way>
 <way id="155790507" visible="true" version="10" changeset="174129800" timestamp="2025-11-03T03:52:34Z" user="GrabVN_HHanh" uid="21825758">
  <nd ref="1681536771"/>
  <nd ref="445253733"/>
  <nd ref="11804000481"/>
  <nd ref="445253776"/>
  <nd ref="13276912302"/>
  <nd ref="1754434523"/>
  <nd ref="1754434525"/>
  <nd ref="106096292"/>
  <tag k="highway" v="service"/>
  <tag k="motorcar" v="destination"/>
  <tag k="name" v="Ngõ 35 Phố Kim Mã Thượng"/>
  <tag k="service" v="alley"/>
 </way>
 <way id="159949212" visible="true" version="6" changeset="154189386" timestamp="2024-07-20T17:32:22Z" user="logus2" uid="21611817">
  <nd ref="442031853"/>
  <nd ref="8195697320"/>
  <nd ref="8195697319"/>
  <nd ref="8195697318"/>
  <nd ref="8195693714"/>
  <nd ref="1720181467"/>
  <nd ref="8195693715"/>
  <nd ref="8195693716"/>
  <nd ref="1720181447"/>
  <nd ref="8195697317"/>
  <nd ref="1720181456"/>
  <nd ref="1720181457"/>
  <nd ref="1720181451"/>
  <nd ref="442031853"/>
  <tag k="addr:city" v="Hà Nội"/>
  <tag k="addr:district" v="Quận Ba Đình"/>
  <tag k="addr:housenumber" v="120"/>
  <tag k="addr:province" v="Hà Nội"/>
  <tag k="addr:street" v="Phố Đốc Ngữ"/>
  <tag k="addr:subdistrict" v="Phường Vĩnh Phúc"/>
  <tag k="amenity" v="hospital"/>
  <tag k="emergency" v="yes"/>
  <tag k="healthcare" v="hospital"/>
  <tag k="name" v="Bệnh viện Quân y 354"/>
  <tag k="operator" v="Bộ Quốc phòng"/>
  <tag k="operator:type" v="military"/>
 </way>
 <way id="162653220" visible="true" version="13" changeset="168750786" timestamp="2025-07-10T16:04:12Z" user="Hung Tran 9x0" uid="20910140">
  <nd ref="1745116722"/>
  <nd ref="1537688085"/>
  <nd ref="6601147170"/>
  <nd ref="11212054929"/>
  <nd ref="8816689050"/>
  <nd ref="5716548970"/>
  <nd ref="5716479683"/>
  <nd ref="1746426841"/>
  <nd ref="12992646102"/>
  <nd ref="5716479705"/>
  <nd ref="11998689964"/>
  <nd ref="106096292"/>
  <nd ref="5716548974"/>
  <nd ref="1754434522"/>
  <nd ref="106096295"/>
  <nd ref="1746426845"/>
  <nd ref="106096296"/>
  <nd ref="9374853773"/>
  <nd ref="106096300"/>
  <nd ref="106096301"/>
  <tag k="highway" v="residential"/>
  <tag k="name" v="Phố Kim Mã Thượng"/>
  <tag k="surface" v="asphalt"/>
 </way>
 <way id="162826367" visible="true" version="11" changeset="174129800" timestamp="2025-11-03T03:52:34Z" user="GrabVN_HHanh" uid="21825758">
  <nd ref="2084303041"/>
  <nd ref="11998136202"/>
  <nd ref="11804000479"/>
  <nd ref="2084303045"/>
  <nd ref="1746426839"/>
  <nd ref="2084303042"/>
  <nd ref="1754434526"/>
  <nd ref="5716548976"/>
  <nd ref="2084303024"/>
  <nd ref="1746426841"/>
  <tag k="highway" v="service"/>
  <tag k="motorcar" v="destination"/>
  <tag k="service" v="alley"/>
 </way>
 <way id="163763437" visible="true" version="4" changeset="174129800" timestamp="2025-11-03T03:52:34Z" user="GrabVN_HHanh" uid="21825758">
  <nd ref="1754434545"/>
  <nd ref="1754434525"/>
  <nd ref="1754434541"/>
  <tag k="highway" v="service"/>
  <tag k="motorcar" v="destination"/>
  <tag k="service" v="alley"/>
 </way>
 <way id="163763442" visible="true" version="7" changeset="174129800" timestamp="2025-11-03T03:52:34Z" user="GrabVN_HHanh" uid="21825758">
  <nd ref="1754434523"/>
  <nd ref="5716548977"/>
  <nd ref="11998136203"/>
  <nd ref="1754434524"/>
  <tag k="highway" v="service"/>
  <tag k="motorcar" v="destination"/>
  <tag k="service" v="alley"/>
 </way>
 <way id="180085320" visible="true" version="5" changeset="153050705" timestamp="2024-06-23T02:13:13Z" user="logus2" uid="21611817">
  <nd ref="1905193373"/>
  <nd ref="1905193375"/>
  <tag k="highway" v="service"/>
  <tag k="service" v="alley"/>
 </way>
 <way id="180085323" visible="true" version="5" changeset="153050705" timestamp="2024-06-23T02:13:13Z" user="logus2" uid="21611817">
  <nd ref="2057249078"/>
  <nd ref="1905193367"/>
  <tag k="highway" v="service"/>
  <tag k="service" v="alley"/>
 </way>
 <way id="193817989" visible="true" version="4" changeset="144851745" timestamp="2023-12-07T04:20:37Z" user="vietnam321" uid="11196308">
  <nd ref="2043293146"/>
  <nd ref="11204030111"/>
  <nd ref="11204030112"/>
  <nd ref="2043293138"/>
  <nd ref="2043293137"/>
  <nd ref="2043293149"/>
  <nd ref="2043293148"/>
  <nd ref="11204030110"/>
  <nd ref="11204030109"/>
  <nd ref="2043293151"/>
  <nd ref="2043293153"/>
  <nd ref="2043293135"/>
  <nd ref="2043293152"/>
  <nd ref="2043293146"/>
  <tag k="building" v="yes"/>
  <tag k="source" v="survey"/>
 </way>
 <way id="194422287" visible="true" version="19" changeset="162806834" timestamp="2025-02-22T09:49:55Z" user="Tewuzij" uid="16194143">
  <nd ref="106098001"/>
  <nd ref="6603023187"/>
  <nd ref="6603139954"/>
  <nd ref="106098690"/>
  <nd ref="2062617518"/>
  <nd ref="106099279"/>
  <nd ref="106098695"/>
  <nd ref="6603270370"/>
  <nd ref="6603248987"/>
  <nd ref="6603125170"/>
  <nd ref="2428074179"/>
  <nd ref="106098697"/>
  <nd ref="6603125168"/>
  <nd ref="11998689952"/>
  <nd ref="106098698"/>
  <tag k="bus" v="no"/>
  <tag k="hgv" v="no"/>
  <tag k="highway" v="residential"/>
  <tag k="lanes" v="1"/>
  <tag k="lit" v="yes"/>
  <tag k="name" v="Phố Vạn Bảo"/>
  <tag k="oneway" v="no"/>
  <tag k="surface" v="asphalt"/>
 </way>
 <way id="195844850" visible="true" version="12" changeset="152985266" timestamp="2024-06-21T10:04:02Z" user="openmap-vn" uid="21213273">
  <nd ref="2062622261"/>
  <nd ref="2062622258"/>
  <nd ref="11998693818"/>
  <nd ref="2062622263"/>
  <nd ref="11998693817"/>
  <nd ref="11702648010"/>
  <nd ref="2062617653"/>
  <nd ref="5719140504"/>
  <nd ref="2062622257"/>
  <nd ref="8816294567"/>
  <nd ref="2062622262"/>
  <nd ref="2062617737"/>
  <nd ref="8816294565"/>
  <nd ref="8816294566"/>
  <nd ref="2062617776"/>
  <nd ref="2428074075"/>
  <nd ref="2062617913"/>
  <nd ref="2428074162"/>
  <nd ref="2428074182"/>
  <nd ref="2062617900"/>
  <nd ref="309818611"/>
  <tag k="highway" v="service"/>
  <tag k="motorcar" v="destination"/>
  <tag k="motorcycle" v="yes"/>
  <tag k="service" v="alley"/>
  <tag k="surface" v="asphalt"/>
 </way>
 <way id="195844853" visible="true" version="8" changeset="173416332" timestamp="2025-10-17T15:19:51Z" user="Hung159" uid="22065819">
  <nd ref="2062617983"/>
  <nd ref="2062617943"/>
  <tag k="highway" v="service"/>
  <tag k="name" v="Ngách 260/1 Phố Đội Cấn"/>
  <tag k="note" v="possibly incorrect street name"/>
  <tag k="service" v="alley"/>
  <tag k="surface" v="concrete"/>
 </way>
 <way id="195844854" visible="true" version="8" changeset="173416332" timestamp="2025-10-17T15:19:51Z" user="Hung159" uid="22065819">
  <nd ref="13165329240"/>
  <nd ref="2062618018"/>
  <tag k="highway" v="service"/>
  <tag k="name" v="Ngách 260/1 Phố Đội Cấn"/>
  <tag k="note" v="possibly incorrect street name"/>
  <tag k="service" v="alley"/>
  <tag k="surface" v="paving_stones"/>
 </way>
 <way id="195844855" visible="true" version="8" changeset="153050942" timestamp="2024-06-23T02:40:28Z" user="logus2" uid="21611817">
  <nd ref="445252455"/>
  <nd ref="2062618065"/>
  <tag k="highway" v="service"/>
  <tag k="service" v="alley"/>
  <tag k="surface" v="concrete"/>
 </way>
 <way id="195844856" visible="true" version="8" changeset="173416332" timestamp="2025-10-17T15:19:51Z" user="Hung159" uid="22065819">
  <nd ref="445252455"/>
  <nd ref="2062618144"/>
  <tag k="highway" v="service"/>
  <tag k="name" v="Khu Tập thể 222D Ngõ 260 Phố Đội Cấn"/>
  <tag k="service" v="alley"/>
  <tag k="surface" v="concrete"/>
 </way>
 <way id="195844860" visible="true" version="7" changeset="153050942" timestamp="2024-06-23T02:40:28Z" user="logus2" uid="21611817">
  <nd ref="2062618180"/>
  <nd ref="11998693815"/>
  <nd ref="2062618219"/>
  <nd ref="2062618309"/>
  <tag k="highway" v="service"/>
  <tag k="service" v="alley"/>
  <tag k="surface" v="concrete"/>
 </way>
 <way id="195844861" visible="true" version="6" changeset="153050942" timestamp="2024-06-23T02:40:28Z" user="logus2" uid="21611817">
  <nd ref="2062618180"/>
  <nd ref="2062618263"/>
  <tag k="highway" v="service"/>
  <tag k="service" v="alley"/>
  <tag k="surface" v="asphalt"/>
 </way>
 <way id="195844863" visible="true" version="11" changeset="163467339" timestamp="2025-03-11T03:34:21Z" user="robinmetral" uid="3150634">
  <nd ref="2062618345"/>
  <nd ref="12651070192"/>
  <nd ref="2062618485"/>
  <nd ref="5716626133"/>
  <nd ref="2062618593"/>
  <nd ref="2062618385"/>
  <nd ref="2062618427"/>
  <tag k="highway" v="residential"/>
  <tag k="motorcar" v="no"/>
  <tag k="motorcycle" v="yes"/>
  <tag k="name" v="Ngách 19/15 Liễu Giai"/>
  <tag k="surface" v="concrete"/>
 </way>
 <way id="195844864" visible="true" version="6" changeset="153050942" timestamp="2024-06-23T02:40:28Z" user="logus2" uid="21611817">
  <nd ref="2062618385"/>
  <nd ref="2062618428"/>
  <nd ref="2062622260"/>
  <tag k="highway" v="service"/>
  <tag k="service" v="alley"/>
 </way>
 <way id="195844866" visible="true" version="8" changeset="175986293" timestamp="2025-12-16T03:24:55Z" user="GrabVN_Dang" uid="21825913">
  <nd ref="2062618345"/>
  <nd ref="10302026137"/>
  <nd ref="2062618557"/>
  <tag k="highway" v="service"/>
  <tag k="service" v="alley"/>
  <tag k="surface" v="asphalt"/>
 </way>
 <way id="195844867" visible="true" version="8" changeset="173416332" timestamp="2025-10-17T15:19:51Z" user="Hung159" uid="22065819">
  <nd ref="2062618593"/>
  <nd ref="10302026135"/>
  <nd ref="2062618626"/>
  <tag k="highway" v="residential"/>
  <tag k="name" v="Ngõ 9 Phố Liễu Giai"/>
  <tag k="surface" v="asphalt"/>
 </way>
 <way id="195877081" visible="true" version="6" changeset="153050942" timestamp="2024-06-23T02:40:28Z" user="logus2" uid="21611817">
  <nd ref="2062830314"/>
  <nd ref="2062830317"/>
  <tag k="highway" v="service"/>
  <tag k="service" v="alley"/>
 </way>
 <way id="195877082" visible="true" version="5" changeset="153050942" timestamp="2024-06-23T02:40:28Z" user="logus2" uid="21611817">
  <nd ref="2062830320"/>
  <nd ref="2062830360"/>
  <tag k="highway" v="service"/>
  <tag k="service" v="alley"/>
 </way>
 <way id="195877096" visible="true" version="6" changeset="153050942" timestamp="2024-06-23T02:40:28Z" user="logus2" uid="21611817">
  <nd ref="2062830314"/>
  <nd ref="2062830389"/>
  <nd ref="2428074194"/>
  <nd ref="2062830396"/>
  <tag k="highway" v="service"/>
  <tag k="service" v="alley"/>
 </way>
 <way id="195877097" visible="true" version="6" changeset="153050942" timestamp="2024-06-23T02:40:28Z" user="logus2" uid="21611817">
  <nd ref="2062830389"/>
  <nd ref="2428074193"/>
  <nd ref="2062830388"/>
  <tag k="highway" v="service"/>
  <tag k="service" v="alley"/>
 </way>
 <way id="196050762" visible="true" version="6" changeset="170647726" timestamp="2025-08-19T04:34:12Z" user="Hung Tran 9x0" uid="20910140">
  <nd ref="2062830310"/>
  <nd ref="2062830315"/>
  <tag k="access" v="private"/>
  <tag k="highway" v="service"/>
  <tag k="service" v="alley"/>
  <tag k="surface" v="asphalt"/>
 </way>
 <way id="196077638" visible="true" version="46" changeset="176487605" timestamp="2025-12-27T15:05:31Z" user="Ilovemap1999" uid="21198639">
  <nd ref="106094001"/>
  <nd ref="106094000"/>
  <tag k="highway" v="tertiary"/>
  <tag k="lanes" v="2"/>
  <tag k="lit" v="yes"/>
  <tag k="motor_vehicle:conditional" v="no @ (Aug 29 21:30-23:59; Aug 30 00:00-13:30; Sep 1 17:00-23:59; Sep 2 00:00-16:00)"/>
  <tag k="name" v="Phố Đội Cấn"/>
  <tag k="name:ja" v="ドイカン通り"/>
  <tag k="oneway" v="no"/>
  <tag k="surface" v="asphalt"/>
 </way>
 <way id="198271298" visible="true" version="5" changeset="174129800" timestamp="2025-11-03T03:52:34Z" user="GrabVN_HHanh" uid="21825758">
  <nd ref="1754434541"/>
  <nd ref="2084303025"/>
  <nd ref="2084303024"/>
  <tag k="highway" v="service"/>
  <tag k="motorcar" v="destination"/>
  <tag k="service" v="alley"/>
 </way>
 <way id="198271299" visible="true" version="6" changeset="174129800" timestamp="2025-11-03T03:52:34Z" user="GrabVN_HHanh" uid="21825758">
  <nd ref="2084303025"/>
  <nd ref="5716548975"/>
  <nd ref="1754434524"/>
  <nd ref="2091744951"/>
  <nd ref="2084303044"/>
  <nd ref="2084303041"/>
  <tag k="highway" v="service"/>
  <tag k="motorcar" v="destination"/>
  <tag k="service" v="alley"/>
 </way>
 <way id="198271301" visible="true" version="5" changeset="174129800" timestamp="2025-11-03T03:52:34Z" user="GrabVN_HHanh" uid="21825758">
  <nd ref="2084303042"/>
  <nd ref="2084303044"/>
  <tag k="highway" v="service"/>
  <tag k="motorcar" v="destination"/>
  <tag k="service" v="alley"/>
 </way>
 <way id="199135662" visible="true" version="5" changeset="174129800" timestamp="2025-11-03T03:52:34Z" user="GrabVN_HHanh" uid="21825758">
  <nd ref="2091744951"/>
  <nd ref="6998062321"/>
  <nd ref="1754434526"/>
  <tag k="highway" v="service"/>
  <tag k="motorcar" v="destination"/>
  <tag k="service" v="alley"/>
 </way>
 <way id="199150510" visible="true" version="13" changeset="162806834" timestamp="2025-02-22T09:48:56Z" user="Tewuzij" uid="16194143">
  <nd ref="2091852936"/>
  <nd ref="10302026155"/>
  <nd ref="2091852926"/>
  <tag k="highway" v="primary_link"/>
  <tag k="lanes" v="2"/>
  <tag k="lit" v="yes"/>
  <tag k="oneway" v="yes"/>
  <tag k="surface" v="asphalt"/>
 </way>
 <way id="199297705" visible="true" version="2" changeset="71403015" timestamp="2019-06-19T13:51:59Z" user="TuanIfan" uid="625303">
  <nd ref="2093091447"/>
  <nd ref="2093091268"/>
  <nd ref="2093091305"/>
  <nd ref="2093091275"/>
  <nd ref="2093091447"/>
  <tag k="addr:housenumber" v="3"/>
  <tag k="addr:street" v="Phố Liễu Giai"/>
  <tag k="building" v="yes"/>
  <tag k="name" v="MB Tower"/>
 </way>
 <way id="209301467" visible="true" version="13" changeset="162806834" timestamp="2025-02-22T09:48:48Z" user="Tewuzij" uid="16194143">
  <nd ref="2195289151"/>
  <nd ref="10302026150"/>
  <nd ref="2195289142"/>
  <tag k="highway" v="primary_link"/>
  <tag k="lanes" v="2"/>
  <tag k="lit" v="yes"/>
  <tag k="oneway" v="yes"/>
  <tag k="surface" v="asphalt"/>
 </way>
 <way id="228474145" visible="true" version="29" changeset="176888592" timestamp="2026-01-06T06:05:10Z" user="GrabVN_HHanh" uid="21825758">
  <nd ref="317129393"/>
  <nd ref="5716479922"/>
  <nd ref="1746426846"/>
  <nd ref="1905193365"/>
  <nd ref="5716479712"/>
  <nd ref="6408750131"/>
  <nd ref="6408750132"/>
  <nd ref="12334007493"/>
  <nd ref="6408581239"/>
  <nd ref="6408581234"/>
  <nd ref="11405052428"/>
  <nd ref="6408581238"/>
  <nd ref="5716479686"/>
  <nd ref="5716479694"/>
  <nd ref="106095678"/>
  <nd ref="13433889549"/>
  <nd ref="106094004"/>
  <nd ref="5709910413"/>
  <nd ref="5716479697"/>
  <nd ref="106094002"/>
  <nd ref="10302026151"/>
  <nd ref="10302026152"/>
  <nd ref="2091852926"/>
  <nd ref="10302026133"/>
  <nd ref="106094001"/>
  <tag k="highway" v="tertiary"/>
  <tag k="lanes" v="2"/>
  <tag k="lit" v="yes"/>
  <tag k="motor_vehicle:conditional" v="no @ (Aug 29 21:30-23:59; Aug 30 00:00-13:30; Sep 1 17:00-23:59; Sep 2 00:00-16:00)"/>
  <tag k="name" v="Phố Đội Cấn"/>
  <tag k="name:en" v="Doi Can Street"/>
  <tag k="name:id" v="Jalan Doi Can"/>
  <tag k="name:ja" v="ドイカン通り"/>
  <tag k="name:zh" v="队艮街"/>
  <tag k="oneway" v="no"/>
  <tag k="surface" v="asphalt"/>
 </way>
 <way id="234564703" visible="true" version="5" changeset="172291277" timestamp="2025-09-22T12:05:56Z" user="vietnam321" uid="11196308">
  <nd ref="2428074466"/>
  <nd ref="2428074484"/>
  <nd ref="11998693801"/>
  <nd ref="11998693800"/>
  <nd ref="2428074328"/>
  <nd ref="2428074322"/>
  <nd ref="2428074439"/>
  <nd ref="2428074435"/>
  <nd ref="2428074422"/>
  <nd ref="2428074397"/>
  <nd ref="11998693802"/>
  <nd ref="2428074421"/>
  <nd ref="2428074466"/>
  <tag k="addr:housenumber" v="264"/>
  <tag k="addr:street" v="Phố Đội Cấn"/>
  <tag k="amenity" v="research_institute"/>
  <tag k="building" v="office"/>
  <tag k="email" v="vanthu@imech.vast.vn"/>
  <tag k="name" v="Viện Cơ học"/>
  <tag k="office" v="research"/>
  <tag k="operator" v="Viện Hàn lâm Khoa học và Công nghệ Việt Nam"/>
  <tag k="phone" v="+84 24 3832 5541"/>
  <tag k="website" v="https://imech.ac.vn/"/>
 </way>
 <way id="234564705" visible="true" version="2" changeset="20134613" timestamp="2014-01-22T02:57:32Z" user="Philippe Lê" uid="1784163">
  <nd ref="2428074424"/>
  <nd ref="2428074393"/>
  <nd ref="2428074391"/>
  <nd ref="2428074420"/>
  <nd ref="2428074431"/>
  <nd ref="2428074443"/>
  <nd ref="2428074469"/>
  <nd ref="2428074475"/>
  <nd ref="2428074465"/>
  <nd ref="2428074470"/>
  <nd ref="2428074453"/>
  <nd ref="2631904718"/>
  <nd ref="2428074464"/>
  <nd ref="2428074424"/>
  <tag k="building" v="yes"/>
 </way>
 <way id="234564707" visible="true" version="1" changeset="17455532" timestamp="2013-08-22T13:26:19Z" user="Alex Rollin" uid="538459">
  <nd ref="2428074172"/>
  <nd ref="2428074169"/>
  <nd ref="2428074098"/>
  <nd ref="2428074096"/>
  <nd ref="2428074164"/>
  <nd ref="2428074163"/>
  <nd ref="2428074161"/>
  <nd ref="2428074160"/>
  <nd ref="2428074198"/>
  <nd ref="2428074201"/>
  <nd ref="2428074206"/>
  <nd ref="2428074207"/>
  <nd ref="2428074202"/>
  <nd ref="2428074203"/>
  <nd ref="2428074172"/>
  <tag k="building" v="yes"/>
 </way>
 <way id="234564729" visible="true" version="3" changeset="169943155" timestamp="2025-08-04T09:24:40Z" user="Tewuzij" uid="16194143">
  <nd ref="2428074316"/>
  <nd ref="2428074321"/>
  <nd ref="2428074374"/>
  <nd ref="2428074360"/>
  <nd ref="2428074316"/>
  <tag k="addr:housenumber" v="264"/>
  <tag k="addr:street" v="Phố Đội Cấn"/>
  <tag k="amenity" v="college"/>
  <tag k="building" v="yes"/>
  <tag k="education" v="college"/>
  <tag k="name" v="FPT Arena"/>
 </way>
 <way id="234564738" visible="true" version="1" changeset="17455532" timestamp="2013-08-22T13:26:23Z" user="Alex Rollin" uid="538459">
  <nd ref="2428074223"/>
  <nd ref="2428074222"/>
  <nd ref="2428074226"/>
  <nd ref="2428074227"/>
  <nd ref="2428074223"/>
  <tag k="building" v="yes"/>
 </way>
 <way id="234564748" visible="true" version="1" changeset="17455532" timestamp="2013-08-22T13:26:23Z" user="Alex Rollin" uid="538459">
  <nd ref="2428074251"/>
  <nd ref="2428074266"/>
  <nd ref="2428074362"/>
  <nd ref="2428074337"/>
  <nd ref="2428074251"/>
  <tag k="building" v="yes"/>
 </way>
 <way id="234564770" visible="true" version="1" changeset="17455532" timestamp="2013-08-22T13:26:24Z" user="Alex Rollin" uid="538459">
  <nd ref="2428074347"/>
  <nd ref="2428074457"/>
  <nd ref="2428074450"/>
  <nd ref="2428074331"/>
  <nd ref="2428074347"/>
  <tag k="building" v="yes"/>
 </way>
 <way id="234564776" visible="true" version="1" changeset="17455532" timestamp="2013-08-22T13:26:25Z" user="Alex Rollin" uid="538459">
  <nd ref="2428074211"/>
  <nd ref="2428074210"/>
  <nd ref="2428074217"/>
  <nd ref="2428074218"/>
  <nd ref="2428074211"/>
  <tag k="building" v="yes"/>
 </way>
 <way id="234564777" visible="true" version="1" changeset="17455532" timestamp="2013-08-22T13:26:25Z" user="Alex Rollin" uid="538459">
  <nd ref="2428074101"/>
  <nd ref="2428074102"/>
  <nd ref="2428074123"/>
  <nd ref="2428074120"/>
  <nd ref="2428074101"/>
  <tag k="building" v="yes"/>
 </way>
 <way id="234564784" visible="true" version="1" changeset="17455532" timestamp="2013-08-22T13:26:25Z" user="Alex Rollin" uid="538459">
  <nd ref="2428074318"/>
  <nd ref="2428074329"/>
  <nd ref="2428074473"/>
  <nd ref="2428074461"/>
  <nd ref="2428074318"/>
  <tag k="building" v="yes"/>
 </way>
 <way id="234564792" visible="true" version="1" changeset="17455532" timestamp="2013-08-22T13:26:25Z" user="Alex Rollin" uid="538459">
  <nd ref="2428074125"/>
  <nd ref="2428074127"/>
  <nd ref="2428074168"/>
  <nd ref="2428074166"/>
  <nd ref="2428074125"/>
  <tag k="building" v="yes"/>
 </way>
 <way id="234564797" visible="true" version="1" changeset="17455532" timestamp="2013-08-22T13:26:26Z" user="Alex Rollin" uid="538459">
  <nd ref="2428074271"/>
  <nd ref="2428074277"/>
  <nd ref="2428074389"/>
  <nd ref="2428074372"/>
  <nd ref="2428074271"/>
  <tag k="building" v="yes"/>
 </way>
 <way id="234564804" visible="true" version="1" changeset="17455532" timestamp="2013-08-22T13:26:26Z" user="Alex Rollin" uid="538459">
  <nd ref="2428074197"/>
  <nd ref="2428074181"/>
  <nd ref="2428074185"/>
  <nd ref="2428074249"/>
  <nd ref="2428074248"/>
  <nd ref="2428074200"/>
  <nd ref="2428074197"/>
  <tag k="building" v="yes"/>
 </way>
 <way id="234564808" visible="true" version="3" changeset="72614456" timestamp="2019-07-24T18:05:27Z" user="nutchayahongvilai" uid="10028134">
  <nd ref="2428074165"/>
  <nd ref="2428074112"/>
  <tag k="highway" v="service"/>
  <tag k="service" v="parking_aisle"/>
 </way>
 <way id="234564817" visible="true" version="3" changeset="72614456" timestamp="2019-07-24T18:05:27Z" user="nutchayahongvilai" uid="10028134">
  <nd ref="2428074162"/>
  <nd ref="2428074165"/>
  <nd ref="2428074167"/>
  <tag k="highway" v="service"/>
  <tag k="service" v="parking_aisle"/>
 </way>
 <way id="234564818" visible="true" version="8" changeset="153050942" timestamp="2024-06-23T02:40:28Z" user="logus2" uid="21611817">
  <nd ref="2428074145"/>
  <nd ref="6603125169"/>
  <nd ref="6603248988"/>
  <nd ref="6410707201"/>
  <nd ref="2428074060"/>
  <tag k="highway" v="service"/>
  <tag k="service" v="alley"/>
 </way>
 <way id="234564821" visible="true" version="4" changeset="144402446" timestamp="2023-11-24T10:39:29Z" user="GrabVN_Ánh Linh Lê" uid="13749044">
  <nd ref="11372970257"/>
  <nd ref="2428074188"/>
  <nd ref="2428074184"/>
  <tag k="highway" v="service"/>
  <tag k="service" v="parking_aisle"/>
 </way>
 <way id="234564822" visible="true" version="6" changeset="153050942" timestamp="2024-06-23T02:40:28Z" user="logus2" uid="21611817">
  <nd ref="2062830388"/>
  <nd ref="5716626132"/>
  <nd ref="2062830317"/>
  <nd ref="2062830320"/>
  <tag k="highway" v="service"/>
  <tag k="service" v="alley"/>
 </way>
 <way id="234564826" visible="true" version="5" changeset="152985266" timestamp="2024-06-21T10:04:02Z" user="openmap-vn" uid="21213273">
  <nd ref="2428074527"/>
  <nd ref="6644148837"/>
  <nd ref="2428074509"/>
  <nd ref="2428074474"/>
  <nd ref="2428074460"/>
  <nd ref="2428074449"/>
  <nd ref="2428074434"/>
  <nd ref="2428074448"/>
  <nd ref="11998693799"/>
  <nd ref="2428074490"/>
  <nd ref="2428074509"/>
  <tag k="highway" v="service"/>
  <tag k="service" v="driveway"/>
  <tag k="surface" v="concrete"/>
 </way>
 <way id="252400871" visible="true" version="22" changeset="176487605" timestamp="2025-12-27T15:05:31Z" user="Ilovemap1999" uid="21198639">
  <nd ref="98043218"/>
  <nd ref="6602972581"/>
  <nd ref="98042452"/>
  <nd ref="2062618626"/>
  <nd ref="2062618520"/>
  <nd ref="2062618557"/>
  <nd ref="1745116722"/>
  <nd ref="5716548962"/>
  <nd ref="10302026131"/>
  <nd ref="106094000"/>
  <tag k="highway" v="primary"/>
  <tag k="lanes" v="2"/>
  <tag k="lit" v="yes"/>
  <tag k="motor_vehicle:conditional" v="no @ (Aug 29 21:30-23:59; Aug 30 00:00-13:30; Sep 1 17:00-23:59; Sep 2 00:00-16:00)"/>
  <tag k="name" v="Phố Liễu Giai"/>
  <tag k="name:en" v="Lieu Giai Street"/>
  <tag k="name:ja" v="リューザイ通り"/>
  <tag k="oneway" v="yes"/>
  <tag k="surface" v="asphalt"/>
 </way>
 <way id="257715218" visible="true" version="12" changeset="173416332" timestamp="2025-10-17T15:19:51Z" user="Hung159" uid="22065819">
  <nd ref="445252274"/>
  <nd ref="2631904611"/>
  <nd ref="2631904644"/>
  <nd ref="2631904613"/>
  <nd ref="2631904699"/>
  <nd ref="2631904616"/>
  <nd ref="2631904651"/>
  <nd ref="2631904618"/>
  <nd ref="2631904624"/>
  <nd ref="2631904626"/>
  <nd ref="2631904628"/>
  <nd ref="2631904630"/>
  <nd ref="2631904697"/>
  <nd ref="2631904632"/>
  <nd ref="2631904634"/>
  <nd ref="2634662073"/>
  <nd ref="2631904636"/>
  <tag k="bicycle" v="yes"/>
  <tag k="foot" v="yes"/>
  <tag k="highway" v="service"/>
  <tag k="moped" v="yes"/>
  <tag k="name" v="Ngõ 285 Phố Đội Cấn"/>
  <tag k="service" v="alley"/>
  <tag k="surface" v="concrete"/>
 </way>
 <way id="257715220" visible="true" version="4" changeset="153050942" timestamp="2024-06-23T02:40:28Z" user="logus2" uid="21611817">
  <nd ref="2631904644"/>
  <nd ref="2631904646"/>
  <nd ref="2631904647"/>
  <nd ref="2631904649"/>
  <tag k="bicycle" v="yes"/>
  <tag k="foot" v="yes"/>
  <tag k="highway" v="service"/>
  <tag k="motor_vehicle" v="no"/>
  <tag k="service" v="alley"/>
  <tag k="surface" v="concrete"/>
 </way>
 <way id="257715221" visible="true" version="6" changeset="153050942" timestamp="2024-06-23T02:40:28Z" user="logus2" uid="21611817">
  <nd ref="2631904628"/>
  <nd ref="2631904653"/>
  <nd ref="2631904687"/>
  <nd ref="2631904655"/>
  <nd ref="2631904657"/>
  <nd ref="2631904659"/>
  <nd ref="2631904661"/>
  <nd ref="2631904682"/>
  <nd ref="2631906069"/>
  <nd ref="2631904662"/>
  <nd ref="2631904663"/>
  <nd ref="2631904664"/>
  <nd ref="2631904665"/>
  <nd ref="2631904667"/>
  <nd ref="2631904668"/>
  <nd ref="2631904669"/>
  <tag k="bicycle" v="yes"/>
  <tag k="foot" v="yes"/>
  <tag k="highway" v="service"/>
  <tag k="motor_vehicle" v="no"/>
  <tag k="service" v="alley"/>
  <tag k="surface" v="concrete"/>
 </way>
 <way id="257715222" visible="true" version="4" changeset="153050942" timestamp="2024-06-23T02:40:28Z" user="logus2" uid="21611817">
  <nd ref="2631904675"/>
  <nd ref="2631904676"/>
  <tag k="bicycle" v="yes"/>
  <tag k="foot" v="yes"/>
  <tag k="highway" v="service"/>
  <tag k="motor_vehicle" v="no"/>
  <tag k="service" v="alley"/>
  <tag k="surface" v="concrete"/>
 </way>
 <way id="257715223" visible="true" version="4" changeset="153050942" timestamp="2024-06-23T02:40:28Z" user="logus2" uid="21611817">
  <nd ref="2631904673"/>
  <nd ref="2631904677"/>
  <tag k="bicycle" v="yes"/>
  <tag k="foot" v="yes"/>
  <tag k="highway" v="service"/>
  <tag k="motor_vehicle" v="no"/>
  <tag k="service" v="alley"/>
  <tag k="surface" v="concrete"/>
 </way>
 <way id="257715224" visible="true" version="4" changeset="153050942" timestamp="2024-06-23T02:40:28Z" user="logus2" uid="21611817">
  <nd ref="2631904672"/>
  <nd ref="2631904678"/>
  <nd ref="2631904679"/>
  <tag k="bicycle" v="yes"/>
  <tag k="foot" v="yes"/>
  <tag k="highway" v="service"/>
  <tag k="motor_vehicle" v="no"/>
  <tag k="service" v="alley"/>
 </way>
 <way id="257715225" visible="true" version="4" changeset="153050942" timestamp="2024-06-23T02:40:28Z" user="logus2" uid="21611817">
  <nd ref="2631904669"/>
  <nd ref="2631904680"/>
  <nd ref="2631904681"/>
  <tag k="bicycle" v="yes"/>
  <tag k="foot" v="yes"/>
  <tag k="highway" v="service"/>
  <tag k="motor_vehicle" v="no"/>
  <tag k="service" v="alley"/>
  <tag k="surface" v="concrete"/>
 </way>
 <way id="257715226" visible="true" version="4" changeset="153050942" timestamp="2024-06-23T02:40:28Z" user="logus2" uid="21611817">
  <nd ref="2631904682"/>
  <nd ref="2631904683"/>
  <nd ref="2631904688"/>
  <nd ref="2631904684"/>
  <nd ref="2631904685"/>
  <nd ref="2631904686"/>
  <nd ref="2631904687"/>
  <tag k="bicycle" v="yes"/>
  <tag k="foot" v="yes"/>
  <tag k="highway" v="service"/>
  <tag k="motor_vehicle" v="no"/>
  <tag k="service" v="alley"/>
  <tag k="surface" v="concrete"/>
 </way>
 <way id="257715228" visible="true" version="1" changeset="20134613" timestamp="2014-01-22T02:57:30Z" user="Philippe Lê" uid="1784163">
  <nd ref="2631904688"/>
  <nd ref="2631904689"/>
  <tag k="bicycle" v="yes"/>
  <tag k="foot" v="yes"/>
  <tag k="highway" v="service"/>
  <tag k="motor_vehicle" v="no"/>
  <tag k="service" v="alley"/>
  <tag k="surface" v="concrete"/>
 </way>
 <way id="257715229" visible="true" version="4" changeset="154163300" timestamp="2024-07-20T01:48:17Z" user="logus2" uid="21611817">
  <nd ref="2631904685"/>
  <nd ref="2631904690"/>
  <tag k="bicycle" v="yes"/>
  <tag k="foot" v="yes"/>
  <tag k="highway" v="service"/>
  <tag k="motor_vehicle" v="no"/>
  <tag k="service" v="alley"/>
  <tag k="surface" v="concrete"/>
 </way>
 <way id="257715230" visible="true" version="4" changeset="153050942" timestamp="2024-06-23T02:40:28Z" user="logus2" uid="21611817">
  <nd ref="2631904630"/>
  <nd ref="2631904691"/>
  <nd ref="2631904692"/>
  <nd ref="2631904694"/>
  <nd ref="2631904695"/>
  <nd ref="2631904696"/>
  <tag k="bicycle" v="yes"/>
  <tag k="foot" v="yes"/>
  <tag k="highway" v="service"/>
  <tag k="motor_vehicle" v="no"/>
  <tag k="service" v="alley"/>
  <tag k="surface" v="concrete"/>
 </way>
 <way id="257715231" visible="true" version="4" changeset="153050942" timestamp="2024-06-23T02:40:28Z" user="logus2" uid="21611817">
  <nd ref="2631904697"/>
  <nd ref="2631904698"/>
  <tag k="bicycle" v="yes"/>
  <tag k="foot" v="yes"/>
  <tag k="highway" v="service"/>
  <tag k="motor_vehicle" v="no"/>
  <tag k="service" v="alley"/>
  <tag k="surface" v="concrete"/>
 </way>
 <way id="257715232" visible="true" version="4" changeset="153050942" timestamp="2024-06-23T02:40:28Z" user="logus2" uid="21611817">
  <nd ref="2631904699"/>
  <nd ref="2631904700"/>
  <nd ref="2631904701"/>
  <nd ref="2631904702"/>
  <nd ref="2631904703"/>
  <tag k="bicycle" v="yes"/>
  <tag k="foot" v="yes"/>
  <tag k="highway" v="service"/>
  <tag k="motor_vehicle" v="no"/>
  <tag k="service" v="alley"/>
  <tag k="surface" v="concrete"/>
 </way>
 <way id="257715233" visible="true" version="4" changeset="153050942" timestamp="2024-06-23T02:40:28Z" user="logus2" uid="21611817">
  <nd ref="2631904700"/>
  <nd ref="2631904704"/>
  <nd ref="2631904705"/>
  <nd ref="2631904706"/>
  <nd ref="2631904707"/>
  <tag k="bicycle" v="yes"/>
  <tag k="foot" v="yes"/>
  <tag k="highway" v="service"/>
  <tag k="motor_vehicle" v="no"/>
  <tag k="service" v="alley"/>
  <tag k="surface" v="concrete"/>
 </way>
 <way id="257715234" visible="true" version="4" changeset="153050942" timestamp="2024-06-23T02:40:28Z" user="logus2" uid="21611817">
  <nd ref="2631904704"/>
  <nd ref="2631904708"/>
  <tag k="bicycle" v="yes"/>
  <tag k="foot" v="yes"/>
  <tag k="highway" v="service"/>
  <tag k="motor_vehicle" v="no"/>
  <tag k="service" v="alley"/>
  <tag k="surface" v="concrete"/>
 </way>
 <way id="257715236" visible="true" version="5" changeset="153050942" timestamp="2024-06-23T02:40:28Z" user="logus2" uid="21611817">
  <nd ref="2631904717"/>
  <nd ref="2631904719"/>
  <nd ref="2631904720"/>
  <nd ref="2631904722"/>
  <tag k="access" v="permissive"/>
  <tag k="highway" v="service"/>
  <tag k="service" v="alley"/>
  <tag k="surface" v="concrete"/>
 </way>
 <way id="257715237" visible="true" version="5" changeset="153050942" timestamp="2024-06-23T02:40:28Z" user="logus2" uid="21611817">
  <nd ref="2631904712"/>
  <nd ref="2631904723"/>
  <tag k="access" v="permissive"/>
  <tag k="highway" v="service"/>
  <tag k="service" v="alley"/>
 </way>
 <way id="257715239" visible="true" version="7" changeset="173416332" timestamp="2025-10-17T15:19:51Z" user="Hung159" uid="22065819">
  <nd ref="2631904667"/>
  <nd ref="2631904727"/>
  <nd ref="2631904728"/>
  <nd ref="2631904729"/>
  <nd ref="2631904730"/>
  <nd ref="2631904731"/>
  <nd ref="2631904732"/>
  <nd ref="2631904733"/>
  <nd ref="2631904734"/>
  <nd ref="2631904735"/>
  <nd ref="2631904736"/>
  <nd ref="2631904737"/>
  <nd ref="2631904738"/>
  <nd ref="2631904624"/>
  <tag k="bicycle" v="yes"/>
  <tag k="foot" v="yes"/>
  <tag k="highway" v="service"/>
  <tag k="motorcycle" v="yes"/>
  <tag k="motor_vehicle" v="no"/>
  <tag k="name" v="Ngõ 281 Phố Đội Cấn"/>
  <tag k="service" v="alley"/>
  <tag k="surface" v="concrete"/>
 </way>
 <way id="257715375" visible="true" version="7" changeset="154163300" timestamp="2024-07-20T01:48:17Z" user="logus2" uid="21611817">
  <nd ref="2631906068"/>
  <nd ref="10978028451"/>
  <nd ref="6557766358"/>
  <nd ref="2922908912"/>
  <nd ref="5716625617"/>
  <nd ref="2631906069"/>
  <tag k="bicycle" v="yes"/>
  <tag k="foot" v="yes"/>
  <tag k="highway" v="service"/>
  <tag k="service" v="alley"/>
  <tag k="surface" v="concrete"/>
 </way>
 <way id="257715376" visible="true" version="2" changeset="71403015" timestamp="2019-06-19T13:51:59Z" user="TuanIfan" uid="625303">
  <nd ref="2631906070"/>
  <nd ref="2631906071"/>
  <nd ref="2631906072"/>
  <nd ref="2631906073"/>
  <nd ref="2631906070"/>
  <tag k="amenity" v="place_of_worship"/>
  <tag k="building" v="yes"/>
  <tag k="name" v="Đình Liễu Giai"/>
  <tag k="name:en" v="Lieu Giai Communal Hall Temple"/>
  <tag k="name:zh" v="柳佳亭"/>
  <tag k="religion" v="vietnamese_folk"/>
 </way>
 <way id="258037468" visible="true" version="4" changeset="154163300" timestamp="2024-07-20T01:48:17Z" user="logus2" uid="21611817">
  <nd ref="2634652577"/>
  <nd ref="2634652578"/>
  <nd ref="2634652579"/>
  <nd ref="2634652580"/>
  <nd ref="2634652581"/>
  <nd ref="2634652582"/>
  <nd ref="2634652583"/>
  <nd ref="2634652584"/>
  <nd ref="2634652585"/>
  <nd ref="2634652588"/>
  <nd ref="2634652586"/>
  <nd ref="2634652587"/>
  <tag k="bicycle" v="yes"/>
  <tag k="foot" v="yes"/>
  <tag k="highway" v="service"/>
  <tag k="motor_vehicle" v="no"/>
  <tag k="service" v="alley"/>
  <tag k="surface" v="concrete"/>
 </way>
 <way id="258037469" visible="true" version="3" changeset="153050942" timestamp="2024-06-23T02:40:28Z" user="logus2" uid="21611817">
  <nd ref="2634652588"/>
  <nd ref="2634652590"/>
  <nd ref="2634652591"/>
  <nd ref="2634652592"/>
  <tag k="bicycle" v="yes"/>
  <tag k="foot" v="yes"/>
  <tag k="highway" v="service"/>
  <tag k="motor_vehicle" v="no"/>
  <tag k="service" v="alley"/>
  <tag k="surface" v="concrete"/>
 </way>
 <way id="258038369" visible="true" version="2" changeset="71403015" timestamp="2019-06-19T13:51:59Z" user="TuanIfan" uid="625303">
  <nd ref="2634662061"/>
  <nd ref="2634662062"/>
  <nd ref="2634662063"/>
  <nd ref="2634662064"/>
  <nd ref="2634662061"/>
  <tag k="building" v="yes"/>
 </way>
 <way id="258038370" visible="true" version="3" changeset="71477610" timestamp="2019-06-21T11:24:43Z" user="TuanIfan" uid="625303">
  <nd ref="2634662065"/>
  <nd ref="2634662066"/>
  <nd ref="2634662067"/>
  <nd ref="2634662068"/>
  <nd ref="2634662069"/>
  <nd ref="2634662070"/>
  <nd ref="2634662071"/>
  <nd ref="2634662072"/>
  <nd ref="2634662065"/>
  <tag k="amenity" v="place_of_worship"/>
  <tag k="building" v="yes"/>
  <tag k="name" v="Đền Liễu Giai"/>
  <tag k="name:en" v="Lieu Giai Temple"/>
  <tag k="name:id" v="Kuil Lieu Giai"/>
  <tag k="name:zh" v="柳佳殿"/>
  <tag k="religion" v="vietnamese_folk"/>
 </way>
 <way id="258038371" visible="true" version="2" changeset="45864570" timestamp="2017-02-06T19:39:30Z" user="user_4861958" uid="4861958">
  <nd ref="2634662074"/>
  <nd ref="2634662075"/>
  <nd ref="2634662076"/>
  <nd ref="2634662077"/>
  <nd ref="2634662078"/>
  <nd ref="2634662079"/>
  <nd ref="2634662080"/>
  <nd ref="2634662074"/>
  <tag k="addr:city" v="Hà Nội"/>
  <tag k="addr:country" v="VN"/>
  <tag k="building" v="yes"/>
  <tag k="tourism" v="hotel"/>
 </way>
 <way id="258041183" visible="true" version="2" changeset="71403015" timestamp="2019-06-19T13:51:59Z" user="TuanIfan" uid="625303">
  <nd ref="2634692610"/>
  <nd ref="2634692611"/>
  <nd ref="2634692612"/>
  <nd ref="2634692613"/>
  <nd ref="2634692610"/>
  <tag k="building" v="yes"/>
  <tag k="office" v="yes"/>
 </way>
 <way id="258041185" visible="true" version="1" changeset="20171234" timestamp="2014-01-24T04:31:02Z" user="Philippe Lê" uid="1784163">
  <nd ref="2634692618"/>
  <nd ref="2634692619"/>
  <nd ref="2634692620"/>
  <nd ref="2634692621"/>
  <nd ref="2634692622"/>
  <nd ref="2634692623"/>
  <nd ref="2634692624"/>
  <nd ref="2634692625"/>
  <nd ref="2634692618"/>
  <tag k="building" v="industrial"/>
 </way>
 <way id="260225725" visible="true" version="16" changeset="175986511" timestamp="2025-12-16T03:37:21Z" user="GrabVN_Dang" uid="21825913">
  <nd ref="310725732"/>
  <nd ref="2657122056"/>
  <nd ref="2657122057"/>
  <nd ref="2657122058"/>
  <nd ref="3341124491"/>
  <nd ref="11944323555"/>
  <nd ref="2657122095"/>
  <nd ref="4461962358"/>
  <nd ref="2657122059"/>
  <nd ref="2634658932"/>
  <nd ref="2657122060"/>
  <nd ref="11944381477"/>
  <nd ref="11944381478"/>
  <nd ref="2657122061"/>
  <nd ref="2657122062"/>
  <nd ref="2657122070"/>
  <nd ref="5689527850"/>
  <nd ref="8819688907"/>
  <nd ref="6557784937"/>
  <nd ref="2657122063"/>
  <nd ref="2657122064"/>
  <nd ref="2657122068"/>
  <nd ref="2657122065"/>
  <nd ref="11387109164"/>
  <nd ref="2657122066"/>
  <tag k="highway" v="residential"/>
  <tag k="name" v="Ngõ 267 Đường Hoàng Hoa Thám"/>
 </way>
 <way id="260225726" visible="true" version="2" changeset="153050942" timestamp="2024-06-23T02:40:28Z" user="logus2" uid="21611817">
  <nd ref="2657122068"/>
  <nd ref="2657122069"/>
  <tag k="bicycle" v="yes"/>
  <tag k="foot" v="yes"/>
  <tag k="highway" v="service"/>
  <tag k="service" v="alley"/>
  <tag k="surface" v="concrete"/>
 </way>
 <way id="288729148" visible="true" version="5" changeset="144887006" timestamp="2023-12-08T03:49:29Z" user="GrabVN_Ánh Linh Lê" uid="13749044">
  <nd ref="2922908922"/>
  <nd ref="2922908923"/>
  <nd ref="2922908924"/>
  <tag k="highway" v="service"/>
  <tag k="service" v="alley"/>
 </way>
 <way id="288729149" visible="true" version="4" changeset="153050942" timestamp="2024-06-23T02:40:28Z" user="logus2" uid="21611817">
  <nd ref="2922908926"/>
  <nd ref="2922908927"/>
  <nd ref="2922908928"/>
  <nd ref="2922908929"/>
  <nd ref="2922908930"/>
  <nd ref="11071444938"/>
  <tag k="highway" v="service"/>
  <tag k="service" v="alley"/>
 </way>
 <way id="288729151" visible="true" version="3" changeset="144887006" timestamp="2023-12-08T03:49:29Z" user="GrabVN_Ánh Linh Lê" uid="13749044">
  <nd ref="2922908924"/>
  <nd ref="2922908933"/>
  <tag k="highway" v="service"/>
  <tag k="service" v="alley"/>
 </way>
 <way id="288729154" visible="true" version="4" changeset="144887045" timestamp="2023-12-08T03:52:05Z" user="GrabVN_Ánh Linh Lê" uid="13749044">
  <nd ref="2922908920"/>
  <nd ref="2922908941"/>
  <nd ref="11402118928"/>
  <nd ref="2922908942"/>
  <tag k="highway" v="service"/>
  <tag k="name" v="Ngách 2 Ngõ 343 Đội Cấn"/>
  <tag k="service" v="alley"/>
 </way>
 <way id="288729157" visible="true" version="3" changeset="157570699" timestamp="2024-10-07T08:31:46Z" user="Grab_Cong" uid="18820325">
  <nd ref="2922908948"/>
  <nd ref="2922908950"/>
  <nd ref="12231311557"/>
  <nd ref="12231311559"/>
  <tag k="highway" v="service"/>
  <tag k="service" v="alley"/>
 </way>
 <way id="288729161" visible="true" version="4" changeset="157570699" timestamp="2024-10-07T08:31:46Z" user="Grab_Cong" uid="18820325">
  <nd ref="2922908959"/>
  <nd ref="2922908960"/>
  <nd ref="2922908961"/>
  <nd ref="2922908962"/>
  <nd ref="12231311555"/>
  <tag k="highway" v="service"/>
  <tag k="service" v="alley"/>
 </way>
 <way id="288729162" visible="true" version="4" changeset="157570699" timestamp="2024-10-07T08:31:46Z" user="Grab_Cong" uid="18820325">
  <nd ref="2922908945"/>
  <nd ref="2922908963"/>
  <nd ref="2922908970"/>
  <tag k="highway" v="service"/>
  <tag k="service" v="alley"/>
 </way>
 <way id="288729163" visible="true" version="4" changeset="157570699" timestamp="2024-10-07T08:31:46Z" user="Grab_Cong" uid="18820325">
  <nd ref="2922908959"/>
  <nd ref="12231311554"/>
  <nd ref="2922908970"/>
  <tag k="highway" v="service"/>
  <tag k="service" v="alley"/>
 </way>
 <way id="288729164" visible="true" version="3" changeset="153050942" timestamp="2024-06-23T02:40:28Z" user="logus2" uid="21611817">
  <nd ref="2922908971"/>
  <nd ref="12001825005"/>
  <nd ref="2922908972"/>
  <nd ref="2922908973"/>
  <tag k="highway" v="service"/>
  <tag k="service" v="alley"/>
 </way>
 <way id="288729165" visible="true" version="3" changeset="153050942" timestamp="2024-06-23T02:40:28Z" user="logus2" uid="21611817">
  <nd ref="2922908944"/>
  <nd ref="2922908974"/>
  <nd ref="2922908975"/>
  <tag k="highway" v="service"/>
  <tag k="service" v="alley"/>
 </way>
 <way id="288729166" visible="true" version="3" changeset="153050942" timestamp="2024-06-23T02:40:28Z" user="logus2" uid="21611817">
  <nd ref="2922908976"/>
  <nd ref="2922908977"/>
  <nd ref="2922908975"/>
  <nd ref="2922908978"/>
  <nd ref="2922908979"/>
  <tag k="highway" v="service"/>
  <tag k="service" v="alley"/>
 </way>
 <way id="288729520" visible="true" version="4" changeset="131322664" timestamp="2023-01-16T05:59:36Z" user="GrabVN_QThoai" uid="15740602">
  <nd ref="445252274"/>
  <nd ref="2922914426"/>
  <nd ref="2922914427"/>
  <nd ref="2922914428"/>
  <nd ref="2922914429"/>
  <nd ref="2922914430"/>
  <nd ref="2922914431"/>
  <nd ref="2922914432"/>
  <tag k="highway" v="service"/>
  <tag k="service" v="alley"/>
 </way>
 <way id="288729521" visible="true" version="5" changeset="160973754" timestamp="2025-01-04T04:48:04Z" user="Hung Tran 9x0" uid="20910140">
  <nd ref="2922914428"/>
  <nd ref="2922914433"/>
  <nd ref="11998689966"/>
  <nd ref="2922914434"/>
  <nd ref="2922914435"/>
  <nd ref="2922914436"/>
  <nd ref="2922914437"/>
  <tag k="highway" v="service"/>
  <tag k="name" v="Ngách 285/101 Phố Đội Cấn"/>
  <tag k="service" v="alley"/>
 </way>
 <way id="288729522" visible="true" version="3" changeset="153050942" timestamp="2024-06-23T02:40:28Z" user="logus2" uid="21611817">
  <nd ref="2922914429"/>
  <nd ref="2922914438"/>
  <tag k="highway" v="service"/>
  <tag k="service" v="alley"/>
 </way>
 <way id="288729523" visible="true" version="1" changeset="23016266" timestamp="2014-06-19T03:26:42Z" user="Philippe Lê" uid="1784163">
  <nd ref="2922914430"/>
  <nd ref="2922914439"/>
  <nd ref="2922914440"/>
  <nd ref="2922914441"/>
  <tag k="highway" v="service"/>
  <tag k="service" v="alley"/>
 </way>
 <way id="288729524" visible="true" version="3" changeset="144887006" timestamp="2023-12-08T03:49:29Z" user="GrabVN_Ánh Linh Lê" uid="13749044">
  <nd ref="2922914440"/>
  <nd ref="2922914442"/>
  <nd ref="2922914443"/>
  <nd ref="2922914449"/>
  <nd ref="2922914444"/>
  <nd ref="2922914445"/>
  <nd ref="2922914458"/>
  <nd ref="2922914446"/>
  <nd ref="2922914468"/>
  <nd ref="2922914447"/>
  <nd ref="2922914448"/>
  <nd ref="2922908933"/>
  <tag k="highway" v="service"/>
  <tag k="service" v="alley"/>
 </way>
 <way id="288729525" visible="true" version="1" changeset="23016266" timestamp="2014-06-19T03:26:42Z" user="Philippe Lê" uid="1784163">
  <nd ref="2922914449"/>
  <nd ref="2922914450"/>
  <tag k="highway" v="service"/>
  <tag k="service" v="alley"/>
 </way>
 <way id="288729526" visible="true" version="3" changeset="153050942" timestamp="2024-06-23T02:40:28Z" user="logus2" uid="21611817">
  <nd ref="2922914445"/>
  <nd ref="2922914451"/>
  <nd ref="2922914452"/>
  <nd ref="2922914456"/>
  <nd ref="2922914453"/>
  <nd ref="2922914454"/>
  <nd ref="2922914455"/>
  <tag k="highway" v="service"/>
  <tag k="service" v="alley"/>
 </way>
 <way id="288729527" visible="true" version="3" changeset="153050942" timestamp="2024-06-23T02:40:28Z" user="logus2" uid="21611817">
  <nd ref="2922914456"/>
  <nd ref="2922914457"/>
  <tag k="highway" v="service"/>
  <tag k="service" v="alley"/>
 </way>
 <way id="288729528" visible="true" version="3" changeset="144650716" timestamp="2023-12-01T07:16:28Z" user="Grab_Cong" uid="18820325">
  <nd ref="2922914458"/>
  <nd ref="2922914459"/>
  <nd ref="2922914460"/>
  <nd ref="11387109161"/>
  <nd ref="2922914461"/>
  <nd ref="2922914462"/>
  <nd ref="2922914463"/>
  <nd ref="2922914464"/>
  <nd ref="2922914465"/>
  <nd ref="2922914466"/>
  <nd ref="11387109162"/>
  <nd ref="11387109164"/>
  <tag k="highway" v="service"/>
  <tag k="motorcar" v="destination"/>
  <tag k="service" v="alley"/>
 </way>
 <way id="288729530" visible="true" version="1" changeset="23016266" timestamp="2014-06-19T03:26:42Z" user="Philippe Lê" uid="1784163">
  <nd ref="2922914468"/>
  <nd ref="2922914469"/>
  <nd ref="2922914470"/>
  <nd ref="2922914471"/>
  <tag k="highway" v="service"/>
  <tag k="service" v="alley"/>
 </way>
 <way id="288729531" visible="true" version="1" changeset="23016266" timestamp="2014-06-19T03:26:42Z" user="Philippe Lê" uid="1784163">
  <nd ref="2922914447"/>
  <nd ref="2922914472"/>
  <tag k="highway" v="service"/>
  <tag k="service" v="alley"/>
 </way>
 <way id="331167322" visible="true" version="1" changeset="29236130" timestamp="2015-03-04T03:56:31Z" user="Philippe Lê" uid="1784163">
  <nd ref="3382291942"/>
  <nd ref="445252524"/>
  <nd ref="3382291943"/>
  <nd ref="3382291944"/>
  <nd ref="3382291945"/>
  <tag k="highway" v="service"/>
  <tag k="service" v="alley"/>
 </way>
 <way id="331167325" visible="true" version="3" changeset="153153828" timestamp="2024-06-25T11:57:48Z" user="rat_lorand_grab" uid="10678755">
  <nd ref="12009448132"/>
  <nd ref="12009448133"/>
  <nd ref="12009448131"/>
  <nd ref="12009448130"/>
  <tag k="highway" v="service"/>
  <tag k="service" v="alley"/>
 </way>
 <way id="331167326" visible="true" version="4" changeset="108358055" timestamp="2021-07-21T09:56:32Z" user="clw92" uid="3552673">
  <nd ref="3382291947"/>
  <nd ref="3382291951"/>
  <tag k="highway" v="service"/>
  <tag k="service" v="alley"/>
 </way>
 <way id="331167330" visible="true" version="5" changeset="146124734" timestamp="2024-01-11T02:15:18Z" user="Grab_Cong" uid="18820325">
  <nd ref="445252512"/>
  <nd ref="3382291959"/>
  <nd ref="445252524"/>
  <tag k="highway" v="service"/>
  <tag k="name" v="Ngách 24 Ngõ 97 Phố Cao Văn"/>
  <tag k="service" v="alley"/>
 </way>
 <way id="331167331" visible="true" version="3" changeset="173416332" timestamp="2025-10-17T15:19:51Z" user="Hung159" uid="22065819">
  <nd ref="3382291962"/>
  <nd ref="3382291963"/>
  <nd ref="3382291964"/>
  <nd ref="3382291965"/>
  <nd ref="12234036693"/>
  <nd ref="3382291966"/>
  <nd ref="11998689955"/>
  <nd ref="3382291967"/>
  <tag k="highway" v="service"/>
  <tag k="name" v="Ngách 127/15 Đường Văn Cao"/>
  <tag k="service" v="alley"/>
 </way>
 <way id="331167332" visible="true" version="4" changeset="173416332" timestamp="2025-10-17T15:19:51Z" user="Hung159" uid="22065819">
  <nd ref="3382291968"/>
  <nd ref="3382291969"/>
  <tag k="highway" v="service"/>
  <tag k="name" v="Hẻm 127/15/2 Đường Văn Cao"/>
  <tag k="service" v="alley"/>
 </way>
 <way id="331167333" visible="true" version="3" changeset="153050942" timestamp="2024-06-23T02:40:28Z" user="logus2" uid="21611817">
  <nd ref="3382291970"/>
  <nd ref="3382291971"/>
  <tag k="highway" v="service"/>
  <tag k="service" v="alley"/>
 </way>
 <way id="331167334" visible="true" version="3" changeset="153050942" timestamp="2024-06-23T02:40:28Z" user="logus2" uid="21611817">
  <nd ref="445252449"/>
  <nd ref="3382291972"/>
  <tag k="highway" v="service"/>
  <tag k="service" v="alley"/>
 </way>
 <way id="331167335" visible="true" version="3" changeset="153050942" timestamp="2024-06-23T02:40:28Z" user="logus2" uid="21611817">
  <nd ref="3382291973"/>
  <nd ref="3382291974"/>
  <tag k="highway" v="service"/>
  <tag k="service" v="alley"/>
 </way>
 <way id="331167336" visible="true" version="3" changeset="153050942" timestamp="2024-06-23T02:40:28Z" user="logus2" uid="21611817">
  <nd ref="3382291970"/>
  <nd ref="3382291975"/>
  <tag k="highway" v="service"/>
  <tag k="service" v="alley"/>
 </way>
 <way id="331167337" visible="true" version="5" changeset="138129649" timestamp="2023-07-05T04:37:09Z" user="Arkskyle" uid="17344224">
  <nd ref="3382291976"/>
  <nd ref="11027079214"/>
  <nd ref="3382291977"/>
  <tag k="highway" v="service"/>
  <tag k="layer" v="1"/>
  <tag k="surface" v="concrete"/>
 </way>
 <way id="461584256" visible="true" version="2" changeset="132433590" timestamp="2023-02-12T07:50:02Z" user="Mapping_95" uid="10498092">
  <nd ref="4570534810"/>
  <nd ref="4570534811"/>
  <nd ref="4570534812"/>
  <nd ref="10651129990"/>
  <nd ref="4570534814"/>
  <nd ref="4570534815"/>
  <nd ref="4570534810"/>
  <tag k="landuse" v="grass"/>
 </way>
 <way id="570602113" visible="true" version="3" changeset="153050705" timestamp="2024-06-23T02:13:13Z" user="logus2" uid="21611817">
  <nd ref="445253776"/>
  <nd ref="5485846220"/>
  <nd ref="9374853705"/>
  <nd ref="5485846621"/>
  <tag k="highway" v="service"/>
  <tag k="service" v="alley"/>
  <tag k="source" v="grab_hanoi_2018_t2"/>
 </way>
 <way id="600485191" visible="true" version="2" changeset="153050834" timestamp="2024-06-23T02:27:24Z" user="logus2" uid="21611817">
  <nd ref="5709910399"/>
  <nd ref="5709910398"/>
  <tag k="highway" v="service"/>
  <tag k="service" v="alley"/>
 </way>
 <way id="600485192" visible="true" version="4" changeset="176789995" timestamp="2026-01-03T16:55:47Z" user="Hung Tran 9x0" uid="20910140">
  <nd ref="5709910403"/>
  <nd ref="5709910401"/>
  <nd ref="13428888275"/>
  <nd ref="5709910400"/>
  <tag k="highway" v="service"/>
  <tag k="name" v="Hẻm 379/8/23 Phố Đội Cấn"/>
  <tag k="service" v="alley"/>
 </way>
 <way id="600485194" visible="true" version="5" changeset="176789995" timestamp="2026-01-03T16:55:47Z" user="Hung Tran 9x0" uid="20910140">
  <nd ref="5709910409"/>
  <nd ref="5709910408"/>
  <nd ref="13428888268"/>
  <nd ref="11472573854"/>
  <tag k="highway" v="service"/>
  <tag k="name" v="Ngách 379/8 Phố Đội Cấn"/>
  <tag k="service" v="alley"/>
 </way>
 <way id="600485195" visible="true" version="4" changeset="176789995" timestamp="2026-01-03T16:55:47Z" user="Hung Tran 9x0" uid="20910140">
  <nd ref="5709910406"/>
  <nd ref="5709910411"/>
  <nd ref="5709910410"/>
  <nd ref="13428888263"/>
  <nd ref="5709910403"/>
  <nd ref="5709910409"/>
  <tag k="highway" v="service"/>
  <tag k="name" v="Ngách 379/8 Phố Đội Cấn"/>
  <tag k="service" v="alley"/>
 </way>
 <way id="601459269" visible="true" version="2" changeset="153050705" timestamp="2024-06-23T02:13:13Z" user="logus2" uid="21611817">
  <nd ref="5716479686"/>
  <nd ref="5716479685"/>
  <tag k="highway" v="service"/>
  <tag k="service" v="alley"/>
 </way>
 <way id="601459270" visible="true" version="9" changeset="176888592" timestamp="2026-01-06T06:05:10Z" user="GrabVN_HHanh" uid="21825758">
  <nd ref="5716479694"/>
  <nd ref="5716479693"/>
  <tag k="highway" v="service"/>
  <tag k="moped" v="yes"/>
  <tag k="motorcar" v="destination"/>
  <tag k="name" v="Ngõ 294 Phố Đội Cấn"/>
  <tag k="service" v="alley"/>
 </way>
 <way id="601459271" visible="true" version="8" changeset="167334883" timestamp="2025-06-08T04:50:32Z" user="Hung Tran 9x0" uid="20910140">
  <nd ref="5716479697"/>
  <nd ref="5716548951"/>
  <nd ref="11043472032"/>
  <nd ref="8341563839"/>
  <tag k="highway" v="service"/>
  <tag k="name" v="Ngõ 266 Phố Đội Cấn"/>
  <tag k="service" v="alley"/>
 </way>
 <way id="601459274" visible="true" version="7" changeset="171112933" timestamp="2025-08-28T04:58:31Z" user="GrabVN_Ngaan" uid="14519322">
  <nd ref="5716479705"/>
  <nd ref="5716479684"/>
  <nd ref="11043454098"/>
  <tag k="highway" v="service"/>
  <tag k="moped" v="yes"/>
  <tag k="motorcar" v="destination"/>
  <tag k="name" v="Ngõ 10 Phố Kim Mã Thượng"/>
  <tag k="service" v="alley"/>
 </way>
 <way id="601459276" visible="true" version="3" changeset="153050705" timestamp="2024-06-23T02:13:13Z" user="logus2" uid="21611817">
  <nd ref="5716479709"/>
  <nd ref="11998136191"/>
  <nd ref="5716479708"/>
  <tag k="highway" v="service"/>
  <tag k="service" v="alley"/>
 </way>
 <way id="601459285" visible="true" version="3" changeset="159038233" timestamp="2024-11-12T07:26:56Z" user="GrabVN_Dang" uid="21825913">
  <nd ref="5716479720"/>
  <nd ref="5716479707"/>
  <nd ref="12334007494"/>
  <nd ref="5716479719"/>
  <nd ref="5716479718"/>
  <tag k="highway" v="service"/>
  <tag k="service" v="alley"/>
 </way>
 <way id="601470912" visible="true" version="6" changeset="173416332" timestamp="2025-10-17T15:19:51Z" user="Hung159" uid="22065819">
  <nd ref="5716479693"/>
  <nd ref="11998136199"/>
  <nd ref="11043472019"/>
  <nd ref="6557785058"/>
  <nd ref="5716548952"/>
  <tag k="highway" v="service"/>
  <tag k="name" v="Ngách 294/11 Phố Đội Cấn"/>
  <tag k="service" v="alley"/>
 </way>
 <way id="601470916" visible="true" version="2" changeset="153050705" timestamp="2024-06-23T02:13:13Z" user="logus2" uid="21611817">
  <nd ref="1746426842"/>
  <nd ref="1746426843"/>
  <tag k="highway" v="service"/>
  <tag k="service" v="alley"/>
 </way>
 <way id="601470917" visible="true" version="2" changeset="153050705" timestamp="2024-06-23T02:13:13Z" user="logus2" uid="21611817">
  <nd ref="5716548958"/>
  <nd ref="1746426842"/>
  <tag k="highway" v="service"/>
  <tag k="service" v="alley"/>
 </way>
 <way id="601470920" visible="true" version="4" changeset="159650517" timestamp="2024-11-27T09:35:23Z" user="iloveosm2004" uid="20517681">
  <nd ref="5716548966"/>
  <nd ref="9374853686"/>
  <nd ref="5716548965"/>
  <tag k="highway" v="service"/>
  <tag k="service" v="alley"/>
 </way>
 <way id="601470921" visible="true" version="6" changeset="153050705" timestamp="2024-06-23T02:13:13Z" user="logus2" uid="21611817">
  <nd ref="5716548969"/>
  <nd ref="10302026115"/>
  <nd ref="11998136201"/>
  <nd ref="5716548968"/>
  <tag k="highway" v="service"/>
  <tag k="moped" v="yes"/>
  <tag k="motorcycle" v="yes"/>
  <tag k="motor_vehicle" v="no"/>
  <tag k="name" v="Ngõ 28"/>
  <tag k="service" v="alley"/>
 </way>
 <way id="601470922" visible="true" version="4" changeset="153050705" timestamp="2024-06-23T02:13:13Z" user="logus2" uid="21611817">
  <nd ref="5716548972"/>
  <nd ref="8831303620"/>
  <nd ref="5716548971"/>
  <nd ref="8831303619"/>
  <nd ref="5716548970"/>
  <tag k="highway" v="service"/>
  <tag k="service" v="alley"/>
 </way>
 <way id="601470923" visible="true" version="5" changeset="174129800" timestamp="2025-11-03T03:52:34Z" user="GrabVN_HHanh" uid="21825758">
  <nd ref="5716548974"/>
  <nd ref="1754434545"/>
  <nd ref="5716548978"/>
  <tag k="highway" v="service"/>
  <tag k="motorcar" v="destination"/>
  <tag k="name" v="Ngõ 37 Phố Kim Mã Thượng"/>
  <tag k="service" v="alley"/>
 </way>
 <way id="601470924" visible="true" version="3" changeset="174129800" timestamp="2025-11-03T03:52:34Z" user="GrabVN_HHanh" uid="21825758">
  <nd ref="5716548976"/>
  <nd ref="5716548975"/>
  <tag k="highway" v="service"/>
  <tag k="motorcar" v="destination"/>
  <tag k="service" v="alley"/>
 </way>
 <way id="601470925" visible="true" version="3" changeset="174129800" timestamp="2025-11-03T03:52:34Z" user="GrabVN_HHanh" uid="21825758">
  <nd ref="1754434541"/>
  <nd ref="5716548977"/>
  <tag k="highway" v="service"/>
  <tag k="motorcar" v="destination"/>
  <tag k="service" v="alley"/>
 </way>
 <way id="601470926" visible="true" version="3" changeset="174129800" timestamp="2025-11-03T03:52:34Z" user="GrabVN_HHanh" uid="21825758">
  <nd ref="5716548978"/>
  <nd ref="13276912302"/>
  <tag k="highway" v="service"/>
  <tag k="motorcar" v="destination"/>
  <tag k="service" v="alley"/>
 </way>
 <way id="601470927" visible="true" version="4" changeset="173416332" timestamp="2025-10-17T15:19:51Z" user="Hung159" uid="22065819">
  <nd ref="5716548981"/>
  <nd ref="10302026117"/>
  <nd ref="5716548980"/>
  <nd ref="13239241967"/>
  <nd ref="5716548979"/>
  <tag k="highway" v="service"/>
  <tag k="name" v="Ngõ 8 Phố Liễu Giai"/>
  <tag k="service" v="alley"/>
 </way>
 <way id="601470928" visible="true" version="2" changeset="153050705" timestamp="2024-06-23T02:13:13Z" user="logus2" uid="21611817">
  <nd ref="5716548982"/>
  <nd ref="5716479683"/>
  <tag k="highway" v="service"/>
  <tag k="service" v="alley"/>
 </way>
 <way id="601470929" visible="true" version="3" changeset="168750786" timestamp="2025-07-10T16:04:12Z" user="Hung Tran 9x0" uid="20910140">
  <nd ref="12992646102"/>
  <nd ref="12992646101"/>
  <nd ref="12992618500"/>
  <nd ref="5716548982"/>
  <tag k="highway" v="service"/>
  <tag k="service" v="alley"/>
 </way>
 <way id="601484964" visible="true" version="3" changeset="154163300" timestamp="2024-07-20T01:48:17Z" user="logus2" uid="21611817">
  <nd ref="5716625613"/>
  <nd ref="5716625612"/>
  <nd ref="11041631527"/>
  <nd ref="11041631528"/>
  <nd ref="11041631529"/>
  <tag k="highway" v="service"/>
  <tag k="service" v="alley"/>
 </way>
 <way id="601484965" visible="true" version="3" changeset="154163300" timestamp="2024-07-20T01:48:17Z" user="logus2" uid="21611817">
  <nd ref="11041631533"/>
  <nd ref="5716625616"/>
  <nd ref="5716625613"/>
  <nd ref="5716625615"/>
  <nd ref="5716625614"/>
  <tag k="highway" v="service"/>
  <tag k="service" v="alley"/>
 </way>
 <way id="601484966" visible="true" version="7" changeset="173416332" timestamp="2025-10-17T15:19:51Z" user="Hung159" uid="22065819">
  <nd ref="106098697"/>
  <nd ref="5716625618"/>
  <tag k="highway" v="service"/>
  <tag k="name" v="Ngõ 21 Phố Vạn Bảo"/>
  <tag k="service" v="alley"/>
  <tag k="surface" v="concrete"/>
 </way>
 <way id="601484967" visible="true" version="5" changeset="170647726" timestamp="2025-08-19T04:34:12Z" user="Hung Tran 9x0" uid="20910140">
  <nd ref="106099277"/>
  <nd ref="2062618180"/>
  <nd ref="13080855556"/>
  <nd ref="2062830310"/>
  <tag k="highway" v="service"/>
  <tag k="name" v="Ngõ 260 Đội Cấn"/>
  <tag k="service" v="alley"/>
  <tag k="surface" v="asphalt"/>
 </way>
 <way id="601484968" visible="true" version="2" changeset="114189199" timestamp="2021-11-24T16:33:59Z" user="GrabVN_Ánh Linh Lê" uid="13749044">
  <nd ref="5716626126"/>
  <nd ref="5716626125"/>
  <nd ref="5716626124"/>
  <nd ref="5716626123"/>
  <nd ref="5716626122"/>
  <tag k="access" v="no"/>
  <tag k="highway" v="service"/>
 </way>
 <way id="601484969" visible="true" version="3" changeset="114189199" timestamp="2021-11-24T16:33:59Z" user="GrabVN_Ánh Linh Lê" uid="13749044">
  <nd ref="5716626128"/>
  <nd ref="5716626126"/>
  <tag k="access" v="no"/>
  <tag k="highway" v="service"/>
  <tag k="surface" v="concrete"/>
 </way>
 <way id="601484970" visible="true" version="11" changeset="175572180" timestamp="2025-12-06T05:07:06Z" user="Hung Tran 9x0" uid="20910140">
  <nd ref="445252360"/>
  <nd ref="2631906068"/>
  <nd ref="13356971467"/>
  <nd ref="2922908915"/>
  <tag k="highway" v="residential"/>
  <tag k="name" v="Ngõ 343 Phố Đội Cấn"/>
  <tag k="surface" v="asphalt"/>
 </way>
 <way id="601484973" visible="true" version="6" changeset="153050942" timestamp="2024-06-23T02:40:28Z" user="logus2" uid="21611817">
  <nd ref="309818608"/>
  <nd ref="5716626139"/>
  <nd ref="5716626138"/>
  <nd ref="5716626137"/>
  <tag k="highway" v="service"/>
  <tag k="motor_vehicle" v="no"/>
  <tag k="name" v="Ngõ 329 Đội Cấn"/>
  <tag k="service" v="alley"/>
  <tag k="surface" v="concrete"/>
 </way>
 <way id="601484974" visible="true" version="4" changeset="175572180" timestamp="2025-12-06T05:07:06Z" user="Hung Tran 9x0" uid="20910140">
  <nd ref="445252529"/>
  <nd ref="11472588574"/>
  <nd ref="13356971469"/>
  <nd ref="5716626142"/>
  <nd ref="13356971468"/>
  <nd ref="13356971467"/>
  <tag k="access" v="customers"/>
  <tag k="highway" v="service"/>
  <tag k="oneway" v="yes"/>
  <tag k="surface" v="paving_stones"/>
 </way>
 <way id="675318610" visible="true" version="3" changeset="157946298" timestamp="2024-10-16T04:21:57Z" user="Grab_Cong" uid="18820325">
  <nd ref="12254400345"/>
  <nd ref="9706960161"/>
  <nd ref="3382291950"/>
  <tag k="highway" v="service"/>
  <tag k="service" v="alley"/>
 </way>
 <way id="684092486" visible="true" version="5" changeset="137128738" timestamp="2023-06-09T09:49:24Z" user="GrabVN_Yen" uid="13613834">
  <nd ref="6408581237"/>
  <nd ref="10302026116"/>
  <nd ref="6408581240"/>
  <tag k="highway" v="service"/>
  <tag k="moped" v="yes"/>
  <tag k="motorcycle" v="yes"/>
  <tag k="motor_vehicle" v="no"/>
  <tag k="name" v="Ngõ 20 Phố Liễu Giai"/>
  <tag k="service" v="alley"/>
 </way>
 <way id="684092487" visible="true" version="5" changeset="173416332" timestamp="2025-10-17T15:19:51Z" user="Hung159" uid="22065819">
  <nd ref="6408581238"/>
  <nd ref="11760308830"/>
  <nd ref="11760308831"/>
  <nd ref="6408581235"/>
  <tag k="highway" v="service"/>
  <tag k="moped" v="yes"/>
  <tag k="motorcycle" v="yes"/>
  <tag k="motor_vehicle" v="no"/>
  <tag k="name" v="Ngõ 342 Phố Đội Cấn"/>
  <tag k="service" v="alley"/>
 </way>
 <way id="684092488" visible="true" version="4" changeset="154163300" timestamp="2024-07-20T01:48:17Z" user="logus2" uid="21611817">
  <nd ref="6408581234"/>
  <nd ref="5716479719"/>
  <tag k="bicycle" v="yes"/>
  <tag k="embankment" v="yes"/>
  <tag k="foot" v="yes"/>
  <tag k="highway" v="service"/>
  <tag k="maxspeed" v="60"/>
  <tag k="moped" v="yes"/>
  <tag k="motorcycle" v="yes"/>
  <tag k="motor_vehicle" v="yes"/>
  <tag k="name" v="Ngõ 394 Đội Cấn"/>
  <tag k="service" v="alley"/>
  <tag k="surface" v="asphalt"/>
 </way>
 <way id="684092490" visible="true" version="4" changeset="173416332" timestamp="2025-10-17T15:19:51Z" user="Hung159" uid="22065819">
  <nd ref="6408581239"/>
  <nd ref="1905193367"/>
  <tag k="highway" v="service"/>
  <tag k="moped" v="yes"/>
  <tag k="motorcycle" v="yes"/>
  <tag k="motor_vehicle" v="no"/>
  <tag k="name" v="Ngõ 409 Phố Đội Cấn"/>
  <tag k="service" v="alley"/>
 </way>
 <way id="684098010" visible="true" version="7" changeset="173416332" timestamp="2025-10-17T15:19:51Z" user="Hung159" uid="22065819">
  <nd ref="6408629575"/>
  <nd ref="10302026169"/>
  <nd ref="6408629577"/>
  <nd ref="11083465820"/>
  <nd ref="11083465819"/>
  <tag k="highway" v="service"/>
  <tag k="moped" v="yes"/>
  <tag k="motorcycle" v="yes"/>
  <tag k="motor_vehicle" v="no"/>
  <tag k="name" v="Ngõ 123 Đường Văn Cao"/>
  <tag k="service" v="alley"/>
 </way>
 <way id="684105486" visible="true" version="6" changeset="176789995" timestamp="2026-01-03T16:55:47Z" user="Hung Tran 9x0" uid="20910140">
  <nd ref="6408724122"/>
  <nd ref="10302026165"/>
  <nd ref="5709910407"/>
  <tag k="highway" v="service"/>
  <tag k="moped" v="yes"/>
  <tag k="motorcycle" v="yes"/>
  <tag k="motor_vehicle" v="no"/>
  <tag k="name" v="Ngõ 80 Phố Văn Cao"/>
  <tag k="service" v="alley"/>
 </way>
 <way id="687233230" visible="true" version="3" changeset="153050942" timestamp="2024-06-23T02:40:28Z" user="logus2" uid="21611817">
  <nd ref="2657122066"/>
  <nd ref="8299505987"/>
  <nd ref="2657122067"/>
  <tag k="bicycle" v="yes"/>
  <tag k="foot" v="yes"/>
  <tag k="highway" v="service"/>
  <tag k="service" v="alley"/>
  <tag k="surface" v="concrete"/>
 </way>
 <way id="698018291" visible="true" version="14" changeset="176888592" timestamp="2026-01-06T06:05:10Z" user="GrabVN_HHanh" uid="21825758">
  <nd ref="317129397"/>
  <nd ref="317129396"/>
  <nd ref="5704430363"/>
  <nd ref="12082435067"/>
  <nd ref="12082435068"/>
  <nd ref="12082442469"/>
  <nd ref="12082442470"/>
  <nd ref="309818671"/>
  <nd ref="12082442471"/>
  <nd ref="309818668"/>
  <nd ref="310736140"/>
  <nd ref="5709910379"/>
  <nd ref="5709910393"/>
  <nd ref="13095394798"/>
  <nd ref="13428888207"/>
  <nd ref="8299505955"/>
  <nd ref="310736141"/>
  <nd ref="5709910399"/>
  <nd ref="445253739"/>
  <nd ref="106095113"/>
  <nd ref="2371522047"/>
  <nd ref="5716479699"/>
  <nd ref="106095678"/>
  <tag k="boundary" v="administrative"/>
 </way>
 <way id="698018292" visible="true" version="9" changeset="168253506" timestamp="2025-06-29T07:35:47Z" user="Tewuzij" uid="16194143">
  <nd ref="6352368454"/>
  <nd ref="733433411"/>
  <nd ref="10562128429"/>
  <nd ref="1721379984"/>
  <nd ref="445253744"/>
  <nd ref="5707776088"/>
  <nd ref="5707776087"/>
  <nd ref="445253715"/>
  <nd ref="317129393"/>
  <nd ref="1746426846"/>
  <nd ref="1905193365"/>
  <nd ref="5716479712"/>
  <nd ref="6408581239"/>
  <nd ref="6408581234"/>
  <nd ref="11405052428"/>
  <nd ref="6408581238"/>
  <nd ref="5716479686"/>
  <nd ref="5716479694"/>
  <nd ref="106095678"/>
  <tag k="boundary" v="administrative"/>
 </way>
 <way id="698273194" visible="true" version="1" changeset="71403015" timestamp="2019-06-19T13:51:59Z" user="TuanIfan" uid="625303">
  <nd ref="6557766329"/>
  <nd ref="6557766328"/>
  <nd ref="6557766327"/>
  <nd ref="6557766326"/>
  <nd ref="6557766329"/>
  <tag k="building" v="yes"/>
 </way>
 <way id="698273195" visible="true" version="1" changeset="71403015" timestamp="2019-06-19T13:51:59Z" user="TuanIfan" uid="625303">
  <nd ref="6557766333"/>
  <nd ref="6557766332"/>
  <nd ref="6557766331"/>
  <nd ref="6557766330"/>
  <nd ref="6557766333"/>
  <tag k="building" v="yes"/>
 </way>
 <way id="698273196" visible="true" version="1" changeset="71403015" timestamp="2019-06-19T13:51:59Z" user="TuanIfan" uid="625303">
  <nd ref="6557766340"/>
  <nd ref="6557766339"/>
  <nd ref="6557766338"/>
  <nd ref="6557766337"/>
  <nd ref="6557766336"/>
  <nd ref="6557766335"/>
  <nd ref="6557766334"/>
  <nd ref="6557766340"/>
  <tag k="building" v="yes"/>
 </way>
 <way id="698273198" visible="true" version="2" changeset="152019749" timestamp="2024-05-30T07:41:57Z" user="vietnam321" uid="11196308">
  <nd ref="6557766359"/>
  <nd ref="6557766358"/>
  <nd ref="6557766357"/>
  <nd ref="6557766356"/>
  <nd ref="2631906072"/>
  <nd ref="2631906073"/>
  <nd ref="2631906070"/>
  <nd ref="2631906071"/>
  <nd ref="6557766353"/>
  <nd ref="6557766352"/>
  <nd ref="11944381481"/>
  <nd ref="11944381480"/>
  <nd ref="11944381479"/>
  <nd ref="6557766359"/>
  <tag k="landuse" v="religious"/>
 </way>
 <way id="698273201" visible="true" version="1" changeset="71403015" timestamp="2019-06-19T13:51:59Z" user="TuanIfan" uid="625303">
  <nd ref="6557784896"/>
  <nd ref="6557784895"/>
  <nd ref="6557784894"/>
  <nd ref="6557784893"/>
  <nd ref="6557784892"/>
  <nd ref="6557784891"/>
  <nd ref="6557784890"/>
  <nd ref="6557784889"/>
  <nd ref="6557784888"/>
  <nd ref="6557784887"/>
  <nd ref="6557784886"/>
  <nd ref="6557784885"/>
  <nd ref="6557766384"/>
  <nd ref="6557766383"/>
  <nd ref="6557784896"/>
  <tag k="leisure" v="sports_centre"/>
 </way>
 <way id="698273203" visible="true" version="2" changeset="107752707" timestamp="2021-07-10T15:33:36Z" user="vietnam321" uid="11196308">
  <nd ref="6557784914"/>
  <nd ref="6557784913"/>
  <nd ref="6557784912"/>
  <nd ref="6557784911"/>
  <nd ref="6557784910"/>
  <nd ref="6557784909"/>
  <nd ref="6557784908"/>
  <nd ref="6557784907"/>
  <nd ref="6557784906"/>
  <nd ref="6557784905"/>
  <nd ref="6557784904"/>
  <nd ref="6557784903"/>
  <nd ref="6557784902"/>
  <nd ref="6557784901"/>
  <nd ref="6557784914"/>
  <tag k="addr:city" v="Hà Nội"/>
  <tag k="addr:country" v="VN"/>
  <tag k="landuse" v="commercial"/>
  <tag k="name" v="Khách sạn Khăn Quàng Đỏ"/>
  <tag k="tourism" v="hotel"/>
 </way>
 <way id="698273208" visible="true" version="1" changeset="71403015" timestamp="2019-06-19T13:51:59Z" user="TuanIfan" uid="625303">
  <nd ref="6557784955"/>
  <nd ref="6557784954"/>
  <nd ref="6557784953"/>
  <nd ref="6557784952"/>
  <nd ref="6557784951"/>
  <nd ref="6557784950"/>
  <nd ref="6557784949"/>
  <nd ref="6557784948"/>
  <nd ref="6557784947"/>
  <nd ref="6557784946"/>
  <nd ref="6557784945"/>
  <nd ref="6557784944"/>
  <nd ref="6557784943"/>
  <nd ref="6557784942"/>
  <nd ref="6557784941"/>
  <nd ref="6557784940"/>
  <nd ref="6557784939"/>
  <nd ref="6557784938"/>
  <nd ref="6557784955"/>
  <tag k="building" v="yes"/>
 </way>
 <way id="698273211" visible="true" version="2" changeset="170647726" timestamp="2025-08-19T04:34:12Z" user="Hung Tran 9x0" uid="20910140">
  <nd ref="6557784979"/>
  <nd ref="6557784976"/>
  <nd ref="6557784974"/>
  <nd ref="6557784973"/>
  <nd ref="6557784979"/>
  <tag k="addr:street" v="Ngõ 260 Đội Cấn"/>
  <tag k="building" v="apartments"/>
  <tag k="name" v="Chung cư Văn phòng Trung ương Đảng"/>
 </way>
 <way id="698273212" visible="true" version="1" changeset="71403015" timestamp="2019-06-19T13:51:59Z" user="TuanIfan" uid="625303">
  <nd ref="6557784983"/>
  <nd ref="6557784982"/>
  <nd ref="6557784981"/>
  <nd ref="6557784980"/>
  <nd ref="6557784983"/>
  <tag k="building" v="yes"/>
 </way>
 <way id="698273213" visible="true" version="3" changeset="145878731" timestamp="2024-01-04T12:32:07Z" user="vietnam321" uid="11196308">
  <nd ref="6557784993"/>
  <nd ref="6557784992"/>
  <nd ref="6557784991"/>
  <nd ref="6557784990"/>
  <nd ref="6557784989"/>
  <nd ref="6557784988"/>
  <nd ref="6557784987"/>
  <nd ref="6557784986"/>
  <nd ref="6557784993"/>
  <tag k="addr:housenumber" v="1"/>
  <tag k="addr:postcode" v="10071"/>
  <tag k="addr:street" v="Phố Liễu Giai"/>
  <tag k="amenity" v="research_institute"/>
  <tag k="landuse" v="commercial"/>
  <tag k="name" v="Viện Hàn lâm Khoa học xã hội Việt Nam"/>
  <tag k="name:en" v="Vietnam Academy of Social Sciences"/>
  <tag k="name:zh" v="越南社会科学翰林院"/>
 </way>
 <way id="698273214" visible="true" version="1" changeset="71403015" timestamp="2019-06-19T13:51:59Z" user="TuanIfan" uid="625303">
  <nd ref="6557784997"/>
  <nd ref="6557784996"/>
  <nd ref="6557784995"/>
  <nd ref="6557784994"/>
  <nd ref="6557784997"/>
  <tag k="building" v="yes"/>
 </way>
 <way id="698273215" visible="true" version="3" changeset="169444341" timestamp="2025-07-25T10:40:56Z" user="vietnam321" uid="11196308">
  <nd ref="6557785005"/>
  <nd ref="6557785004"/>
  <nd ref="6557785003"/>
  <nd ref="6557785002"/>
  <nd ref="6557785001"/>
  <nd ref="6557785000"/>
  <nd ref="6557784999"/>
  <nd ref="6557784998"/>
  <nd ref="6557785005"/>
  <tag k="building" v="office"/>
  <tag k="name" v="B"/>
 </way>
 <way id="698273216" visible="true" version="1" changeset="71403015" timestamp="2019-06-19T13:51:59Z" user="TuanIfan" uid="625303">
  <nd ref="6557785014"/>
  <nd ref="6557785006"/>
  <nd ref="6557785009"/>
  <nd ref="6557785008"/>
  <nd ref="6557785007"/>
  <nd ref="6557785015"/>
  <nd ref="6557785016"/>
  <nd ref="6557785017"/>
  <nd ref="6557785010"/>
  <nd ref="6557785011"/>
  <nd ref="6557785012"/>
  <nd ref="6557785013"/>
  <nd ref="6557785014"/>
  <tag k="building" v="commercial"/>
  <tag k="name" v="A"/>
 </way>
 <way id="698273217" visible="true" version="1" changeset="71403015" timestamp="2019-06-19T13:51:59Z" user="TuanIfan" uid="625303">
  <nd ref="6557785021"/>
  <nd ref="6557785020"/>
  <nd ref="6557785019"/>
  <nd ref="6557785018"/>
  <nd ref="6557785021"/>
  <tag k="addr:country" v="VN"/>
  <tag k="addr:housename" v="Ladeco"/>
  <tag k="addr:housenumber" v="266"/>
  <tag k="addr:street" v="Đội Cấn"/>
  <tag k="building" v="office"/>
  <tag k="name" v="Tòa nhà Ladeco"/>
 </way>
 <way id="698273218" visible="true" version="3" changeset="175572180" timestamp="2025-12-06T05:07:06Z" user="Hung Tran 9x0" uid="20910140">
  <nd ref="6557785022"/>
  <nd ref="6557785028"/>
  <nd ref="13356971471"/>
  <nd ref="6557785027"/>
  <nd ref="6557785026"/>
  <nd ref="6557785025"/>
  <nd ref="6557785024"/>
  <nd ref="6557785023"/>
  <nd ref="6557785022"/>
  <tag k="addr:housenumber" v="345"/>
  <tag k="addr:street" v="Phố Đội Cấn"/>
  <tag k="building" v="apartments"/>
  <tag k="name" v="The Five Residences Hanoi"/>
 </way>
 <way id="698273219" visible="true" version="5" changeset="169444341" timestamp="2025-07-25T10:40:48Z" user="vietnam321" uid="11196308">
  <nd ref="6557785032"/>
  <nd ref="6557785031"/>
  <nd ref="6557785030"/>
  <nd ref="6557785029"/>
  <nd ref="6557785032"/>
  <tag k="addr:housenumber" v="349"/>
  <tag k="addr:street" v="Phố Đội Cấn"/>
  <tag k="building" v="government"/>
  <tag k="government" v="ministry"/>
  <tag k="name" v="Bộ Dân tộc và Tôn giáo"/>
  <tag k="name:en" v="Ministry of Ethnic and Religious Affairs"/>
  <tag k="name:zh" v="少数民族和宗教事务部"/>
  <tag k="office" v="government"/>
 </way>
 <way id="698273220" visible="true" version="1" changeset="71403015" timestamp="2019-06-19T13:51:59Z" user="TuanIfan" uid="625303">
  <nd ref="6557785038"/>
  <nd ref="6557785037"/>
  <nd ref="6557785036"/>
  <nd ref="6557785035"/>
  <nd ref="6557785034"/>
  <nd ref="6557785033"/>
  <nd ref="6557785038"/>
  <tag k="landuse" v="construction"/>
 </way>
 <way id="698273221" visible="true" version="1" changeset="71403015" timestamp="2019-06-19T13:51:59Z" user="TuanIfan" uid="625303">
  <nd ref="6557785044"/>
  <nd ref="6557785043"/>
  <nd ref="6557785042"/>
  <nd ref="6557785041"/>
  <nd ref="6557785040"/>
  <nd ref="6557785039"/>
  <nd ref="6557785044"/>
  <tag k="amenity" v="marketplace"/>
  <tag k="landuse" v="retail"/>
  <tag k="name" v="Chợ Cống Vị"/>
  <tag k="name:en" v="Cong Vi Marketplace"/>
 </way>
 <way id="698273223" visible="true" version="3" changeset="87769377" timestamp="2020-07-09T13:50:07Z" user="bingo" uid="35814">
  <nd ref="6557785052"/>
  <nd ref="6557785051"/>
  <nd ref="6557785050"/>
  <nd ref="6557785049"/>
  <nd ref="6557785052"/>
  <tag k="addr:city" v="Ha Noi"/>
  <tag k="addr:country" v="VN"/>
  <tag k="addr:district" v="Ba Dinh"/>
  <tag k="addr:housenumber" v="4"/>
  <tag k="addr:street" v="Liễu Giai"/>
  <tag k="addr:subdistrict" v="Cống Vị"/>
  <tag k="building" v="yes"/>
  <tag k="name" v="Tid Centre"/>
 </way>
 <way id="698273224" visible="true" version="1" changeset="71403015" timestamp="2019-06-19T13:51:59Z" user="TuanIfan" uid="625303">
  <nd ref="6557785056"/>
  <nd ref="6557785055"/>
  <nd ref="6557785054"/>
  <nd ref="6557785053"/>
  <nd ref="6557785056"/>
  <tag k="building" v="yes"/>
 </way>
 <way id="698273225" visible="true" version="9" changeset="174900384" timestamp="2025-11-20T10:46:53Z" user="Trần Thanh Tuấn" uid="16014056">
  <nd ref="6557785064"/>
  <nd ref="11760386903"/>
  <nd ref="6557785061"/>
  <nd ref="8711803409"/>
  <nd ref="11760417662"/>
  <nd ref="8711812323"/>
  <nd ref="6557785064"/>
  <tag k="addr:street" v="Số 1 ngõ 294 Đội Cấn - Ba Đình - Hà Nôi"/>
  <tag k="amenity" v="school"/>
  <tag k="education" v="school"/>
  <tag k="email" v="gdtx-badinh@hanoiedu.vn"/>
  <tag k="fax" v="(024) 37629591"/>
  <tag k="name" v="Trung tâm Giáo dục nghề nghiệp-Giáo dục thường xuyên quận Ba Đình (cơ sở 3)"/>
  <tag k="phone" v="(024) 37629591"/>
 </way>
 <way id="698273228" visible="true" version="3" changeset="142217672" timestamp="2023-10-06T06:51:00Z" user="hieuvan" uid="2678766">
  <nd ref="6557785086"/>
  <nd ref="6557785085"/>
  <nd ref="11021320811"/>
  <nd ref="11021320810"/>
  <nd ref="11021320812"/>
  <nd ref="11021320813"/>
  <nd ref="6557785084"/>
  <nd ref="6557785083"/>
  <nd ref="6557785082"/>
  <nd ref="6557785081"/>
  <nd ref="6557785080"/>
  <nd ref="6557785079"/>
  <nd ref="6557785086"/>
  <tag k="name:en" v="Công ty Cổ phần Xây dựng Bảo tàng Hồ Chí Minh"/>
  <tag k="office" v="company"/>
 </way>
 <way id="698273229" visible="true" version="1" changeset="71403015" timestamp="2019-06-19T13:51:59Z" user="TuanIfan" uid="625303">
  <nd ref="6557785090"/>
  <nd ref="6557785089"/>
  <nd ref="6557785088"/>
  <nd ref="6557785087"/>
  <nd ref="6557785090"/>
  <tag k="building" v="yes"/>
 </way>
 <way id="698273230" visible="true" version="1" changeset="71403015" timestamp="2019-06-19T13:51:59Z" user="TuanIfan" uid="625303">
  <nd ref="6557785102"/>
  <nd ref="6557785101"/>
  <nd ref="6557785100"/>
  <nd ref="6557785099"/>
  <nd ref="6557785098"/>
  <nd ref="6557785097"/>
  <nd ref="6557785096"/>
  <nd ref="6557785095"/>
  <nd ref="6557785094"/>
  <nd ref="6557785093"/>
  <nd ref="6557785092"/>
  <nd ref="6557785091"/>
  <nd ref="6557785102"/>
  <tag k="building" v="yes"/>
 </way>
 <way id="698273231" visible="true" version="2" changeset="142217672" timestamp="2023-10-06T06:51:00Z" user="hieuvan" uid="2678766">
  <nd ref="6557785106"/>
  <nd ref="6557785105"/>
  <nd ref="6557785104"/>
  <nd ref="6557785103"/>
  <nd ref="6557785106"/>
  <tag k="building" v="yes"/>
 </way>
 <way id="698273232" visible="true" version="2" changeset="176789995" timestamp="2026-01-03T16:55:47Z" user="Hung Tran 9x0" uid="20910140">
  <nd ref="6557785118"/>
  <nd ref="6557785117"/>
  <nd ref="6557785116"/>
  <nd ref="6557785115"/>
  <nd ref="6557785114"/>
  <nd ref="6557785113"/>
  <nd ref="6557785112"/>
  <nd ref="6557785111"/>
  <nd ref="6557785110"/>
  <nd ref="6557785109"/>
  <nd ref="6557785108"/>
  <nd ref="6557785107"/>
  <nd ref="6557785118"/>
  <tag k="addr:housenumber" v="25A"/>
  <tag k="addr:street" v="Ngách 379/8 Phố Đội Cấn"/>
  <tag k="building" v="apartments"/>
  <tag k="name" v="Chung cư HCMCC 379 Đội Cấn"/>
 </way>
 <way id="698273233" visible="true" version="4" changeset="173416332" timestamp="2025-10-17T15:19:51Z" user="Hung159" uid="22065819">
  <nd ref="6557785122"/>
  <nd ref="10302026166"/>
  <nd ref="6557785121"/>
  <nd ref="6557785120"/>
  <nd ref="6557785119"/>
  <tag k="highway" v="service"/>
  <tag k="moped" v="yes"/>
  <tag k="motorcycle" v="yes"/>
  <tag k="motor_vehicle" v="no"/>
  <tag k="name" v="Ngõ 62 Đường Văn Cao"/>
  <tag k="service" v="alley"/>
 </way>
 <way id="698273240" visible="true" version="4" changeset="147412688" timestamp="2024-02-13T14:54:51Z" user="vietnam321" uid="11196308">
  <nd ref="6557785170"/>
  <nd ref="6557785169"/>
  <nd ref="6557785140"/>
  <nd ref="6557785139"/>
  <nd ref="6557785138"/>
  <nd ref="6557785137"/>
  <nd ref="6557785136"/>
  <nd ref="6557785135"/>
  <nd ref="6557785134"/>
  <nd ref="6557785133"/>
  <nd ref="6557785132"/>
  <nd ref="11359776156"/>
  <nd ref="6557785131"/>
  <nd ref="6557785130"/>
  <nd ref="11359776157"/>
  <nd ref="11359776158"/>
  <nd ref="11359776159"/>
  <nd ref="11359776162"/>
  <nd ref="11359776161"/>
  <nd ref="11359776160"/>
  <nd ref="6557785129"/>
  <nd ref="6557785128"/>
  <nd ref="11618836469"/>
  <nd ref="6557785127"/>
  <nd ref="6557785126"/>
  <nd ref="6557785125"/>
  <nd ref="6557785124"/>
  <nd ref="6557785170"/>
  <tag k="addr:city" v="Hà Nội"/>
  <tag k="addr:district" v="Ba Đình"/>
  <tag k="addr:housenumber" v="30"/>
  <tag k="addr:province" v="Hà Nội"/>
  <tag k="addr:street" v="Đường Văn Cao"/>
  <tag k="addr:subdistrict" v="Liễu Giai"/>
  <tag k="leisure" v="sports_centre"/>
  <tag k="name" v="Cung thể thao Quần Ngựa"/>
  <tag k="name:en" v="Quan Ngua Sports Complex"/>
 </way>
 <way id="702926084" visible="true" version="2" changeset="153050942" timestamp="2024-06-23T02:40:28Z" user="logus2" uid="21611817">
  <nd ref="2062618796"/>
  <nd ref="106099274"/>
  <tag k="highway" v="service"/>
  <tag k="name" v="Ngách 19/2 Liễu Giai"/>
  <tag k="service" v="alley"/>
  <tag k="surface" v="asphalt"/>
 </way>
 <way id="702926086" visible="true" version="5" changeset="153050942" timestamp="2024-06-23T02:40:28Z" user="logus2" uid="21611817">
  <nd ref="2062620786"/>
  <nd ref="2062622260"/>
  <nd ref="2062618263"/>
  <tag k="highway" v="service"/>
  <tag k="service" v="alley"/>
  <tag k="surface" v="asphalt"/>
 </way>
 <way id="702926939" visible="true" version="5" changeset="173416332" timestamp="2025-10-17T15:19:51Z" user="Hung159" uid="22065819">
  <nd ref="6603248987"/>
  <nd ref="6603248988"/>
  <tag k="highway" v="service"/>
  <tag k="name" v="Ngõ 27 Phố Vạn Bảo"/>
  <tag k="service" v="alley"/>
  <tag k="surface" v="concrete"/>
 </way>
 <way id="702929436" visible="true" version="6" changeset="173416332" timestamp="2025-10-17T15:19:51Z" user="Hung159" uid="22065819">
  <nd ref="2062830310"/>
  <nd ref="13080855555"/>
  <nd ref="445252455"/>
  <nd ref="13165329240"/>
  <nd ref="2062617983"/>
  <nd ref="5716626130"/>
  <nd ref="445252360"/>
  <tag k="highway" v="service"/>
  <tag k="name" v="Ngõ 260 Phố Đội Cấn"/>
  <tag k="service" v="alley"/>
  <tag k="surface" v="asphalt"/>
 </way>
 <way id="703103706" visible="true" version="5" changeset="170647726" timestamp="2025-08-19T04:34:12Z" user="Hung Tran 9x0" uid="20910140">
  <nd ref="2062830310"/>
  <nd ref="11998693814"/>
  <nd ref="2062830314"/>
  <tag k="highway" v="service"/>
  <tag k="moped" v="yes"/>
  <tag k="motorcycle" v="yes"/>
  <tag k="motor_vehicle" v="no"/>
  <tag k="service" v="alley"/>
  <tag k="surface" v="concrete"/>
 </way>
 <way id="703129552" visible="true" version="4" changeset="173416332" timestamp="2025-10-17T15:19:51Z" user="Hung159" uid="22065819">
  <nd ref="6603125168"/>
  <nd ref="6603125167"/>
  <tag k="bicycle" v="yes"/>
  <tag k="highway" v="service"/>
  <tag k="motorcycle" v="yes"/>
  <tag k="motor_vehicle" v="no"/>
  <tag k="name" v="Ngõ 19 Phố Vạn Bảo"/>
  <tag k="service" v="alley"/>
  <tag k="surface" v="concrete"/>
 </way>
 <way id="703129553" visible="true" version="5" changeset="173416332" timestamp="2025-10-17T15:19:51Z" user="Hung159" uid="22065819">
  <nd ref="6603125170"/>
  <nd ref="6603125169"/>
  <tag k="bicycle" v="yes"/>
  <tag k="highway" v="service"/>
  <tag k="motorcycle" v="yes"/>
  <tag k="motor_vehicle" v="no"/>
  <tag k="name" v="Ngõ 25 Phố Vạn Bảo"/>
  <tag k="service" v="alley"/>
  <tag k="surface" v="concrete"/>
 </way>
 <way id="703141277" visible="true" version="15" changeset="176487605" timestamp="2025-12-27T15:05:31Z" user="Ilovemap1999" uid="21198639">
  <nd ref="106098698"/>
  <nd ref="11760609271"/>
  <nd ref="6642019901"/>
  <tag k="highway" v="tertiary"/>
  <tag k="lanes" v="2"/>
  <tag k="lit" v="yes"/>
  <tag k="motor_vehicle:conditional" v="no @ (Aug 29 21:30-23:59; Aug 30 00:00-13:30; Sep 1 17:00-23:59; Sep 2 00:00-16:00)"/>
  <tag k="name" v="Phố Đội Cấn"/>
  <tag k="name:en" v="Doi Can Street"/>
  <tag k="name:id" v="Jalan Doi Can"/>
  <tag k="name:ja" v="ドイカン通り"/>
  <tag k="name:zh" v="队艮街"/>
  <tag k="oneway" v="no"/>
  <tag k="surface" v="asphalt"/>
 </way>
 <way id="703141278" visible="true" version="16" changeset="176487605" timestamp="2025-12-27T15:05:31Z" user="Ilovemap1999" uid="21198639">
  <nd ref="106094000"/>
  <nd ref="10302026140"/>
  <nd ref="2195289151"/>
  <nd ref="3382291976"/>
  <nd ref="5716626127"/>
  <nd ref="5716626143"/>
  <nd ref="445252529"/>
  <nd ref="2428074527"/>
  <nd ref="445252360"/>
  <nd ref="11041631529"/>
  <nd ref="6642019907"/>
  <nd ref="11041631532"/>
  <nd ref="6642019905"/>
  <nd ref="6603230806"/>
  <nd ref="6642019903"/>
  <nd ref="309818608"/>
  <tag k="highway" v="tertiary"/>
  <tag k="lanes" v="2"/>
  <tag k="lit" v="yes"/>
  <tag k="motor_vehicle:conditional" v="no @ (Aug 29 21:30-23:59; Aug 30 00:00-13:30; Sep 1 17:00-23:59; Sep 2 00:00-16:00)"/>
  <tag k="name" v="Phố Đội Cấn"/>
  <tag k="name:en" v="Doi Can Street"/>
  <tag k="name:id" v="Jalan Doi Can"/>
  <tag k="name:ja" v="ドイカン通り"/>
  <tag k="name:zh" v="队艮街"/>
  <tag k="oneway" v="no"/>
  <tag k="surface" v="asphalt"/>
 </way>
 <way id="703143071" visible="true" version="4" changeset="173416332" timestamp="2025-10-17T15:19:51Z" user="Hung159" uid="22065819">
  <nd ref="6603230806"/>
  <nd ref="11041631522"/>
  <nd ref="6603230805"/>
  <nd ref="11041631515"/>
  <nd ref="11041631516"/>
  <nd ref="11041631517"/>
  <nd ref="11041631518"/>
  <nd ref="11041631519"/>
  <nd ref="11041631520"/>
  <nd ref="5716625614"/>
  <tag k="highway" v="service"/>
  <tag k="name" v="Ngõ 341 Phố Đội Cấn"/>
  <tag k="service" v="alley"/>
 </way>
 <way id="704487135" visible="true" version="5" changeset="173416332" timestamp="2025-10-17T15:19:51Z" user="Hung159" uid="22065819">
  <nd ref="2062618485"/>
  <nd ref="10302026136"/>
  <nd ref="2062618520"/>
  <tag k="highway" v="residential"/>
  <tag k="name" v="Ngõ 7 Phố Liễu Giai"/>
  <tag k="surface" v="asphalt"/>
 </way>
 <way id="706823951" visible="true" version="1" changeset="72578415" timestamp="2019-07-23T23:49:44Z" user="nutchayahongvilai" uid="10028134">
  <nd ref="6641988479"/>
  <nd ref="6641988476"/>
  <nd ref="6641988478"/>
  <nd ref="6641988477"/>
  <tag k="highway" v="service"/>
  <tag k="service" v="parking_aisle"/>
  <tag k="surface" v="concrete"/>
 </way>
 <way id="706823956" visible="true" version="1" changeset="72578415" timestamp="2019-07-23T23:49:44Z" user="nutchayahongvilai" uid="10028134">
  <nd ref="6642019897"/>
  <nd ref="6642019895"/>
  <nd ref="6642019896"/>
  <tag k="highway" v="service"/>
  <tag k="surface" v="concrete"/>
 </way>
 <way id="706823957" visible="true" version="3" changeset="173416332" timestamp="2025-10-17T15:19:51Z" user="Hung159" uid="22065819">
  <nd ref="6642019899"/>
  <nd ref="6642019898"/>
  <tag k="bicycle" v="yes"/>
  <tag k="highway" v="service"/>
  <tag k="moped" v="yes"/>
  <tag k="motorcycle" v="yes"/>
  <tag k="motor_vehicle" v="no"/>
  <tag k="name" v="Ngõ 228 Phố Đội Cấn"/>
  <tag k="service" v="alley"/>
  <tag k="surface" v="paving_stones"/>
 </way>
 <way id="706823958" visible="true" version="4" changeset="173416332" timestamp="2025-10-17T15:19:51Z" user="Hung159" uid="22065819">
  <nd ref="6642019901"/>
  <nd ref="6642019900"/>
  <tag k="bicycle" v="yes"/>
  <tag k="fixme" v="street number"/>
  <tag k="highway" v="service"/>
  <tag k="moped" v="yes"/>
  <tag k="motorcycle" v="yes"/>
  <tag k="motor_vehicle" v="no"/>
  <tag k="name" v="Ngô 244 Phố Đội Cấn"/>
  <tag k="note" v="not sure if it could be Ngô 244 or 246. please fix if you can see."/>
  <tag k="service" v="alley"/>
  <tag k="surface" v="paving_stones"/>
 </way>
 <way id="706823959" visible="true" version="5" changeset="172347026" timestamp="2025-09-23T14:15:15Z" user="Hung Tran 9x0" uid="20910140">
  <nd ref="6642019903"/>
  <nd ref="6644148836"/>
  <nd ref="6642019902"/>
  <nd ref="8816540874"/>
  <nd ref="8816540873"/>
  <nd ref="8816540872"/>
  <nd ref="8816540871"/>
  <tag k="highway" v="service"/>
  <tag k="service" v="alley"/>
  <tag k="surface" v="concrete"/>
 </way>
 <way id="706823960" visible="true" version="2" changeset="153050942" timestamp="2024-06-23T02:40:28Z" user="logus2" uid="21611817">
  <nd ref="6642019905"/>
  <nd ref="6642019904"/>
  <tag k="highway" v="service"/>
  <tag k="service" v="alley"/>
  <tag k="surface" v="asphalt"/>
 </way>
 <way id="706823961" visible="true" version="1" changeset="72578415" timestamp="2019-07-23T23:49:44Z" user="nutchayahongvilai" uid="10028134">
  <nd ref="6642019907"/>
  <nd ref="6642019906"/>
  <tag k="highway" v="service"/>
  <tag k="surface" v="concrete"/>
 </way>
 <way id="832454998" visible="true" version="4" changeset="169759667" timestamp="2025-07-31T09:32:08Z" user="Trần Thanh Tuấn" uid="16014056">
  <nd ref="106095678"/>
  <nd ref="7771969339"/>
  <nd ref="7771967154"/>
  <tag k="boundary" v="administrative"/>
 </way>
 <way id="892981888" visible="true" version="2" changeset="153050942" timestamp="2024-06-23T02:40:28Z" user="logus2" uid="21611817">
  <nd ref="8299505952"/>
  <nd ref="8299505951"/>
  <tag k="highway" v="service"/>
  <tag k="motorcar" v="no"/>
  <tag k="motorcycle" v="yes"/>
  <tag k="service" v="alley"/>
 </way>
 <way id="892981891" visible="true" version="5" changeset="176888592" timestamp="2026-01-06T06:05:10Z" user="GrabVN_HHanh" uid="21825758">
  <nd ref="5716479699"/>
  <nd ref="13428888279"/>
  <nd ref="8299505982"/>
  <nd ref="8299505981"/>
  <nd ref="8299505963"/>
  <nd ref="11242922594"/>
  <nd ref="8299505962"/>
  <nd ref="8299505961"/>
  <nd ref="8299505956"/>
  <tag k="highway" v="service"/>
  <tag k="name" v="Ngõ 381 Phố Đội Cấn"/>
  <tag k="service" v="alley"/>
 </way>
 <way id="892981893" visible="true" version="3" changeset="176789995" timestamp="2026-01-03T16:55:47Z" user="Hung Tran 9x0" uid="20910140">
  <nd ref="8299505970"/>
  <nd ref="8299505969"/>
  <nd ref="8299505968"/>
  <nd ref="13428888252"/>
  <nd ref="13428888253"/>
  <tag k="highway" v="service"/>
  <tag k="motorcar" v="no"/>
  <tag k="motorcycle" v="yes"/>
  <tag k="service" v="alley"/>
 </way>
 <way id="892981894" visible="true" version="3" changeset="176789995" timestamp="2026-01-03T16:55:47Z" user="Hung Tran 9x0" uid="20910140">
  <nd ref="8299505971"/>
  <nd ref="8299505972"/>
  <nd ref="13428888276"/>
  <nd ref="13428888277"/>
  <nd ref="5709910400"/>
  <tag k="highway" v="service"/>
  <tag k="motorcar" v="no"/>
  <tag k="motorcycle" v="yes"/>
  <tag k="name" v="Hẻm 379/8/23 Phố Đội Cấn"/>
  <tag k="service" v="alley"/>
 </way>
 <way id="892981895" visible="true" version="3" changeset="176789995" timestamp="2026-01-03T16:55:47Z" user="Hung Tran 9x0" uid="20910140">
  <nd ref="5709910404"/>
  <nd ref="13428888235"/>
  <nd ref="8299505970"/>
  <tag k="highway" v="service"/>
  <tag k="motorcar" v="no"/>
  <tag k="motorcycle" v="yes"/>
  <tag k="name" v="Ngách 379/36 Phố Đội Cấn"/>
  <tag k="service" v="alley"/>
 </way>
 <way id="892981897" visible="true" version="2" changeset="153050942" timestamp="2024-06-23T02:40:28Z" user="logus2" uid="21611817">
  <nd ref="2657122066"/>
  <nd ref="8299505986"/>
  <nd ref="8299505985"/>
  <tag k="highway" v="service"/>
  <tag k="motorcar" v="no"/>
  <tag k="motorcycle" v="yes"/>
  <tag k="service" v="alley"/>
 </way>
 <way id="892981898" visible="true" version="2" changeset="153050942" timestamp="2024-06-23T02:40:28Z" user="logus2" uid="21611817">
  <nd ref="8299505988"/>
  <nd ref="8299505987"/>
  <tag k="highway" v="service"/>
  <tag k="motorcar" v="no"/>
  <tag k="motorcycle" v="yes"/>
  <tag k="service" v="alley"/>
 </way>
 <way id="892981899" visible="true" version="2" changeset="146124734" timestamp="2024-01-11T02:15:18Z" user="Grab_Cong" uid="18820325">
  <nd ref="8299505990"/>
  <nd ref="8299505989"/>
  <tag k="highway" v="service"/>
  <tag k="motorcar" v="destination"/>
  <tag k="service" v="alley"/>
 </way>
 <way id="892981900" visible="true" version="3" changeset="146124734" timestamp="2024-01-11T02:15:18Z" user="Grab_Cong" uid="18820325">
  <nd ref="11507238421"/>
  <nd ref="8299505989"/>
  <nd ref="3382291961"/>
  <nd ref="8299505993"/>
  <nd ref="2922908952"/>
  <nd ref="8299505992"/>
  <nd ref="8299505990"/>
  <nd ref="8299505988"/>
  <nd ref="2657122067"/>
  <nd ref="3382291951"/>
  <tag k="highway" v="service"/>
  <tag k="motorcar" v="destination"/>
  <tag k="service" v="alley"/>
 </way>
 <way id="897495283" visible="true" version="4" changeset="153050705" timestamp="2024-06-23T02:13:13Z" user="logus2" uid="21611817">
  <nd ref="8341563839"/>
  <nd ref="11043472031"/>
  <nd ref="8341563838"/>
  <nd ref="11043472036"/>
  <nd ref="8341563837"/>
  <nd ref="8341563836"/>
  <nd ref="8341563835"/>
  <nd ref="10965108345"/>
  <tag k="highway" v="service"/>
  <tag k="service" v="alley"/>
 </way>
 <way id="940717131" visible="true" version="1" changeset="104365129" timestamp="2021-05-08T13:17:34Z" user="vietnam321" uid="11196308">
  <nd ref="8712171666"/>
  <nd ref="8712171646"/>
  <nd ref="8712159401"/>
  <nd ref="8712171625"/>
  <nd ref="8712171666"/>
  <tag k="building" v="hospital"/>
 </way>
 <way id="940892140" visible="true" version="5" changeset="149139478" timestamp="2024-03-25T16:34:59Z" user="openmap-vn" uid="21213273">
  <nd ref="6642019895"/>
  <nd ref="11761590222"/>
  <nd ref="11761590219"/>
  <nd ref="6644148835"/>
  <nd ref="8713712538"/>
  <nd ref="11761590214"/>
  <nd ref="11761590213"/>
  <nd ref="11372970259"/>
  <nd ref="11761590211"/>
  <nd ref="11761590212"/>
  <nd ref="8713712532"/>
  <nd ref="8713639698"/>
  <nd ref="8713639657"/>
  <nd ref="8713639692"/>
  <nd ref="8816294568"/>
  <nd ref="8713639715"/>
  <nd ref="8713712542"/>
  <nd ref="8713639710"/>
  <nd ref="8713712535"/>
  <nd ref="8713639704"/>
  <nd ref="8713639663"/>
  <nd ref="6642019895"/>
  <tag k="landuse" v="commercial"/>
  <tag k="name" v="Nhà khách La Thành"/>
  <tag k="tourism" v="guest_house"/>
 </way>
 <way id="952579849" visible="true" version="3" changeset="153050705" timestamp="2024-06-23T02:13:13Z" user="logus2" uid="21611817">
  <nd ref="8816689052"/>
  <nd ref="8816689050"/>
  <tag k="highway" v="service"/>
  <tag k="service" v="alley"/>
 </way>
 <way id="966146649" visible="true" version="8" changeset="173416332" timestamp="2025-10-17T15:19:51Z" user="Hung159" uid="22065819">
  <nd ref="3382291952"/>
  <nd ref="10302026170"/>
  <nd ref="3382291950"/>
  <nd ref="12009448130"/>
  <nd ref="445252512"/>
  <nd ref="8299505951"/>
  <nd ref="8299505994"/>
  <tag k="highway" v="service"/>
  <tag k="motorcar" v="destination"/>
  <tag k="name" v="Ngõ 97 Đường Văn Cao"/>
  <tag k="service" v="alley"/>
 </way>
 <way id="966146650" visible="true" version="2" changeset="146124734" timestamp="2024-01-11T02:15:18Z" user="Grab_Cong" uid="18820325">
  <nd ref="3382291961"/>
  <nd ref="8938435120"/>
  <nd ref="8938435121"/>
  <nd ref="3382291959"/>
  <tag k="highway" v="service"/>
  <tag k="motorcar" v="destination"/>
  <tag k="service" v="alley"/>
 </way>
 <way id="966146651" visible="true" version="6" changeset="154163862" timestamp="2024-07-20T02:54:42Z" user="logus2" uid="21611817">
  <nd ref="3382291951"/>
  <nd ref="11998693829"/>
  <nd ref="11507238421"/>
  <nd ref="8299505994"/>
  <tag k="highway" v="service"/>
  <tag k="motorcar" v="destination"/>
  <tag k="service" v="alley"/>
 </way>
 <way id="1005907297" visible="true" version="1" changeset="114189199" timestamp="2021-11-24T16:33:59Z" user="GrabVN_Ánh Linh Lê" uid="13749044">
  <nd ref="5716626126"/>
  <nd ref="5716626127"/>
  <tag k="highway" v="service"/>
  <tag k="surface" v="concrete"/>
 </way>
 <way id="1015725827" visible="true" version="4" changeset="132433590" timestamp="2023-02-12T07:50:02Z" user="Mapping_95" uid="10498092">
  <nd ref="9369037257"/>
  <nd ref="9369037258"/>
  <nd ref="9369037259"/>
  <nd ref="9369037260"/>
  <nd ref="9369037257"/>
  <tag k="addr:city" v="Hà Nội"/>
  <tag k="addr:district" v="Ba Đình"/>
  <tag k="addr:housenumber" v="38"/>
  <tag k="addr:postcode" v="100000"/>
  <tag k="addr:province" v="Hà Nội"/>
  <tag k="addr:street" v="Phố Liễu Giai"/>
  <tag k="addr:subdistrict" v="Cống Vị"/>
  <tag k="building" v="yes"/>
 </way>
 <way id="1016426033" visible="true" version="1" changeset="115494425" timestamp="2021-12-29T01:09:22Z" user="vietnam321" uid="11196308">
  <nd ref="9374853636"/>
  <nd ref="9374853777"/>
  <nd ref="9374853740"/>
  <nd ref="9374853728"/>
  <nd ref="9374853779"/>
  <nd ref="9374853681"/>
  <nd ref="9374853680"/>
  <nd ref="9374853771"/>
  <nd ref="9374853801"/>
  <nd ref="9374853652"/>
  <nd ref="9374853694"/>
  <nd ref="9374853756"/>
  <nd ref="9374853737"/>
  <nd ref="9374853772"/>
  <nd ref="9374853746"/>
  <nd ref="9374853687"/>
  <nd ref="9374853617"/>
  <nd ref="9374853677"/>
  <nd ref="9374853644"/>
  <nd ref="9374853636"/>
  <tag k="building" v="yes"/>
 </way>
 <way id="1016426035" visible="true" version="2" changeset="153050705" timestamp="2024-06-23T02:13:13Z" user="logus2" uid="21611817">
  <nd ref="9374853686"/>
  <nd ref="9374853630"/>
  <nd ref="9374853627"/>
  <nd ref="9374853705"/>
  <tag k="highway" v="service"/>
  <tag k="service" v="alley"/>
 </way>
 <way id="1016426037" visible="true" version="2" changeset="146323663" timestamp="2024-01-16T13:19:05Z" user="user_20566936" uid="20566936">
  <nd ref="9374853651"/>
  <nd ref="9374853785"/>
  <nd ref="9374853684"/>
  <nd ref="9374853790"/>
  <nd ref="9374853778"/>
  <nd ref="9374853706"/>
  <nd ref="9374853747"/>
  <nd ref="9374853698"/>
  <nd ref="9374853625"/>
  <nd ref="9374853650"/>
  <nd ref="9374853622"/>
  <nd ref="9374853651"/>
  <tag k="addr:city" v="Hà Nội"/>
  <tag k="addr:district" v="Ba Đình"/>
  <tag k="addr:housenumber" v="34"/>
  <tag k="addr:street" v="Phố Phan Kế Bính"/>
  <tag k="addr:subdistrict" v="Cống Vị"/>
  <tag k="landuse" v="commercial"/>
  <tag k="name" v="Trung tâm Lưu trữ Quốc gia III"/>
  <tag k="name:en" v="National Archives Center 3"/>
  <tag k="office" v="government"/>
 </way>
 <way id="1016426039" visible="true" version="1" changeset="115494425" timestamp="2021-12-29T01:09:22Z" user="vietnam321" uid="11196308">
  <nd ref="9374813801"/>
  <nd ref="9374853651"/>
  <nd ref="9374853622"/>
  <nd ref="9374853650"/>
  <nd ref="9374813801"/>
  <tag k="building" v="yes"/>
 </way>
 <way id="1016426040" visible="true" version="1" changeset="115494425" timestamp="2021-12-29T01:09:22Z" user="vietnam321" uid="11196308">
  <nd ref="9374853640"/>
  <nd ref="9374853726"/>
  <nd ref="9374813811"/>
  <nd ref="9374813803"/>
  <nd ref="9374853802"/>
  <nd ref="9374853668"/>
  <nd ref="9374853750"/>
  <nd ref="9374853691"/>
  <nd ref="9374853628"/>
  <nd ref="9374853794"/>
  <nd ref="9374853633"/>
  <nd ref="9374853720"/>
  <nd ref="9374853640"/>
  <tag k="building" v="yes"/>
 </way>
 <way id="1016426046" visible="true" version="2" changeset="153050705" timestamp="2024-06-23T02:13:13Z" user="logus2" uid="21611817">
  <nd ref="9374853627"/>
  <nd ref="5716548965"/>
  <nd ref="5485848443"/>
  <nd ref="5485848444"/>
  <nd ref="5716548967"/>
  <nd ref="9374813809"/>
  <tag k="highway" v="service"/>
  <tag k="service" v="alley"/>
  <tag k="source" v="grab_hanoi_2018_t2"/>
 </way>
 <way id="1021370767" visible="true" version="1" changeset="116177107" timestamp="2022-01-15T10:25:13Z" user="vietnam321" uid="11196308">
  <nd ref="2428074176"/>
  <nd ref="2428074171"/>
  <nd ref="2428074138"/>
  <nd ref="2428074134"/>
  <nd ref="2428074110"/>
  <nd ref="2428074108"/>
  <nd ref="2428074095"/>
  <nd ref="2428074100"/>
  <nd ref="9420107250"/>
  <nd ref="2428074113"/>
  <nd ref="2428074176"/>
  <tag k="building" v="yes"/>
 </way>
 <way id="1074074667" visible="true" version="1" changeset="122933665" timestamp="2022-06-28T02:43:00Z" user="vietnam321" uid="11196308">
  <nd ref="9852139010"/>
  <nd ref="9852139011"/>
  <nd ref="9852139012"/>
  <nd ref="9852139013"/>
  <nd ref="9852139014"/>
  <nd ref="9852139015"/>
  <nd ref="9852139016"/>
  <nd ref="9852140017"/>
  <nd ref="9852140018"/>
  <nd ref="9852140019"/>
  <nd ref="9852140020"/>
  <nd ref="9852140021"/>
  <nd ref="9852139010"/>
  <tag k="building" v="yes"/>
 </way>
 <way id="1074074671" visible="true" version="1" changeset="122933665" timestamp="2022-06-28T02:43:00Z" user="vietnam321" uid="11196308">
  <nd ref="9852140045"/>
  <nd ref="9852140046"/>
  <nd ref="9852140052"/>
  <nd ref="9852140047"/>
  <nd ref="9852140048"/>
  <nd ref="9852140049"/>
  <nd ref="9852140050"/>
  <nd ref="9852140051"/>
  <nd ref="9852140045"/>
  <tag k="building" v="yes"/>
 </way>
 <way id="1074074672" visible="true" version="2" changeset="165540642" timestamp="2025-04-28T09:39:09Z" user="vietnam321" uid="11196308">
  <nd ref="9852140053"/>
  <nd ref="9852140054"/>
  <nd ref="9852140060"/>
  <nd ref="9852140055"/>
  <nd ref="9852140056"/>
  <nd ref="9852140057"/>
  <nd ref="9852140058"/>
  <nd ref="9852140059"/>
  <nd ref="9852140053"/>
  <tag k="addr:housenumber" v="8"/>
  <tag k="addr:street" v="Phố Kim Mã Thượng"/>
  <tag k="building" v="yes"/>
  <tag k="government" v="treasury"/>
  <tag k="name" v="Phòng Giao dịch số 1 - Kho bạc Nhà nước khu vực I"/>
  <tag k="office" v="government"/>
 </way>
 <way id="1074074673" visible="true" version="1" changeset="122933665" timestamp="2022-06-28T02:43:00Z" user="vietnam321" uid="11196308">
  <nd ref="9852140061"/>
  <nd ref="9852140062"/>
  <nd ref="9852140063"/>
  <nd ref="9852140065"/>
  <nd ref="9852140066"/>
  <nd ref="9852140067"/>
  <nd ref="9852140068"/>
  <nd ref="9852140064"/>
  <nd ref="9852140061"/>
  <tag k="building" v="yes"/>
  <tag k="name" v="Liễu Giai Tower"/>
 </way>
 <way id="1074074674" visible="true" version="2" changeset="176949367" timestamp="2026-01-07T15:24:43Z" user="Hung Tran 9x0" uid="20910140">
  <nd ref="9852140069"/>
  <nd ref="9852140070"/>
  <nd ref="9852140071"/>
  <nd ref="9852140072"/>
  <nd ref="9852140073"/>
  <nd ref="9852140074"/>
  <nd ref="9852140075"/>
  <nd ref="9852140076"/>
  <nd ref="9852140077"/>
  <nd ref="9852140078"/>
  <nd ref="9852140079"/>
  <nd ref="9852140080"/>
  <nd ref="9852140069"/>
  <tag k="addr:housenumber" v="8"/>
  <tag k="addr:street" v="Ngõ 35 Phố Kim Mã Thượng"/>
  <tag k="building" v="yes"/>
  <tag k="name" v="Nhà công vụ Ban quản lý Lăng Chủ tịch Hồ Chí Minh"/>
 </way>
 <way id="1074074675" visible="true" version="1" changeset="122933665" timestamp="2022-06-28T02:43:00Z" user="vietnam321" uid="11196308">
  <nd ref="9852140081"/>
  <nd ref="9852140082"/>
  <nd ref="9852140083"/>
  <nd ref="9852140084"/>
  <nd ref="9852140085"/>
  <nd ref="9852140086"/>
  <nd ref="9852140081"/>
  <tag k="building" v="yes"/>
 </way>
 <way id="1074074676" visible="true" version="1" changeset="122933665" timestamp="2022-06-28T02:43:00Z" user="vietnam321" uid="11196308">
  <nd ref="9852140087"/>
  <nd ref="9852140088"/>
  <nd ref="9852140089"/>
  <nd ref="9852140090"/>
  <nd ref="9852140087"/>
  <tag k="building" v="yes"/>
 </way>
 <way id="1126640629" visible="true" version="3" changeset="169146733" timestamp="2025-07-19T11:04:29Z" user="Hung Tran 9x0" uid="20910140">
  <nd ref="6602972579"/>
  <nd ref="10301988108"/>
  <nd ref="10302026114"/>
  <nd ref="10302026115"/>
  <nd ref="6601147170"/>
  <nd ref="10302026116"/>
  <nd ref="10302026117"/>
  <nd ref="10302026109"/>
  <nd ref="10302026110"/>
  <nd ref="10302026111"/>
  <nd ref="10302026112"/>
  <nd ref="10302026113"/>
  <tag k="footway" v="sidewalk"/>
  <tag k="highway" v="footway"/>
  <tag k="lit" v="yes"/>
  <tag k="surface" v="paving_stones"/>
 </way>
 <way id="1126640630" visible="true" version="2" changeset="152745823" timestamp="2024-06-16T05:59:11Z" user="Equate" uid="12945167">
  <nd ref="6602972580"/>
  <nd ref="10302026118"/>
  <nd ref="10302026119"/>
  <nd ref="10302026120"/>
  <nd ref="10302026121"/>
  <nd ref="10302026122"/>
  <nd ref="10302026134"/>
  <nd ref="10302026135"/>
  <nd ref="10302026136"/>
  <nd ref="10302026137"/>
  <nd ref="10302026124"/>
  <nd ref="10302026138"/>
  <nd ref="10302026125"/>
  <nd ref="10302026126"/>
  <nd ref="10302026127"/>
  <nd ref="10302026128"/>
  <nd ref="10302026129"/>
  <tag k="footway" v="sidewalk"/>
  <tag k="highway" v="footway"/>
  <tag k="lit" v="yes"/>
 </way>
 <way id="1126640631" visible="true" version="1" changeset="130815883" timestamp="2023-01-03T08:25:40Z" user="ItsLouisAnderson" uid="11691953">
  <nd ref="10302026110"/>
  <nd ref="5716548950"/>
  <nd ref="10302026130"/>
  <nd ref="10302026131"/>
  <nd ref="10302026129"/>
  <tag k="crossing" v="traffic_signals"/>
  <tag k="crossing:markings" v="zebra"/>
  <tag k="footway" v="crossing"/>
  <tag k="highway" v="footway"/>
 </way>
 <way id="1126640632" visible="true" version="1" changeset="130815883" timestamp="2023-01-03T08:25:40Z" user="ItsLouisAnderson" uid="11691953">
  <nd ref="10302026113"/>
  <nd ref="10302026133"/>
  <nd ref="10302026132"/>
  <tag k="crossing" v="traffic_signals"/>
  <tag k="crossing:markings" v="zebra"/>
  <tag k="footway" v="crossing"/>
  <tag k="highway" v="footway"/>
 </way>
 <way id="1126640633" visible="true" version="1" changeset="130815883" timestamp="2023-01-03T08:25:40Z" user="ItsLouisAnderson" uid="11691953">
  <nd ref="10302026129"/>
  <nd ref="10302026140"/>
  <nd ref="10302026139"/>
  <tag k="crossing" v="traffic_signals"/>
  <tag k="crossing:markings" v="zebra"/>
  <tag k="footway" v="crossing"/>
  <tag k="highway" v="footway"/>
 </way>
 <way id="1126640634" visible="true" version="2" changeset="132433590" timestamp="2023-02-12T07:50:02Z" user="Mapping_95" uid="10498092">
  <nd ref="10651129991"/>
  <nd ref="10302026141"/>
  <nd ref="10302026142"/>
  <nd ref="10302026139"/>
  <tag k="crossing" v="traffic_signals"/>
  <tag k="crossing:markings" v="zebra"/>
  <tag k="footway" v="crossing"/>
  <tag k="highway" v="footway"/>
 </way>
 <way id="1126640635" visible="true" version="3" changeset="169849969" timestamp="2025-08-02T07:46:13Z" user="Tewuzij" uid="16194143">
  <nd ref="10302026143"/>
  <nd ref="10302026144"/>
  <nd ref="10302026145"/>
  <nd ref="10302026146"/>
  <nd ref="10302026168"/>
  <nd ref="10302026149"/>
  <nd ref="10302026147"/>
  <nd ref="10302026169"/>
  <nd ref="10302026193"/>
  <nd ref="10302026148"/>
  <nd ref="10302026170"/>
  <nd ref="10302026171"/>
  <nd ref="10302026172"/>
  <nd ref="13042554665"/>
  <nd ref="10302026173"/>
  <nd ref="10302026162"/>
  <nd ref="10302026174"/>
  <nd ref="10302026175"/>
  <nd ref="10302026189"/>
  <nd ref="10302026176"/>
  <nd ref="10302026177"/>
  <nd ref="10302026163"/>
  <nd ref="10302026180"/>
  <nd ref="10302026183"/>
  <nd ref="10302026181"/>
  <nd ref="10302026184"/>
  <nd ref="13042554664"/>
  <nd ref="10302026182"/>
  <tag k="footway" v="sidewalk"/>
  <tag k="highway" v="footway"/>
  <tag k="lit" v="yes"/>
 </way>
 <way id="1126640636" visible="true" version="1" changeset="130815883" timestamp="2023-01-03T08:25:40Z" user="ItsLouisAnderson" uid="11691953">
  <nd ref="10302026139"/>
  <nd ref="10302026150"/>
  <nd ref="10302026143"/>
  <tag k="crossing" v="uncontrolled"/>
  <tag k="crossing:markings" v="zebra"/>
  <tag k="footway" v="crossing"/>
  <tag k="highway" v="footway"/>
 </way>
 <way id="1126640637" visible="true" version="2" changeset="132433590" timestamp="2023-02-12T07:50:02Z" user="Mapping_95" uid="10498092">
  <nd ref="10651129983"/>
  <nd ref="10651129992"/>
  <nd ref="10651129987"/>
  <nd ref="10651129986"/>
  <nd ref="10302026153"/>
  <nd ref="10651129985"/>
  <nd ref="10651129988"/>
  <nd ref="10651129984"/>
  <nd ref="10651129989"/>
  <nd ref="10302026132"/>
  <nd ref="10651129982"/>
  <nd ref="10651129991"/>
  <nd ref="10651129983"/>
  <tag k="footway" v="sidewalk"/>
  <tag k="highway" v="footway"/>
 </way>
 <way id="1126640638" visible="true" version="1" changeset="130815883" timestamp="2023-01-03T08:25:40Z" user="ItsLouisAnderson" uid="11691953">
  <nd ref="10302026153"/>
  <nd ref="10302026155"/>
  <nd ref="10302026154"/>
  <tag k="crossing" v="uncontrolled"/>
  <tag k="crossing:markings" v="zebra"/>
  <tag k="footway" v="crossing"/>
  <tag k="highway" v="footway"/>
 </way>
 <way id="1126640639" visible="true" version="3" changeset="176789995" timestamp="2026-01-03T16:55:47Z" user="Hung Tran 9x0" uid="20910140">
  <nd ref="10302026154"/>
  <nd ref="10302026156"/>
  <nd ref="10302026157"/>
  <nd ref="10302026158"/>
  <nd ref="13428888264"/>
  <nd ref="10302026165"/>
  <nd ref="10302026159"/>
  <nd ref="10302026166"/>
  <nd ref="10302026192"/>
  <nd ref="10302026160"/>
  <nd ref="10302026161"/>
  <nd ref="10302026167"/>
  <nd ref="10302026188"/>
  <nd ref="10302026164"/>
  <tag k="footway" v="sidewalk"/>
  <tag k="highway" v="footway"/>
  <tag k="lit" v="yes"/>
 </way>
 <way id="1126640643" visible="true" version="3" changeset="152745823" timestamp="2024-06-16T05:59:52Z" user="Equate" uid="12945167">
  <nd ref="10302026192"/>
  <nd ref="10302026194"/>
  <nd ref="10302026195"/>
  <nd ref="10302026193"/>
  <tag k="crossing" v="uncontrolled"/>
  <tag k="crossing:markings" v="zebra"/>
  <tag k="footway" v="crossing"/>
  <tag k="highway" v="footway"/>
  <tag k="lit" v="yes"/>
  <tag k="surface" v="asphalt"/>
 </way>
 <way id="1126716237" visible="true" version="1" changeset="130833401" timestamp="2023-01-03T16:14:37Z" user="ItsLouisAnderson" uid="11691953">
  <nd ref="10302642594"/>
  <nd ref="10302642595"/>
  <tag k="denotation" v="avenue"/>
  <tag k="natural" v="tree_row"/>
 </way>
 <way id="1126716238" visible="true" version="1" changeset="130833401" timestamp="2023-01-03T16:14:37Z" user="ItsLouisAnderson" uid="11691953">
  <nd ref="10302642596"/>
  <nd ref="10302642597"/>
  <tag k="denotation" v="avenue"/>
  <tag k="natural" v="tree_row"/>
 </way>
 <way id="1126716239" visible="true" version="2" changeset="152690481" timestamp="2024-06-14T17:20:22Z" user="Equate" uid="12945167">
  <nd ref="10302642598"/>
  <nd ref="10302642599"/>
  <tag k="denotation" v="avenue"/>
  <tag k="leaf_type" v="mixed"/>
  <tag k="natural" v="tree_row"/>
 </way>
 <way id="1126716240" visible="true" version="2" changeset="152690481" timestamp="2024-06-14T17:20:31Z" user="Equate" uid="12945167">
  <nd ref="10302642600"/>
  <nd ref="10302642601"/>
  <tag k="denotation" v="avenue"/>
  <tag k="leaf_type" v="mixed"/>
  <tag k="natural" v="tree_row"/>
 </way>
 <way id="1186653123" visible="true" version="4" changeset="176789995" timestamp="2026-01-03T16:55:47Z" user="Hung Tran 9x0" uid="20910140">
  <nd ref="5709910413"/>
  <nd ref="5709910412"/>
  <nd ref="5709910406"/>
  <nd ref="5709910405"/>
  <nd ref="13428888274"/>
  <nd ref="13428888278"/>
  <nd ref="13428888237"/>
  <nd ref="8299505973"/>
  <tag k="highway" v="service"/>
  <tag k="name" v="Ngõ 379 Phố Đội Cấn"/>
  <tag k="service" v="alley"/>
 </way>
 <way id="1186653124" visible="true" version="1" changeset="138044685" timestamp="2023-07-03T02:47:32Z" user="vietnam321" uid="11196308">
  <nd ref="11021320814"/>
  <nd ref="11021320815"/>
  <nd ref="11021320816"/>
  <nd ref="11021320817"/>
  <nd ref="11021320818"/>
  <nd ref="11021320819"/>
  <nd ref="11021320820"/>
  <nd ref="11021320821"/>
  <nd ref="11021320822"/>
  <nd ref="11021320823"/>
  <nd ref="11021320814"/>
  <tag k="building" v="yes"/>
 </way>
 <way id="1186653125" visible="true" version="2" changeset="169943155" timestamp="2025-08-04T09:24:40Z" user="Tewuzij" uid="16194143">
  <nd ref="11021320812"/>
  <nd ref="11021320824"/>
  <nd ref="11021320825"/>
  <nd ref="6557785085"/>
  <nd ref="11021320811"/>
  <nd ref="11021320810"/>
  <nd ref="11021320812"/>
  <tag k="addr:housenumber" v="7"/>
  <tag k="addr:street" v="Ngõ 379 Đội Cấn"/>
  <tag k="amenity" v="kindergarten"/>
  <tag k="education" v="kindergarten"/>
  <tag k="name" v="Trường Mẫu giáo số 9"/>
 </way>
 <way id="1187521540" visible="true" version="1" changeset="138129649" timestamp="2023-07-05T04:37:09Z" user="Arkskyle" uid="17344224">
  <nd ref="2175083039"/>
  <nd ref="11027079212"/>
  <nd ref="11027079213"/>
  <tag k="highway" v="service"/>
  <tag k="name" v="Ngõ 127 Văn Cao"/>
  <tag k="service" v="alley"/>
 </way>
 <way id="1187521541" visible="true" version="2" changeset="173416332" timestamp="2025-10-17T15:19:51Z" user="Hung159" uid="22065819">
  <nd ref="11027079215"/>
  <nd ref="11027079216"/>
  <nd ref="11027079217"/>
  <tag k="highway" v="service"/>
  <tag k="name" v="Ngách 127/56 Đường Văn Cao"/>
  <tag k="service" v="alley"/>
 </way>
 <way id="1189077989" visible="true" version="1" changeset="138404294" timestamp="2023-07-12T04:56:33Z" user="Grab_Cong" uid="18820325">
  <nd ref="5716625614"/>
  <nd ref="11041631521"/>
  <tag k="highway" v="service"/>
 </way>
 <way id="1189077990" visible="true" version="2" changeset="154163300" timestamp="2024-07-20T01:48:17Z" user="logus2" uid="21611817">
  <nd ref="11041631522"/>
  <nd ref="11041631523"/>
  <nd ref="11041631524"/>
  <nd ref="11041631525"/>
  <nd ref="11041631526"/>
  <tag k="highway" v="service"/>
  <tag k="service" v="alley"/>
 </way>
 <way id="1189077991" visible="true" version="2" changeset="154163300" timestamp="2024-07-20T01:48:17Z" user="logus2" uid="21611817">
  <nd ref="11041631528"/>
  <nd ref="11041631531"/>
  <nd ref="11041631530"/>
  <tag k="highway" v="service"/>
  <tag k="service" v="alley"/>
 </way>
 <way id="1189077992" visible="true" version="1" changeset="138404294" timestamp="2023-07-12T04:56:33Z" user="Grab_Cong" uid="18820325">
  <nd ref="11041631531"/>
  <nd ref="11041631532"/>
  <tag k="highway" v="service"/>
 </way>
 <way id="1189309126" visible="true" version="3" changeset="168750786" timestamp="2025-07-10T16:04:12Z" user="Hung Tran 9x0" uid="20910140">
  <nd ref="11043454102"/>
  <nd ref="11043454103"/>
  <nd ref="11043454104"/>
  <nd ref="11043472005"/>
  <nd ref="12992646107"/>
  <tag k="highway" v="service"/>
  <tag k="name" v="Ngách 10/16 Phố Kim Mã Thượng"/>
  <tag k="service" v="alley"/>
 </way>
 <way id="1189309127" visible="true" version="1" changeset="138448935" timestamp="2023-07-13T06:43:17Z" user="GrabVN_Ngaan" uid="14519322">
  <nd ref="11043472015"/>
  <nd ref="11043472016"/>
  <nd ref="11043472017"/>
  <nd ref="11043472018"/>
  <tag k="highway" v="service"/>
  <tag k="service" v="alley"/>
 </way>
 <way id="1189309128" visible="true" version="2" changeset="168750786" timestamp="2025-07-10T16:04:12Z" user="Hung Tran 9x0" uid="20910140">
  <nd ref="5716479692"/>
  <nd ref="5716479691"/>
  <nd ref="12992646110"/>
  <nd ref="12992646112"/>
  <nd ref="5716479690"/>
  <nd ref="12992646111"/>
  <nd ref="12992646109"/>
  <nd ref="5716479689"/>
  <nd ref="5716479688"/>
  <nd ref="5716479695"/>
  <nd ref="11043472014"/>
  <nd ref="11043472015"/>
  <nd ref="11043472013"/>
  <nd ref="11043472012"/>
  <nd ref="11043472011"/>
  <nd ref="11043472010"/>
  <nd ref="12992646108"/>
  <tag k="highway" v="service"/>
  <tag k="moped" v="yes"/>
  <tag k="motorcar" v="destination"/>
  <tag k="name" v="Ngách 294/8 Phố Đội Cấn"/>
  <tag k="service" v="alley"/>
 </way>
 <way id="1189309129" visible="true" version="4" changeset="173416332" timestamp="2025-10-17T15:19:51Z" user="Hung159" uid="22065819">
  <nd ref="11043472019"/>
  <nd ref="11043472020"/>
  <nd ref="11043472021"/>
  <nd ref="11998136197"/>
  <nd ref="11998136198"/>
  <nd ref="11043472022"/>
  <nd ref="11043472023"/>
  <nd ref="11043472024"/>
  <nd ref="11043472025"/>
  <nd ref="11043472026"/>
  <nd ref="13055463476"/>
  <nd ref="11043472027"/>
  <nd ref="11043472028"/>
  <nd ref="11043472029"/>
  <nd ref="11043472030"/>
  <nd ref="11043472031"/>
  <tag k="highway" v="service"/>
  <tag k="name" v="Hẻm 294/11/6 Phố Đội Cấn"/>
  <tag k="service" v="alley"/>
 </way>
 <way id="1189309130" visible="true" version="1" changeset="138448935" timestamp="2023-07-13T06:43:17Z" user="GrabVN_Ngaan" uid="14519322">
  <nd ref="11043472032"/>
  <nd ref="11043472033"/>
  <nd ref="11043472034"/>
  <nd ref="11043472035"/>
  <tag k="highway" v="service"/>
  <tag k="service" v="alley"/>
 </way>
 <way id="1204809537" visible="true" version="2" changeset="153050942" timestamp="2024-06-23T02:40:28Z" user="logus2" uid="21611817">
  <nd ref="2631904669"/>
  <nd ref="2631904670"/>
  <nd ref="2631904671"/>
  <nd ref="2631904672"/>
  <nd ref="2631904673"/>
  <nd ref="2631904675"/>
  <nd ref="2631904674"/>
  <nd ref="2631904651"/>
  <tag k="bicycle" v="yes"/>
  <tag k="foot" v="yes"/>
  <tag k="highway" v="service"/>
  <tag k="motor_vehicle" v="no"/>
  <tag k="service" v="alley"/>
  <tag k="surface" v="concrete"/>
 </way>
 <way id="1209258746" visible="true" version="1" changeset="141492671" timestamp="2023-09-20T04:11:47Z" user="vietnam321" uid="11196308">
  <nd ref="11204030113"/>
  <nd ref="11204030114"/>
  <nd ref="11204030115"/>
  <nd ref="11204030116"/>
  <nd ref="11204030117"/>
  <nd ref="11204030118"/>
  <nd ref="11204030119"/>
  <nd ref="11204030120"/>
  <nd ref="11204030121"/>
  <nd ref="11204030122"/>
  <nd ref="11204030113"/>
  <tag k="building" v="yes"/>
 </way>
 <way id="1209258747" visible="true" version="1" changeset="141492671" timestamp="2023-09-20T04:11:47Z" user="vietnam321" uid="11196308">
  <nd ref="11204030123"/>
  <nd ref="11204030124"/>
  <nd ref="11204030125"/>
  <nd ref="11204030126"/>
  <nd ref="11204030123"/>
  <tag k="building" v="yes"/>
 </way>
 <way id="1209258748" visible="true" version="1" changeset="141492671" timestamp="2023-09-20T04:11:47Z" user="vietnam321" uid="11196308">
  <nd ref="11204030127"/>
  <nd ref="11204030128"/>
  <nd ref="11204030129"/>
  <nd ref="11204030130"/>
  <nd ref="11204030120"/>
  <nd ref="11204030119"/>
  <nd ref="11204030118"/>
  <nd ref="11204030117"/>
  <nd ref="11204030116"/>
  <nd ref="11204030115"/>
  <nd ref="11204030123"/>
  <nd ref="11204030126"/>
  <nd ref="11204030125"/>
  <nd ref="11204030124"/>
  <nd ref="11204030131"/>
  <nd ref="11204030132"/>
  <nd ref="11204030133"/>
  <nd ref="2043293137"/>
  <nd ref="2043293138"/>
  <nd ref="11204030134"/>
  <nd ref="11204030127"/>
  <tag k="addr:housenumber" v="389"/>
  <tag k="addr:street" v="Phố Đội Cấn"/>
  <tag k="amenity" v="research_institute"/>
  <tag k="landuse" v="commercial"/>
  <tag k="name" v="Viện Kiến trúc quốc gia"/>
 </way>
 <way id="1210248942" visible="true" version="2" changeset="141639773" timestamp="2023-09-23T11:18:07Z" user="vietnam321" uid="11196308">
  <nd ref="11212079865"/>
  <nd ref="11212054930"/>
  <nd ref="11212079864"/>
  <nd ref="11212079861"/>
  <nd ref="11212079865"/>
  <tag k="addr:housenumber" v="37"/>
  <tag k="addr:street" v="Phố Kim Mã Thượng"/>
  <tag k="amenity" v="research_institute"/>
  <tag k="building" v="yes"/>
  <tag k="name" v="Viện Tâm lý học"/>
 </way>
 <way id="1210248943" visible="true" version="1" changeset="141638202" timestamp="2023-09-23T10:35:22Z" user="vietnam321" uid="11196308">
  <nd ref="11212054932"/>
  <nd ref="11212079848"/>
  <nd ref="11212079852"/>
  <nd ref="11212079873"/>
  <nd ref="11212079858"/>
  <nd ref="11212079866"/>
  <nd ref="11212054932"/>
  <tag k="addr:housenumber" v="9"/>
  <tag k="addr:street" v="Phố Kim Mã Thượng"/>
  <tag k="amenity" v="research_institute"/>
  <tag k="landuse" v="commercial"/>
  <tag k="name" v="Viện Hàn lâm Khoa học xã hội Việt Nam"/>
  <tag k="note" v="Viện Nghiên cứu Con người; Viện Ngôn ngữ học"/>
 </way>
 <way id="1213515039" visible="true" version="1" changeset="142217672" timestamp="2023-10-06T06:51:00Z" user="hieuvan" uid="2678766">
  <nd ref="11242922594"/>
  <nd ref="11242922593"/>
  <nd ref="11242922592"/>
  <tag k="highway" v="service"/>
  <tag k="service" v="alley"/>
 </way>
 <way id="1213515040" visible="true" version="2" changeset="176789995" timestamp="2026-01-03T16:55:47Z" user="Hung Tran 9x0" uid="20910140">
  <nd ref="8299505963"/>
  <nd ref="8299505967"/>
  <nd ref="11242922599"/>
  <nd ref="11242922598"/>
  <nd ref="11242922597"/>
  <tag k="highway" v="service"/>
  <tag k="name" v="Ngách 381/18 Phố Đội Cấn"/>
  <tag k="service" v="alley"/>
 </way>
 <way id="1224964431" visible="true" version="3" changeset="176790118" timestamp="2026-01-03T16:59:21Z" user="Hung Tran 9x0" uid="20910140">
  <nd ref="11359776148"/>
  <nd ref="11359776149"/>
  <nd ref="11359776150"/>
  <nd ref="11359776151"/>
  <nd ref="11359776148"/>
  <tag k="addr:city" v="Hà Nội"/>
  <tag k="addr:district" v="Quận Ba Đình"/>
  <tag k="addr:housenumber" v="143"/>
  <tag k="addr:street" v="Phố Đốc Ngữ"/>
  <tag k="addr:subdistrict" v="Phường Vĩnh Phúc"/>
  <tag k="building" v="apartments"/>
  <tag k="name" v="Chung cư 143 Đốc Ngữ"/>
 </way>
 <way id="1225342666" visible="true" version="8" changeset="176487605" timestamp="2025-12-27T15:05:31Z" user="Ilovemap1999" uid="21198639">
  <nd ref="6641988472"/>
  <nd ref="106098698"/>
  <tag k="highway" v="tertiary"/>
  <tag k="lanes" v="2"/>
  <tag k="lit" v="yes"/>
  <tag k="motor_vehicle:conditional" v="no @ (Aug 29 21:30-23:59; Aug 30 00:00-13:30; Sep 1 17:00-23:59; Sep 2 00:00-16:00)"/>
  <tag k="name" v="Phố Đội Cấn"/>
  <tag k="name:en" v="Doi Can Street"/>
  <tag k="name:id" v="Jalan Doi Can"/>
  <tag k="name:ja" v="ドイカン通り"/>
  <tag k="name:zh" v="队艮街"/>
  <tag k="oneway" v="no"/>
  <tag k="surface" v="asphalt"/>
 </way>
 <way id="1225342667" visible="true" version="6" changeset="176487605" timestamp="2025-12-27T15:05:31Z" user="Ilovemap1999" uid="21198639">
  <nd ref="309818608"/>
  <nd ref="6641988472"/>
  <tag k="highway" v="tertiary"/>
  <tag k="lanes" v="2"/>
  <tag k="motor_vehicle:conditional" v="no @ (Aug 29 21:30-23:59; Aug 30 00:00-13:30; Sep 1 17:00-23:59; Sep 2 00:00-16:00)"/>
  <tag k="name" v="Phố Đội Cấn"/>
  <tag k="name:en" v="Doi Can Street"/>
  <tag k="name:id" v="Jalan Doi Can"/>
  <tag k="name:ja" v="ドイカン通り"/>
  <tag k="name:zh" v="队艮街"/>
  <tag k="oneway" v="no"/>
  <tag k="surface" v="asphalt"/>
 </way>
 <way id="1225342668" visible="true" version="10" changeset="176487605" timestamp="2025-12-27T15:05:31Z" user="Ilovemap1999" uid="21198639">
  <nd ref="6642019901"/>
  <nd ref="6642019899"/>
  <nd ref="6642019897"/>
  <nd ref="309818611"/>
  <tag k="highway" v="tertiary"/>
  <tag k="lanes" v="2"/>
  <tag k="lit" v="yes"/>
  <tag k="motor_vehicle:conditional" v="no @ (Aug 29 21:30-23:59; Aug 30 00:00-13:30; Sep 1 17:00-23:59; Sep 2 00:00-16:00)"/>
  <tag k="name" v="Phố Đội Cấn"/>
  <tag k="name:en" v="Doi Can Street"/>
  <tag k="name:id" v="Jalan Doi Can"/>
  <tag k="name:ja" v="ドイカン通り"/>
  <tag k="name:zh" v="队艮街"/>
  <tag k="oneway" v="no"/>
  <tag k="surface" v="asphalt"/>
 </way>
 <way id="1227951450" visible="true" version="1" changeset="144650716" timestamp="2023-12-01T07:16:28Z" user="Grab_Cong" uid="18820325">
  <nd ref="2922914466"/>
  <nd ref="11387109163"/>
  <tag k="highway" v="service"/>
  <tag k="service" v="alley"/>
 </way>
 <way id="1227951451" visible="true" version="2" changeset="154163300" timestamp="2024-07-20T01:48:17Z" user="logus2" uid="21611817">
  <nd ref="8299505986"/>
  <nd ref="11387109165"/>
  <nd ref="11387109166"/>
  <nd ref="11387109167"/>
  <nd ref="11387109168"/>
  <nd ref="11387139569"/>
  <nd ref="11387139570"/>
  <nd ref="11387139571"/>
  <tag k="highway" v="service"/>
  <tag k="name" v="Ngõ 267 Hoàng Hoa Thám"/>
  <tag k="service" v="alley"/>
 </way>
 <way id="1229208500" visible="true" version="1" changeset="144851745" timestamp="2023-12-07T04:20:37Z" user="vietnam321" uid="11196308">
  <nd ref="11399475238"/>
  <nd ref="11399475229"/>
  <nd ref="11399475209"/>
  <nd ref="11399457444"/>
  <nd ref="11399475238"/>
  <tag k="building" v="yes"/>
 </way>
 <way id="1229208502" visible="true" version="1" changeset="144851745" timestamp="2023-12-07T04:20:37Z" user="vietnam321" uid="11196308">
  <nd ref="11399475239"/>
  <nd ref="11399457446"/>
  <nd ref="11399475243"/>
  <nd ref="11399475189"/>
  <nd ref="11399475239"/>
  <tag k="building" v="yes"/>
 </way>
 <way id="1229578798" visible="true" version="1" changeset="144887006" timestamp="2023-12-08T03:49:29Z" user="GrabVN_Ánh Linh Lê" uid="13749044">
  <nd ref="2922908924"/>
  <nd ref="11071444937"/>
  <nd ref="2922908925"/>
  <tag k="highway" v="service"/>
  <tag k="service" v="alley"/>
 </way>
 <way id="1229578799" visible="true" version="1" changeset="144887006" timestamp="2023-12-08T03:49:29Z" user="GrabVN_Ánh Linh Lê" uid="13749044">
  <nd ref="11402118928"/>
  <nd ref="11402118929"/>
  <tag k="highway" v="service"/>
  <tag k="service" v="alley"/>
 </way>
 <way id="1229578800" visible="true" version="3" changeset="173416332" timestamp="2025-10-17T15:19:51Z" user="Hung159" uid="22065819">
  <nd ref="2922908915"/>
  <nd ref="2922908918"/>
  <nd ref="2922908919"/>
  <nd ref="2922908920"/>
  <tag k="highway" v="service"/>
  <tag k="name" v="Ngách 343/2 Phố Đội Cấn"/>
  <tag k="service" v="alley"/>
 </way>
 <way id="1229858791" visible="true" version="1" changeset="144927535" timestamp="2023-12-09T08:58:32Z" user="vietnam321" uid="11196308">
  <nd ref="11405052422"/>
  <nd ref="11405052423"/>
  <nd ref="11405052424"/>
  <nd ref="11405052425"/>
  <nd ref="11405052426"/>
  <nd ref="11405052427"/>
  <nd ref="11405052422"/>
  <tag k="addr:housenumber" v="366"/>
  <tag k="addr:street" v="Phố Đội Cấn"/>
  <tag k="landuse" v="commercial"/>
  <tag k="name" v="Trung tâm Truyền thông Giáo dục sức khoẻ Trung ương"/>
 </way>
 <way id="1229858792" visible="true" version="1" changeset="144927535" timestamp="2023-12-09T08:58:32Z" user="vietnam321" uid="11196308">
  <nd ref="11405052428"/>
  <nd ref="11405052429"/>
  <tag k="highway" v="service"/>
 </way>
 <way id="1234857565" visible="true" version="1" changeset="145610505" timestamp="2023-12-28T10:07:57Z" user="vietnam321" uid="11196308">
  <nd ref="11462360349"/>
  <nd ref="11462360350"/>
  <nd ref="11462360351"/>
  <nd ref="11462360352"/>
  <nd ref="11462360353"/>
  <nd ref="11462360354"/>
  <nd ref="11462360355"/>
  <nd ref="11462360356"/>
  <nd ref="11462360349"/>
  <tag k="addr:housenumber" v="99"/>
  <tag k="addr:street" v="Đường Văn Cao"/>
  <tag k="amenity" v="clinic"/>
  <tag k="building" v="yes"/>
  <tag k="healthcare" v="clinic"/>
  <tag k="name" v="Trung tâm Y tế - Môi trường lao động Công Thương"/>
 </way>
 <way id="1235785349" visible="true" version="2" changeset="149121390" timestamp="2024-03-25T09:29:43Z" user="openmap-vn" uid="21213273">
  <nd ref="11472573855"/>
  <nd ref="11472573856"/>
  <nd ref="11472573857"/>
  <nd ref="11472573858"/>
  <nd ref="11760543957"/>
  <nd ref="11760543950"/>
  <nd ref="11760543949"/>
  <nd ref="11472573855"/>
  <tag k="addr:housenumber" v="84"/>
  <tag k="addr:street" v="Đường Văn Cao"/>
  <tag k="amenity" v="bank"/>
  <tag k="brand" v="Vietcombank"/>
  <tag k="brand:wikidata" v="Q6122995"/>
  <tag k="building" v="yes"/>
  <tag k="name" v="Vietcombank"/>
 </way>
 <way id="1235785350" visible="true" version="2" changeset="169318715" timestamp="2025-07-23T01:03:02Z" user="Hung Tran 9x0" uid="20910140">
  <nd ref="11472573861"/>
  <nd ref="11472573862"/>
  <nd ref="11472573863"/>
  <nd ref="11472573864"/>
  <nd ref="11472573865"/>
  <nd ref="11472573866"/>
  <nd ref="11472573867"/>
  <nd ref="11472573868"/>
  <nd ref="11472573861"/>
  <tag k="building" v="construction"/>
  <tag k="check_date" v="2025-07-23"/>
  <tag k="name" v="Nhà khách Dân tộc"/>
 </way>
 <way id="1266016058" visible="true" version="1" changeset="149116257" timestamp="2024-03-25T07:13:42Z" user="openmap-vn" uid="21213273">
  <nd ref="11760335040"/>
  <nd ref="11760335041"/>
  <nd ref="11760335039"/>
  <nd ref="11760335038"/>
  <nd ref="11760335040"/>
  <tag k="building" v="yes"/>
 </way>
 <way id="1266018992" visible="true" version="1" changeset="149116639" timestamp="2024-03-25T07:28:14Z" user="openmap-vn" uid="21213273">
  <nd ref="11760308838"/>
  <nd ref="11760308837"/>
  <nd ref="11760308836"/>
  <nd ref="11760308846"/>
  <nd ref="11760308838"/>
  <tag k="building" v="yes"/>
 </way>
 <way id="1266018993" visible="true" version="1" changeset="149116639" timestamp="2024-03-25T07:28:14Z" user="openmap-vn" uid="21213273">
  <nd ref="11760308840"/>
  <nd ref="11760308835"/>
  <nd ref="11760308834"/>
  <nd ref="11760308837"/>
  <nd ref="11760308838"/>
  <nd ref="11760308833"/>
  <nd ref="11760308832"/>
  <nd ref="11760308839"/>
  <nd ref="11760308840"/>
  <tag k="building" v="yes"/>
  <tag k="height" v="4"/>
 </way>
 <way id="1266018994" visible="true" version="1" changeset="149116639" timestamp="2024-03-25T07:28:14Z" user="openmap-vn" uid="21213273">
  <nd ref="11760308842"/>
  <nd ref="11760308841"/>
  <nd ref="11760308840"/>
  <nd ref="11760308839"/>
  <nd ref="11760308842"/>
  <tag k="building" v="yes"/>
 </way>
 <way id="1266018995" visible="true" version="1" changeset="149116639" timestamp="2024-03-25T07:28:14Z" user="openmap-vn" uid="21213273">
  <nd ref="11760308844"/>
  <nd ref="11760308841"/>
  <nd ref="11760308842"/>
  <nd ref="11760308845"/>
  <nd ref="11760308844"/>
  <tag k="building" v="yes"/>
 </way>
 <way id="1266018996" visible="true" version="1" changeset="149116639" timestamp="2024-03-25T07:28:14Z" user="openmap-vn" uid="21213273">
  <nd ref="11760308847"/>
  <nd ref="11760308843"/>
  <nd ref="11760308844"/>
  <nd ref="11760308845"/>
  <nd ref="11760308847"/>
  <tag k="building" v="yes"/>
  <tag k="height" v="3"/>
 </way>
 <way id="1266018997" visible="true" version="1" changeset="149116639" timestamp="2024-03-25T07:28:14Z" user="openmap-vn" uid="21213273">
  <nd ref="11760308851"/>
  <nd ref="11760308850"/>
  <nd ref="11760308849"/>
  <nd ref="11760308848"/>
  <nd ref="11760308851"/>
  <tag k="building" v="yes"/>
 </way>
 <way id="1266018998" visible="true" version="1" changeset="149116639" timestamp="2024-03-25T07:28:14Z" user="openmap-vn" uid="21213273">
  <nd ref="11760308854"/>
  <nd ref="11760308850"/>
  <nd ref="11760308851"/>
  <nd ref="11760308853"/>
  <nd ref="11760308854"/>
  <tag k="building" v="yes"/>
 </way>
 <way id="1266018999" visible="true" version="1" changeset="149116639" timestamp="2024-03-25T07:28:14Z" user="openmap-vn" uid="21213273">
  <nd ref="11760308855"/>
  <nd ref="11760308854"/>
  <nd ref="11760308853"/>
  <nd ref="11760308852"/>
  <nd ref="11760308855"/>
  <tag k="building" v="yes"/>
 </way>
 <way id="1266019000" visible="true" version="1" changeset="149116639" timestamp="2024-03-25T07:28:14Z" user="openmap-vn" uid="21213273">
  <nd ref="11760308858"/>
  <nd ref="11760308860"/>
  <nd ref="11760308856"/>
  <nd ref="11760308857"/>
  <nd ref="11760308859"/>
  <nd ref="11760308858"/>
  <tag k="building" v="yes"/>
 </way>
 <way id="1266019001" visible="true" version="1" changeset="149116639" timestamp="2024-03-25T07:28:14Z" user="openmap-vn" uid="21213273">
  <nd ref="11760308862"/>
  <nd ref="11760308860"/>
  <nd ref="11760308858"/>
  <nd ref="11760308859"/>
  <nd ref="11760308861"/>
  <nd ref="11760308863"/>
  <nd ref="11760308862"/>
  <tag k="building" v="yes"/>
 </way>
 <way id="1266019002" visible="true" version="1" changeset="149116639" timestamp="2024-03-25T07:28:14Z" user="openmap-vn" uid="21213273">
  <nd ref="11760308864"/>
  <nd ref="11760308862"/>
  <nd ref="11760308863"/>
  <nd ref="11760308865"/>
  <nd ref="11760308864"/>
  <tag k="building" v="yes"/>
 </way>
 <way id="1266019003" visible="true" version="1" changeset="149116639" timestamp="2024-03-25T07:28:14Z" user="openmap-vn" uid="21213273">
  <nd ref="11760308866"/>
  <nd ref="11760308864"/>
  <nd ref="11760308865"/>
  <nd ref="11760308867"/>
  <nd ref="11760308866"/>
  <tag k="building" v="yes"/>
  <tag k="height" v="4"/>
 </way>
 <way id="1266019004" visible="true" version="1" changeset="149116639" timestamp="2024-03-25T07:28:14Z" user="openmap-vn" uid="21213273">
  <nd ref="11760308868"/>
  <nd ref="11760308866"/>
  <nd ref="11760308867"/>
  <nd ref="11760352969"/>
  <nd ref="11760308868"/>
  <tag k="building" v="yes"/>
 </way>
 <way id="1266019005" visible="true" version="1" changeset="149116639" timestamp="2024-03-25T07:28:14Z" user="openmap-vn" uid="21213273">
  <nd ref="11760335039"/>
  <nd ref="11760308868"/>
  <nd ref="11760352969"/>
  <nd ref="11760335038"/>
  <nd ref="11760335039"/>
  <tag k="building" v="yes"/>
 </way>
 <way id="1266019974" visible="true" version="1" changeset="149116699" timestamp="2024-03-25T07:30:26Z" user="openmap-vn" uid="21213273">
  <nd ref="11760337462"/>
  <nd ref="11760337461"/>
  <nd ref="11760337460"/>
  <nd ref="11760337458"/>
  <nd ref="11760337457"/>
  <nd ref="11760337459"/>
  <nd ref="11760337462"/>
  <tag k="building" v="yes"/>
 </way>
 <way id="1266019975" visible="true" version="1" changeset="149116699" timestamp="2024-03-25T07:30:26Z" user="openmap-vn" uid="21213273">
  <nd ref="11760337467"/>
  <nd ref="11760337465"/>
  <nd ref="11760357878"/>
  <nd ref="11760357877"/>
  <nd ref="11760337466"/>
  <nd ref="11760337467"/>
  <tag k="building" v="yes"/>
 </way>
 <way id="1266019976" visible="true" version="1" changeset="149116699" timestamp="2024-03-25T07:30:26Z" user="openmap-vn" uid="21213273">
  <nd ref="11760357869"/>
  <nd ref="11760337467"/>
  <nd ref="11760337466"/>
  <nd ref="11760337464"/>
  <nd ref="11760337463"/>
  <nd ref="11760337468"/>
  <nd ref="11760357869"/>
  <tag k="building" v="yes"/>
 </way>
 <way id="1266019977" visible="true" version="1" changeset="149116699" timestamp="2024-03-25T07:30:26Z" user="openmap-vn" uid="21213273">
  <nd ref="11760357871"/>
  <nd ref="11760357869"/>
  <nd ref="11760337468"/>
  <nd ref="11760357870"/>
  <nd ref="11760357871"/>
  <tag k="building" v="yes"/>
 </way>
 <way id="1266019978" visible="true" version="1" changeset="149116699" timestamp="2024-03-25T07:30:26Z" user="openmap-vn" uid="21213273">
  <nd ref="11760357873"/>
  <nd ref="11760357871"/>
  <nd ref="11760357870"/>
  <nd ref="11760357872"/>
  <nd ref="11760357873"/>
  <tag k="building" v="yes"/>
 </way>
 <way id="1266019979" visible="true" version="1" changeset="149116699" timestamp="2024-03-25T07:30:26Z" user="openmap-vn" uid="21213273">
  <nd ref="11760357875"/>
  <nd ref="11760357873"/>
  <nd ref="11760357872"/>
  <nd ref="11760357874"/>
  <nd ref="11760357875"/>
  <tag k="building" v="yes"/>
 </way>
 <way id="1266019980" visible="true" version="1" changeset="149116699" timestamp="2024-03-25T07:30:26Z" user="openmap-vn" uid="21213273">
  <nd ref="11760357879"/>
  <nd ref="11760357875"/>
  <nd ref="11760357874"/>
  <nd ref="11760357876"/>
  <nd ref="11760357879"/>
  <tag k="building" v="yes"/>
 </way>
 <way id="1266021480" visible="true" version="1" changeset="149116979" timestamp="2024-03-25T07:40:02Z" user="openmap-vn" uid="21213273">
  <nd ref="11760364037"/>
  <nd ref="11760364038"/>
  <nd ref="11760364039"/>
  <nd ref="11760364036"/>
  <nd ref="11760364037"/>
  <tag k="building" v="yes"/>
 </way>
 <way id="1266021481" visible="true" version="1" changeset="149116979" timestamp="2024-03-25T07:40:02Z" user="openmap-vn" uid="21213273">
  <nd ref="11760364056"/>
  <nd ref="11760364055"/>
  <nd ref="11760364038"/>
  <nd ref="11760364037"/>
  <nd ref="11760364056"/>
  <tag k="building" v="yes"/>
 </way>
 <way id="1266021482" visible="true" version="1" changeset="149116979" timestamp="2024-03-25T07:40:02Z" user="openmap-vn" uid="21213273">
  <nd ref="11760364040"/>
  <nd ref="11760364041"/>
  <nd ref="11760364032"/>
  <nd ref="11760364031"/>
  <nd ref="11760364039"/>
  <nd ref="11760364040"/>
  <tag k="building" v="yes"/>
 </way>
 <way id="1266021483" visible="true" version="1" changeset="149116979" timestamp="2024-03-25T07:40:02Z" user="openmap-vn" uid="21213273">
  <nd ref="11760364043"/>
  <nd ref="11760364042"/>
  <nd ref="11760364041"/>
  <nd ref="11760364040"/>
  <nd ref="11760364043"/>
  <tag k="building" v="yes"/>
 </way>
 <way id="1266021484" visible="true" version="1" changeset="149116979" timestamp="2024-03-25T07:40:02Z" user="openmap-vn" uid="21213273">
  <nd ref="11760364046"/>
  <nd ref="11760364045"/>
  <nd ref="11760364044"/>
  <nd ref="11760364042"/>
  <nd ref="11760364043"/>
  <nd ref="11760364046"/>
  <tag k="building" v="yes"/>
 </way>
 <way id="1266021485" visible="true" version="1" changeset="149116979" timestamp="2024-03-25T07:40:02Z" user="openmap-vn" uid="21213273">
  <nd ref="11760364047"/>
  <nd ref="11760364045"/>
  <nd ref="11760364046"/>
  <nd ref="11760364048"/>
  <nd ref="11760364047"/>
  <tag k="building" v="yes"/>
 </way>
 <way id="1266021486" visible="true" version="1" changeset="149116979" timestamp="2024-03-25T07:40:02Z" user="openmap-vn" uid="21213273">
  <nd ref="11760364049"/>
  <nd ref="11760364047"/>
  <nd ref="11760364048"/>
  <nd ref="11760364050"/>
  <nd ref="11760364049"/>
  <tag k="building" v="yes"/>
 </way>
 <way id="1266021487" visible="true" version="1" changeset="149116979" timestamp="2024-03-25T07:40:02Z" user="openmap-vn" uid="21213273">
  <nd ref="11760364051"/>
  <nd ref="11760364049"/>
  <nd ref="11760364050"/>
  <nd ref="11760364052"/>
  <nd ref="11760364051"/>
  <tag k="building" v="yes"/>
 </way>
 <way id="1266021488" visible="true" version="2" changeset="149118386" timestamp="2024-03-25T08:19:39Z" user="openmap-vn" uid="21213273">
  <nd ref="11760364053"/>
  <nd ref="11760364051"/>
  <nd ref="11760364052"/>
  <nd ref="11760364035"/>
  <nd ref="11760364034"/>
  <nd ref="11760364053"/>
  <tag k="building" v="yes"/>
  <tag k="height" v="4"/>
 </way>
 <way id="1266021489" visible="true" version="1" changeset="149116979" timestamp="2024-03-25T07:40:02Z" user="openmap-vn" uid="21213273">
  <nd ref="11760364057"/>
  <nd ref="11760364053"/>
  <nd ref="11760364033"/>
  <nd ref="11760364054"/>
  <nd ref="11760364057"/>
  <tag k="building" v="yes"/>
 </way>
 <way id="1266021490" visible="true" version="1" changeset="149116979" timestamp="2024-03-25T07:40:02Z" user="openmap-vn" uid="21213273">
  <nd ref="11760364064"/>
  <nd ref="11760364061"/>
  <nd ref="11760364068"/>
  <nd ref="11760364058"/>
  <nd ref="11760364060"/>
  <nd ref="11760364059"/>
  <nd ref="11760364064"/>
  <tag k="building" v="yes"/>
 </way>
 <way id="1266021491" visible="true" version="1" changeset="149116979" timestamp="2024-03-25T07:40:02Z" user="openmap-vn" uid="21213273">
  <nd ref="11760367371"/>
  <nd ref="11760367370"/>
  <nd ref="11760364063"/>
  <nd ref="11760364061"/>
  <nd ref="11760367371"/>
  <tag k="building" v="yes"/>
 </way>
 <way id="1266021492" visible="true" version="1" changeset="149116979" timestamp="2024-03-25T07:40:02Z" user="openmap-vn" uid="21213273">
  <nd ref="11760367369"/>
  <nd ref="11760367375"/>
  <nd ref="11760364064"/>
  <nd ref="11760364062"/>
  <nd ref="11760367369"/>
  <tag k="building" v="yes"/>
 </way>
 <way id="1266021493" visible="true" version="1" changeset="149116979" timestamp="2024-03-25T07:40:02Z" user="openmap-vn" uid="21213273">
  <nd ref="11760367370"/>
  <nd ref="11760367369"/>
  <nd ref="11760364062"/>
  <nd ref="11760364063"/>
  <nd ref="11760367370"/>
  <tag k="building" v="yes"/>
 </way>
 <way id="1266021494" visible="true" version="1" changeset="149116979" timestamp="2024-03-25T07:40:02Z" user="openmap-vn" uid="21213273">
  <nd ref="11760367372"/>
  <nd ref="11760367371"/>
  <nd ref="11760364061"/>
  <nd ref="11760364068"/>
  <nd ref="11760364058"/>
  <nd ref="11760364065"/>
  <nd ref="11760367372"/>
  <tag k="building" v="yes"/>
 </way>
 <way id="1266021495" visible="true" version="1" changeset="149116979" timestamp="2024-03-25T07:40:02Z" user="openmap-vn" uid="21213273">
  <nd ref="11760367373"/>
  <nd ref="11760367372"/>
  <nd ref="11760364065"/>
  <nd ref="11760364066"/>
  <nd ref="11760367373"/>
  <tag k="building" v="yes"/>
 </way>
 <way id="1266021496" visible="true" version="1" changeset="149116979" timestamp="2024-03-25T07:40:02Z" user="openmap-vn" uid="21213273">
  <nd ref="11760367374"/>
  <nd ref="11760367373"/>
  <nd ref="11760364066"/>
  <nd ref="11760364067"/>
  <nd ref="11760367374"/>
  <tag k="building" v="yes"/>
 </way>
 <way id="1266021497" visible="true" version="1" changeset="149116979" timestamp="2024-03-25T07:40:02Z" user="openmap-vn" uid="21213273">
  <nd ref="11760367377"/>
  <nd ref="11760367374"/>
  <nd ref="11760364067"/>
  <nd ref="11760367376"/>
  <nd ref="11760367377"/>
  <tag k="building" v="yes"/>
 </way>
 <way id="1266024087" visible="true" version="2" changeset="149118386" timestamp="2024-03-25T08:19:39Z" user="openmap-vn" uid="21213273">
  <nd ref="11760386897"/>
  <nd ref="11760386896"/>
  <nd ref="11760386895"/>
  <nd ref="11760386894"/>
  <nd ref="11760386897"/>
  <tag k="building" v="yes"/>
  <tag k="height" v="2"/>
 </way>
 <way id="1266024088" visible="true" version="1" changeset="149117526" timestamp="2024-03-25T07:55:59Z" user="openmap-vn" uid="21213273">
  <nd ref="11760386901"/>
  <nd ref="11760386900"/>
  <nd ref="11760386899"/>
  <nd ref="11760386898"/>
  <nd ref="11760386901"/>
  <tag k="building" v="yes"/>
 </way>
 <way id="1266024089" visible="true" version="2" changeset="149118386" timestamp="2024-03-25T08:19:39Z" user="openmap-vn" uid="21213273">
  <nd ref="6557785061"/>
  <nd ref="11760386901"/>
  <nd ref="11760386898"/>
  <nd ref="11760386902"/>
  <nd ref="8711803409"/>
  <nd ref="6557785061"/>
  <tag k="building" v="yes"/>
  <tag k="height" v="2"/>
 </way>
 <way id="1266024090" visible="true" version="3" changeset="149772366" timestamp="2024-04-09T11:11:54Z" user="Ropino" uid="42123">
  <nd ref="11760428188"/>
  <nd ref="11760386904"/>
  <nd ref="11760386905"/>
  <nd ref="11760386907"/>
  <nd ref="11760428188"/>
  <tag k="building" v="yes"/>
 </way>
 <way id="1266024091" visible="true" version="2" changeset="149118386" timestamp="2024-03-25T08:19:39Z" user="openmap-vn" uid="21213273">
  <nd ref="11760386909"/>
  <nd ref="11760386906"/>
  <nd ref="11760386907"/>
  <nd ref="11760386908"/>
  <nd ref="11760386909"/>
  <tag k="building" v="yes"/>
  <tag k="height" v="4"/>
 </way>
 <way id="1266027560" visible="true" version="1" changeset="149118386" timestamp="2024-03-25T08:19:39Z" user="openmap-vn" uid="21213273">
  <nd ref="11760417640"/>
  <nd ref="11760417637"/>
  <nd ref="11760417636"/>
  <nd ref="11760417635"/>
  <nd ref="11760417638"/>
  <nd ref="11760417639"/>
  <nd ref="11760417640"/>
  <tag k="building" v="yes"/>
 </way>
 <way id="1266027562" visible="true" version="1" changeset="149118386" timestamp="2024-03-25T08:19:39Z" user="openmap-vn" uid="21213273">
  <nd ref="11760417647"/>
  <nd ref="11760417644"/>
  <nd ref="11760417645"/>
  <nd ref="11760417646"/>
  <nd ref="11760417647"/>
  <tag k="building" v="yes"/>
  <tag k="height" v="2"/>
 </way>
 <way id="1266027563" visible="true" version="1" changeset="149118386" timestamp="2024-03-25T08:19:39Z" user="openmap-vn" uid="21213273">
  <nd ref="11760417651"/>
  <nd ref="11760417648"/>
  <nd ref="11760417649"/>
  <nd ref="11760417650"/>
  <nd ref="11760417652"/>
  <nd ref="11760417651"/>
  <tag k="building" v="yes"/>
 </way>
 <way id="1266027564" visible="true" version="1" changeset="149118386" timestamp="2024-03-25T08:19:39Z" user="openmap-vn" uid="21213273">
  <nd ref="11760417655"/>
  <nd ref="11760417651"/>
  <nd ref="11760417652"/>
  <nd ref="11760417653"/>
  <nd ref="11760417655"/>
  <tag k="building" v="yes"/>
 </way>
 <way id="1266027565" visible="true" version="1" changeset="149118386" timestamp="2024-03-25T08:19:39Z" user="openmap-vn" uid="21213273">
  <nd ref="11760417657"/>
  <nd ref="11760417654"/>
  <nd ref="11760417655"/>
  <nd ref="11760417653"/>
  <nd ref="11760417656"/>
  <nd ref="11760417657"/>
  <tag k="building" v="yes"/>
 </way>
 <way id="1266027566" visible="true" version="1" changeset="149118386" timestamp="2024-03-25T08:19:39Z" user="openmap-vn" uid="21213273">
  <nd ref="11760417661"/>
  <nd ref="11760417663"/>
  <nd ref="11760417660"/>
  <nd ref="11760417646"/>
  <nd ref="11760417659"/>
  <nd ref="11760417658"/>
  <nd ref="11760417661"/>
  <tag k="building" v="yes"/>
 </way>
 <way id="1266027567" visible="true" version="1" changeset="149118386" timestamp="2024-03-25T08:19:39Z" user="openmap-vn" uid="21213273">
  <nd ref="11760428182"/>
  <nd ref="11760417663"/>
  <nd ref="11760417661"/>
  <nd ref="11760417662"/>
  <nd ref="11760428178"/>
  <nd ref="11760428182"/>
  <tag k="building" v="yes"/>
 </way>
 <way id="1266027568" visible="true" version="1" changeset="149118386" timestamp="2024-03-25T08:19:39Z" user="openmap-vn" uid="21213273">
  <nd ref="11760428198"/>
  <nd ref="11760428200"/>
  <nd ref="11760428201"/>
  <nd ref="11760428208"/>
  <nd ref="11760428198"/>
  <tag k="building" v="yes"/>
 </way>
 <way id="1266027569" visible="true" version="1" changeset="149118386" timestamp="2024-03-25T08:19:39Z" user="openmap-vn" uid="21213273">
  <nd ref="11760428170"/>
  <nd ref="11760428173"/>
  <nd ref="11760417664"/>
  <nd ref="11760428169"/>
  <nd ref="11760428170"/>
  <tag k="building" v="yes"/>
 </way>
 <way id="1266027570" visible="true" version="1" changeset="149118386" timestamp="2024-03-25T08:19:39Z" user="openmap-vn" uid="21213273">
  <nd ref="11760428171"/>
  <nd ref="11760428170"/>
  <nd ref="11760428169"/>
  <nd ref="11760428172"/>
  <nd ref="11760428171"/>
  <tag k="building" v="yes"/>
  <tag k="height" v="3"/>
 </way>
 <way id="1266027571" visible="true" version="1" changeset="149118386" timestamp="2024-03-25T08:19:39Z" user="openmap-vn" uid="21213273">
  <nd ref="11760428174"/>
  <nd ref="11760417665"/>
  <nd ref="11760417664"/>
  <nd ref="11760428173"/>
  <nd ref="11760428174"/>
  <tag k="building" v="yes"/>
 </way>
 <way id="1266027572" visible="true" version="1" changeset="149118386" timestamp="2024-03-25T08:19:39Z" user="openmap-vn" uid="21213273">
  <nd ref="11760428175"/>
  <nd ref="11760417666"/>
  <nd ref="11760417665"/>
  <nd ref="11760428174"/>
  <nd ref="11760428175"/>
  <tag k="building" v="yes"/>
  <tag k="height" v="3"/>
 </way>
 <way id="1266027573" visible="true" version="1" changeset="149118386" timestamp="2024-03-25T08:19:39Z" user="openmap-vn" uid="21213273">
  <nd ref="11760417667"/>
  <nd ref="11760417666"/>
  <nd ref="11760428175"/>
  <nd ref="11760428176"/>
  <nd ref="11760417667"/>
  <tag k="building" v="yes"/>
 </way>
 <way id="1266027574" visible="true" version="1" changeset="149118386" timestamp="2024-03-25T08:19:39Z" user="openmap-vn" uid="21213273">
  <nd ref="11760428177"/>
  <nd ref="11760417668"/>
  <nd ref="11760417667"/>
  <nd ref="11760428176"/>
  <nd ref="11760428177"/>
  <tag k="building" v="yes"/>
 </way>
 <way id="1266027575" visible="true" version="1" changeset="149118386" timestamp="2024-03-25T08:19:39Z" user="openmap-vn" uid="21213273">
  <nd ref="11760428179"/>
  <nd ref="11760428178"/>
  <nd ref="11760417668"/>
  <nd ref="11760428177"/>
  <nd ref="11760428179"/>
  <tag k="building" v="yes"/>
  <tag k="height" v="3"/>
 </way>
 <way id="1266027576" visible="true" version="1" changeset="149118386" timestamp="2024-03-25T08:19:39Z" user="openmap-vn" uid="21213273">
  <nd ref="11760428181"/>
  <nd ref="11760428178"/>
  <nd ref="11760428179"/>
  <nd ref="11760428180"/>
  <nd ref="11760428181"/>
  <tag k="building" v="yes"/>
 </way>
 <way id="1266027577" visible="true" version="1" changeset="149118386" timestamp="2024-03-25T08:19:39Z" user="openmap-vn" uid="21213273">
  <nd ref="11760428183"/>
  <nd ref="11760428182"/>
  <nd ref="11760428181"/>
  <nd ref="11760428180"/>
  <nd ref="11760428183"/>
  <tag k="building" v="yes"/>
 </way>
 <way id="1266027578" visible="true" version="1" changeset="149118386" timestamp="2024-03-25T08:19:39Z" user="openmap-vn" uid="21213273">
  <nd ref="11760428187"/>
  <nd ref="11760428184"/>
  <nd ref="11760428185"/>
  <nd ref="11760428186"/>
  <nd ref="11760428187"/>
  <tag k="building" v="yes"/>
 </way>
 <way id="1266027579" visible="true" version="1" changeset="149118386" timestamp="2024-03-25T08:19:39Z" user="openmap-vn" uid="21213273">
  <nd ref="11760428191"/>
  <nd ref="11760428190"/>
  <nd ref="11760428189"/>
  <nd ref="11760428192"/>
  <nd ref="11760428193"/>
  <nd ref="11760428194"/>
  <nd ref="11760428209"/>
  <nd ref="11760428191"/>
  <tag k="building" v="yes"/>
 </way>
 <way id="1266027580" visible="true" version="1" changeset="149118386" timestamp="2024-03-25T08:19:39Z" user="openmap-vn" uid="21213273">
  <nd ref="11760428208"/>
  <nd ref="11760428201"/>
  <nd ref="11760428196"/>
  <nd ref="11760428195"/>
  <nd ref="11760428208"/>
  <tag k="building" v="yes"/>
 </way>
 <way id="1266027581" visible="true" version="1" changeset="149118386" timestamp="2024-03-25T08:19:39Z" user="openmap-vn" uid="21213273">
  <nd ref="11760428203"/>
  <nd ref="11760428200"/>
  <nd ref="11760428198"/>
  <nd ref="11760428197"/>
  <nd ref="11760428206"/>
  <nd ref="11760428203"/>
  <tag k="building" v="yes"/>
  <tag k="height" v="3"/>
 </way>
 <way id="1266027582" visible="true" version="1" changeset="149118386" timestamp="2024-03-25T08:19:39Z" user="openmap-vn" uid="21213273">
  <nd ref="11760428203"/>
  <nd ref="11760428202"/>
  <nd ref="11760428209"/>
  <nd ref="11760428194"/>
  <nd ref="11760428201"/>
  <nd ref="11760428200"/>
  <nd ref="11760428203"/>
  <tag k="building" v="yes"/>
 </way>
 <way id="1266027583" visible="true" version="1" changeset="149118386" timestamp="2024-03-25T08:19:39Z" user="openmap-vn" uid="21213273">
  <nd ref="11760428204"/>
  <nd ref="11760428210"/>
  <nd ref="11760428202"/>
  <nd ref="11760428203"/>
  <nd ref="11760428204"/>
  <tag k="building" v="yes"/>
 </way>
 <way id="1266027584" visible="true" version="1" changeset="149118386" timestamp="2024-03-25T08:19:39Z" user="openmap-vn" uid="21213273">
  <nd ref="11760428206"/>
  <nd ref="11760428205"/>
  <nd ref="11760428204"/>
  <nd ref="11760428203"/>
  <nd ref="11760428206"/>
  <tag k="building" v="yes"/>
 </way>
 <way id="1266030134" visible="true" version="3" changeset="168946648" timestamp="2025-07-15T06:20:23Z" user="Tewuzij" uid="16194143">
  <nd ref="11760448472"/>
  <nd ref="11760448474"/>
  <nd ref="11760448473"/>
  <nd ref="11760483308"/>
  <nd ref="11760483298"/>
  <nd ref="11760483310"/>
  <nd ref="11760448472"/>
  <tag k="building" v="yes"/>
 </way>
 <way id="1266030135" visible="true" version="1" changeset="149118896" timestamp="2024-03-25T08:32:55Z" user="openmap-vn" uid="21213273">
  <nd ref="11760438966"/>
  <nd ref="11760438965"/>
  <nd ref="11760448478"/>
  <nd ref="11760448470"/>
  <nd ref="11760438966"/>
  <tag k="building" v="yes"/>
 </way>
 <way id="1266030136" visible="true" version="3" changeset="168946648" timestamp="2025-07-15T06:20:23Z" user="Tewuzij" uid="16194143">
  <nd ref="11760438948"/>
  <nd ref="11760438949"/>
  <nd ref="11760438947"/>
  <nd ref="11760520844"/>
  <nd ref="11760520849"/>
  <nd ref="11760520850"/>
  <nd ref="11760448482"/>
  <nd ref="11760438948"/>
  <tag k="building" v="yes"/>
 </way>
 <way id="1266030137" visible="true" version="1" changeset="149118896" timestamp="2024-03-25T08:32:55Z" user="openmap-vn" uid="21213273">
  <nd ref="11760438950"/>
  <nd ref="11760438951"/>
  <nd ref="11760438949"/>
  <nd ref="11760438948"/>
  <nd ref="11760438950"/>
  <tag k="building" v="yes"/>
 </way>
 <way id="1266030138" visible="true" version="1" changeset="149118896" timestamp="2024-03-25T08:32:55Z" user="openmap-vn" uid="21213273">
  <nd ref="11760438953"/>
  <nd ref="11760438952"/>
  <nd ref="11760438951"/>
  <nd ref="11760438950"/>
  <nd ref="11760438953"/>
  <tag k="building" v="yes"/>
 </way>
 <way id="1266030139" visible="true" version="2" changeset="149120336" timestamp="2024-03-25T09:05:20Z" user="openmap-vn" uid="21213273">
  <nd ref="11760438957"/>
  <nd ref="11760492104"/>
  <nd ref="11760438955"/>
  <nd ref="11760438958"/>
  <nd ref="11760438957"/>
  <tag k="building" v="yes"/>
 </way>
 <way id="1266030140" visible="true" version="1" changeset="149118896" timestamp="2024-03-25T08:32:55Z" user="openmap-vn" uid="21213273">
  <nd ref="11760438959"/>
  <nd ref="11760438956"/>
  <nd ref="11760438957"/>
  <nd ref="11760438958"/>
  <nd ref="11760438959"/>
  <tag k="building" v="yes"/>
 </way>
 <way id="1266030142" visible="true" version="2" changeset="149119855" timestamp="2024-03-25T08:53:00Z" user="openmap-vn" uid="21213273">
  <nd ref="11760448472"/>
  <nd ref="11760483310"/>
  <nd ref="11760483281"/>
  <nd ref="11760438962"/>
  <nd ref="11760448472"/>
  <tag k="building" v="yes"/>
 </way>
 <way id="1266030143" visible="true" version="3" changeset="168946648" timestamp="2025-07-15T06:20:23Z" user="Tewuzij" uid="16194143">
  <nd ref="11760438968"/>
  <nd ref="11760448469"/>
  <nd ref="11760438965"/>
  <nd ref="11760438966"/>
  <nd ref="11760438967"/>
  <nd ref="11760483308"/>
  <nd ref="11760438968"/>
  <tag k="building" v="yes"/>
 </way>
 <way id="1266030144" visible="true" version="1" changeset="149118896" timestamp="2024-03-25T08:32:55Z" user="openmap-vn" uid="21213273">
  <nd ref="11760448469"/>
  <nd ref="11760438968"/>
  <nd ref="11760448473"/>
  <nd ref="11760448476"/>
  <nd ref="11760448475"/>
  <nd ref="11760448479"/>
  <nd ref="11760448478"/>
  <nd ref="11760448469"/>
  <tag k="building" v="yes"/>
 </way>
 <way id="1266030145" visible="true" version="1" changeset="149118896" timestamp="2024-03-25T08:32:55Z" user="openmap-vn" uid="21213273">
  <nd ref="11760448476"/>
  <nd ref="11760448473"/>
  <nd ref="11760448474"/>
  <nd ref="11760448475"/>
  <nd ref="11760448476"/>
  <tag k="building" v="yes"/>
 </way>
 <way id="1266030146" visible="true" version="1" changeset="149118896" timestamp="2024-03-25T08:32:55Z" user="openmap-vn" uid="21213273">
  <nd ref="11760448481"/>
  <nd ref="11760448477"/>
  <nd ref="11760448470"/>
  <nd ref="11760448478"/>
  <nd ref="11760448479"/>
  <nd ref="11760448481"/>
  <tag k="building" v="yes"/>
 </way>
 <way id="1266036578" visible="true" version="4" changeset="168946648" timestamp="2025-07-15T06:20:23Z" user="Tewuzij" uid="16194143">
  <nd ref="11760483294"/>
  <nd ref="11760483292"/>
  <nd ref="11760483293"/>
  <nd ref="11760502913"/>
  <nd ref="11760483294"/>
  <tag k="building" v="yes"/>
 </way>
 <way id="1266036580" visible="true" version="1" changeset="149119855" timestamp="2024-03-25T08:53:00Z" user="openmap-vn" uid="21213273">
  <nd ref="11760483306"/>
  <nd ref="11760483304"/>
  <nd ref="11760483305"/>
  <nd ref="11760483302"/>
  <nd ref="11760483303"/>
  <nd ref="11760483306"/>
  <tag k="building" v="yes"/>
 </way>
 <way id="1266036581" visible="true" version="1" changeset="149119855" timestamp="2024-03-25T08:53:00Z" user="openmap-vn" uid="21213273">
  <nd ref="11760483308"/>
  <nd ref="11760438967"/>
  <nd ref="11760483307"/>
  <nd ref="11760483305"/>
  <nd ref="11760483304"/>
  <nd ref="11760483299"/>
  <nd ref="11760483298"/>
  <nd ref="11760483308"/>
  <tag k="building" v="yes"/>
 </way>
 <way id="1266038437" visible="true" version="2" changeset="149120753" timestamp="2024-03-25T09:15:39Z" user="openmap-vn" uid="21213273">
  <nd ref="11760492100"/>
  <nd ref="11760502932"/>
  <nd ref="11760502933"/>
  <nd ref="11760492097"/>
  <nd ref="11760492098"/>
  <nd ref="11760492100"/>
  <tag k="building" v="yes"/>
 </way>
 <way id="1266038438" visible="true" version="3" changeset="168946648" timestamp="2025-07-15T06:20:23Z" user="Tewuzij" uid="16194143">
  <nd ref="11760492100"/>
  <nd ref="11760492098"/>
  <nd ref="11760492099"/>
  <nd ref="11760492102"/>
  <nd ref="11760492101"/>
  <nd ref="11760502913"/>
  <nd ref="11760492100"/>
  <tag k="building" v="yes"/>
 </way>
 <way id="1266038439" visible="true" version="1" changeset="149120336" timestamp="2024-03-25T09:05:20Z" user="openmap-vn" uid="21213273">
  <nd ref="11760438962"/>
  <nd ref="11760438959"/>
  <nd ref="11760492106"/>
  <nd ref="11760492102"/>
  <nd ref="11760492101"/>
  <nd ref="11760483281"/>
  <nd ref="11760438962"/>
  <tag k="building" v="yes"/>
 </way>
 <way id="1266038440" visible="true" version="1" changeset="149120336" timestamp="2024-03-25T09:05:20Z" user="openmap-vn" uid="21213273">
  <nd ref="11760492105"/>
  <nd ref="11760492103"/>
  <nd ref="11760492099"/>
  <nd ref="11760492102"/>
  <nd ref="11760492106"/>
  <nd ref="11760492107"/>
  <nd ref="11760492105"/>
  <tag k="building" v="yes"/>
 </way>
 <way id="1266038441" visible="true" version="1" changeset="149120336" timestamp="2024-03-25T09:05:20Z" user="openmap-vn" uid="21213273">
  <nd ref="11760438956"/>
  <nd ref="11760492107"/>
  <nd ref="11760492105"/>
  <nd ref="11760492104"/>
  <nd ref="11760438957"/>
  <nd ref="11760438956"/>
  <tag k="building" v="yes"/>
 </way>
 <way id="1266041340" visible="true" version="1" changeset="149120753" timestamp="2024-03-25T09:15:39Z" user="openmap-vn" uid="21213273">
  <nd ref="11760502930"/>
  <nd ref="11760502915"/>
  <nd ref="11760502916"/>
  <nd ref="11760502917"/>
  <nd ref="11760502931"/>
  <nd ref="11760502930"/>
  <tag k="building" v="yes"/>
 </way>
 <way id="1266041341" visible="true" version="1" changeset="149120753" timestamp="2024-03-25T09:15:39Z" user="openmap-vn" uid="21213273">
  <nd ref="11760502921"/>
  <nd ref="11760502920"/>
  <nd ref="11760502919"/>
  <nd ref="11760502917"/>
  <nd ref="11760502918"/>
  <nd ref="11760502921"/>
  <tag k="building" v="yes"/>
 </way>
 <way id="1266041342" visible="true" version="1" changeset="149120753" timestamp="2024-03-25T09:15:39Z" user="openmap-vn" uid="21213273">
  <nd ref="11760502915"/>
  <nd ref="11760502922"/>
  <nd ref="11760502923"/>
  <nd ref="11760502924"/>
  <nd ref="11760502916"/>
  <nd ref="11760502915"/>
  <tag k="building" v="yes"/>
 </way>
 <way id="1266041343" visible="true" version="1" changeset="149120753" timestamp="2024-03-25T09:15:39Z" user="openmap-vn" uid="21213273">
  <nd ref="11760502928"/>
  <nd ref="11760502927"/>
  <nd ref="11760502925"/>
  <nd ref="11760502926"/>
  <nd ref="11760502929"/>
  <nd ref="11760502928"/>
  <tag k="building" v="yes"/>
 </way>
 <way id="1266041344" visible="true" version="1" changeset="149120753" timestamp="2024-03-25T09:15:39Z" user="openmap-vn" uid="21213273">
  <nd ref="11760502931"/>
  <nd ref="11760502928"/>
  <nd ref="11760502929"/>
  <nd ref="11760502930"/>
  <nd ref="11760502931"/>
  <tag k="building" v="yes"/>
 </way>
 <way id="1266041345" visible="true" version="1" changeset="149120753" timestamp="2024-03-25T09:15:39Z" user="openmap-vn" uid="21213273">
  <nd ref="11760502935"/>
  <nd ref="11760502934"/>
  <nd ref="11760502926"/>
  <nd ref="11760502925"/>
  <nd ref="11760502933"/>
  <nd ref="11760502932"/>
  <nd ref="11760502935"/>
  <tag k="building" v="yes"/>
 </way>
 <way id="1266041346" visible="true" version="1" changeset="149120753" timestamp="2024-03-25T09:15:39Z" user="openmap-vn" uid="21213273">
  <nd ref="11760502936"/>
  <nd ref="11760502935"/>
  <nd ref="11760502932"/>
  <nd ref="11760492100"/>
  <nd ref="11760502936"/>
  <tag k="building" v="yes"/>
 </way>
 <way id="1266041347" visible="true" version="1" changeset="149120753" timestamp="2024-03-25T09:15:39Z" user="openmap-vn" uid="21213273">
  <nd ref="11760483293"/>
  <nd ref="11760502937"/>
  <nd ref="11760502936"/>
  <nd ref="11760492100"/>
  <nd ref="11760502913"/>
  <nd ref="11760483293"/>
  <tag k="building" v="yes"/>
 </way>
 <way id="1266042954" visible="true" version="2" changeset="149121390" timestamp="2024-03-25T09:29:43Z" user="openmap-vn" uid="21213273">
  <nd ref="11760520828"/>
  <nd ref="11760520838"/>
  <nd ref="11760520827"/>
  <nd ref="11760520826"/>
  <nd ref="11760543963"/>
  <nd ref="11760520828"/>
  <tag k="building" v="yes"/>
 </way>
 <way id="1266042955" visible="true" version="1" changeset="149121087" timestamp="2024-03-25T09:23:40Z" user="openmap-vn" uid="21213273">
  <nd ref="11760520833"/>
  <nd ref="11760520832"/>
  <nd ref="11760520830"/>
  <nd ref="11760520829"/>
  <nd ref="11760520833"/>
  <tag k="building" v="yes"/>
 </way>
 <way id="1266042956" visible="true" version="2" changeset="168946648" timestamp="2025-07-15T06:20:23Z" user="Tewuzij" uid="16194143">
  <nd ref="11760520836"/>
  <nd ref="11760520831"/>
  <nd ref="11760520832"/>
  <nd ref="11760520833"/>
  <nd ref="11760520836"/>
  <tag k="building" v="yes"/>
 </way>
 <way id="1266042957" visible="true" version="2" changeset="168946648" timestamp="2025-07-15T06:20:23Z" user="Tewuzij" uid="16194143">
  <nd ref="11760520838"/>
  <nd ref="11760520827"/>
  <nd ref="11760520834"/>
  <nd ref="11760520831"/>
  <nd ref="11760520836"/>
  <nd ref="11760520838"/>
  <tag k="building" v="yes"/>
 </way>
 <way id="1266042958" visible="true" version="2" changeset="168946648" timestamp="2025-07-15T06:20:23Z" user="Tewuzij" uid="16194143">
  <nd ref="11760520842"/>
  <nd ref="11760520844"/>
  <nd ref="11760438947"/>
  <nd ref="11760520841"/>
  <nd ref="11760520837"/>
  <nd ref="11760520840"/>
  <nd ref="11760520842"/>
  <tag k="building" v="yes"/>
 </way>
 <way id="1266042959" visible="true" version="1" changeset="149121087" timestamp="2024-03-25T09:23:40Z" user="openmap-vn" uid="21213273">
  <nd ref="11760520847"/>
  <nd ref="11760520842"/>
  <nd ref="11760520843"/>
  <nd ref="11760520845"/>
  <nd ref="11760520847"/>
  <tag k="building" v="yes"/>
 </way>
 <way id="1266042960" visible="true" version="1" changeset="149121087" timestamp="2024-03-25T09:23:40Z" user="openmap-vn" uid="21213273">
  <nd ref="11760520846"/>
  <nd ref="11760520848"/>
  <nd ref="11760520850"/>
  <nd ref="11760520844"/>
  <nd ref="11760520846"/>
  <tag k="building" v="yes"/>
 </way>
 <way id="1266042961" visible="true" version="1" changeset="149121087" timestamp="2024-03-25T09:23:40Z" user="openmap-vn" uid="21213273">
  <nd ref="11760520848"/>
  <nd ref="11760520846"/>
  <nd ref="11760520847"/>
  <nd ref="11760520845"/>
  <nd ref="11760520848"/>
  <tag k="building" v="yes"/>
 </way>
 <way id="1266044174" visible="true" version="1" changeset="149121390" timestamp="2024-03-25T09:29:43Z" user="openmap-vn" uid="21213273">
  <nd ref="11760543944"/>
  <nd ref="11760543940"/>
  <nd ref="11760543939"/>
  <nd ref="11760543938"/>
  <nd ref="11760543937"/>
  <nd ref="11760543945"/>
  <nd ref="11760543944"/>
  <tag k="building" v="yes"/>
 </way>
 <way id="1266044176" visible="true" version="1" changeset="149121390" timestamp="2024-03-25T09:29:43Z" user="openmap-vn" uid="21213273">
  <nd ref="11760543943"/>
  <nd ref="11760543941"/>
  <nd ref="11760543942"/>
  <nd ref="11760543946"/>
  <nd ref="11760543943"/>
  <tag k="building" v="yes"/>
 </way>
 <way id="1266045855" visible="true" version="2" changeset="149122406" timestamp="2024-03-25T09:54:13Z" user="openmap-vn" uid="21213273">
  <nd ref="11760539797"/>
  <nd ref="11760539793"/>
  <nd ref="11760539792"/>
  <nd ref="11760539794"/>
  <nd ref="11760539795"/>
  <nd ref="11760581237"/>
  <nd ref="11760581238"/>
  <nd ref="11760539796"/>
  <nd ref="11760539797"/>
  <tag k="building" v="yes"/>
 </way>
 <way id="1266045856" visible="true" version="1" changeset="149121749" timestamp="2024-03-25T09:37:19Z" user="openmap-vn" uid="21213273">
  <nd ref="11760539802"/>
  <nd ref="11760539800"/>
  <nd ref="11760539799"/>
  <nd ref="11760539797"/>
  <nd ref="11760539798"/>
  <nd ref="11760539802"/>
  <tag k="building" v="yes"/>
 </way>
 <way id="1266045857" visible="true" version="1" changeset="149121749" timestamp="2024-03-25T09:37:19Z" user="openmap-vn" uid="21213273">
  <nd ref="11760539803"/>
  <nd ref="11760539801"/>
  <nd ref="11760539800"/>
  <nd ref="11760539802"/>
  <nd ref="11760539804"/>
  <nd ref="11760539803"/>
  <tag k="building" v="yes"/>
 </way>
 <way id="1266045858" visible="true" version="1" changeset="149121749" timestamp="2024-03-25T09:37:19Z" user="openmap-vn" uid="21213273">
  <nd ref="11760539805"/>
  <nd ref="11760539803"/>
  <nd ref="11760539804"/>
  <nd ref="11760539806"/>
  <nd ref="11760539805"/>
  <tag k="building" v="yes"/>
 </way>
 <way id="1266045859" visible="true" version="1" changeset="149121749" timestamp="2024-03-25T09:37:19Z" user="openmap-vn" uid="21213273">
  <nd ref="11760539807"/>
  <nd ref="11760539805"/>
  <nd ref="11760539806"/>
  <nd ref="11760539808"/>
  <nd ref="11760539807"/>
  <tag k="building" v="yes"/>
 </way>
 <way id="1266050261" visible="true" version="1" changeset="149122406" timestamp="2024-03-25T09:54:13Z" user="openmap-vn" uid="21213273">
  <nd ref="11760581232"/>
  <nd ref="11760581228"/>
  <nd ref="11760581227"/>
  <nd ref="11760581226"/>
  <nd ref="11760581225"/>
  <nd ref="11760581224"/>
  <nd ref="11760581232"/>
  <tag k="building" v="yes"/>
 </way>
 <way id="1266050262" visible="true" version="1" changeset="149122406" timestamp="2024-03-25T09:54:13Z" user="openmap-vn" uid="21213273">
  <nd ref="11760581234"/>
  <nd ref="11760581233"/>
  <nd ref="11760581230"/>
  <nd ref="11760581229"/>
  <nd ref="11760581232"/>
  <nd ref="11760581231"/>
  <nd ref="11760581234"/>
  <tag k="building" v="yes"/>
 </way>
 <way id="1266053440" visible="true" version="2" changeset="149122953" timestamp="2024-03-25T10:08:45Z" user="openmap-vn" uid="21213273">
  <nd ref="11760602063"/>
  <nd ref="11760602061"/>
  <nd ref="11760641440"/>
  <nd ref="11760602062"/>
  <nd ref="11760602060"/>
  <nd ref="11760602063"/>
  <tag k="building" v="yes"/>
 </way>
 <way id="1266053442" visible="true" version="2" changeset="153050942" timestamp="2024-06-23T02:40:28Z" user="logus2" uid="21611817">
  <nd ref="106098698"/>
  <nd ref="11760602068"/>
  <tag k="bicycle" v="yes"/>
  <tag k="highway" v="service"/>
  <tag k="moped" v="yes"/>
  <tag k="motorcycle" v="yes"/>
  <tag k="motor_vehicle" v="no"/>
  <tag k="service" v="alley"/>
  <tag k="surface" v="concrete"/>
 </way>
 <way id="1266053443" visible="true" version="2" changeset="153050942" timestamp="2024-06-23T02:40:28Z" user="logus2" uid="21611817">
  <nd ref="11760609271"/>
  <nd ref="11760609270"/>
  <nd ref="11760609269"/>
  <tag k="highway" v="service"/>
  <tag k="service" v="alley"/>
  <tag k="surface" v="concrete"/>
 </way>
 <way id="1266057386" visible="true" version="1" changeset="149122953" timestamp="2024-03-25T10:08:45Z" user="openmap-vn" uid="21213273">
  <nd ref="11760641433"/>
  <nd ref="11760641428"/>
  <nd ref="11760641430"/>
  <nd ref="11760641429"/>
  <nd ref="11760641431"/>
  <nd ref="11760641432"/>
  <nd ref="11760641433"/>
  <tag k="building" v="yes"/>
 </way>
 <way id="1266057387" visible="true" version="1" changeset="149122953" timestamp="2024-03-25T10:08:45Z" user="openmap-vn" uid="21213273">
  <nd ref="11760641438"/>
  <nd ref="11760641435"/>
  <nd ref="11760641434"/>
  <nd ref="11760641429"/>
  <nd ref="11760641430"/>
  <nd ref="11760641428"/>
  <nd ref="11760641436"/>
  <nd ref="11760641438"/>
  <tag k="building" v="yes"/>
 </way>
 <way id="1266057388" visible="true" version="1" changeset="149122953" timestamp="2024-03-25T10:08:45Z" user="openmap-vn" uid="21213273">
  <nd ref="11760641440"/>
  <nd ref="11760602061"/>
  <nd ref="11760641437"/>
  <nd ref="11760641439"/>
  <nd ref="11760641438"/>
  <nd ref="11760641440"/>
  <tag k="building" v="yes"/>
 </way>
 <way id="1266058528" visible="true" version="1" changeset="149123255" timestamp="2024-03-25T10:15:49Z" user="openmap-vn" uid="21213273">
  <nd ref="11760633724"/>
  <nd ref="11760633727"/>
  <nd ref="11760633728"/>
  <nd ref="11760633725"/>
  <nd ref="11760633724"/>
  <tag k="building" v="yes"/>
 </way>
 <way id="1266058529" visible="true" version="1" changeset="149123255" timestamp="2024-03-25T10:15:49Z" user="openmap-vn" uid="21213273">
  <nd ref="11760633729"/>
  <nd ref="11760633726"/>
  <nd ref="11760633724"/>
  <nd ref="11760633725"/>
  <nd ref="11760633729"/>
  <tag k="building" v="yes"/>
 </way>
 <way id="1266058530" visible="true" version="1" changeset="149123255" timestamp="2024-03-25T10:15:49Z" user="openmap-vn" uid="21213273">
  <nd ref="11760633733"/>
  <nd ref="11760633737"/>
  <nd ref="11760633732"/>
  <nd ref="11760633731"/>
  <nd ref="11760633730"/>
  <nd ref="11760633738"/>
  <nd ref="11760633733"/>
  <tag k="building" v="yes"/>
 </way>
 <way id="1266058531" visible="true" version="1" changeset="149123255" timestamp="2024-03-25T10:15:49Z" user="openmap-vn" uid="21213273">
  <nd ref="11760633737"/>
  <nd ref="11760633734"/>
  <nd ref="11760633735"/>
  <nd ref="11760633736"/>
  <nd ref="11760633733"/>
  <nd ref="11760633737"/>
  <tag k="building" v="yes"/>
 </way>
 <way id="1266058532" visible="true" version="1" changeset="149123255" timestamp="2024-03-25T10:15:49Z" user="openmap-vn" uid="21213273">
  <nd ref="11760633740"/>
  <nd ref="11760633741"/>
  <nd ref="11760633739"/>
  <nd ref="11760633738"/>
  <nd ref="11760633744"/>
  <nd ref="11760633740"/>
  <tag k="building" v="yes"/>
 </way>
 <way id="1266058533" visible="true" version="1" changeset="149123255" timestamp="2024-03-25T10:15:49Z" user="openmap-vn" uid="21213273">
  <nd ref="11760633743"/>
  <nd ref="11760633742"/>
  <nd ref="11760633741"/>
  <nd ref="11760633740"/>
  <nd ref="11760633743"/>
  <tag k="building" v="yes"/>
 </way>
 <way id="1266062543" visible="true" version="1" changeset="149123842" timestamp="2024-03-25T10:30:11Z" user="openmap-vn" uid="21213273">
  <nd ref="11760642658"/>
  <nd ref="11760642651"/>
  <nd ref="11760642650"/>
  <nd ref="11760642657"/>
  <nd ref="11760642660"/>
  <nd ref="11760642659"/>
  <nd ref="11760642658"/>
  <tag k="building" v="yes"/>
 </way>
 <way id="1266062544" visible="true" version="1" changeset="149123842" timestamp="2024-03-25T10:30:11Z" user="openmap-vn" uid="21213273">
  <nd ref="11760642662"/>
  <nd ref="11760642660"/>
  <nd ref="11760642657"/>
  <nd ref="11760642650"/>
  <nd ref="11760642652"/>
  <nd ref="11760642654"/>
  <nd ref="11760642662"/>
  <tag k="building" v="yes"/>
 </way>
 <way id="1266062547" visible="true" version="1" changeset="149123842" timestamp="2024-03-25T10:30:11Z" user="openmap-vn" uid="21213273">
  <nd ref="11760642666"/>
  <nd ref="11760642664"/>
  <nd ref="11760642665"/>
  <nd ref="11760642667"/>
  <nd ref="11760642666"/>
  <tag k="building" v="yes"/>
 </way>
 <way id="1266062548" visible="true" version="1" changeset="149123842" timestamp="2024-03-25T10:30:11Z" user="openmap-vn" uid="21213273">
  <nd ref="11760679069"/>
  <nd ref="11760642656"/>
  <nd ref="11760642666"/>
  <nd ref="11760642667"/>
  <nd ref="11760642668"/>
  <nd ref="11760679069"/>
  <tag k="building" v="yes"/>
 </way>
 <way id="1266190973" visible="true" version="1" changeset="149138276" timestamp="2024-03-25T16:01:51Z" user="openmap-vn" uid="21213273">
  <nd ref="11761506732"/>
  <nd ref="11761506738"/>
  <nd ref="11761506743"/>
  <nd ref="11761506733"/>
  <nd ref="11761506732"/>
  <tag k="building" v="yes"/>
 </way>
 <way id="1266190974" visible="true" version="1" changeset="149138276" timestamp="2024-03-25T16:01:51Z" user="openmap-vn" uid="21213273">
  <nd ref="11761506735"/>
  <nd ref="11761506732"/>
  <nd ref="11761506733"/>
  <nd ref="11761506734"/>
  <nd ref="11761506735"/>
  <tag k="building" v="yes"/>
 </way>
 <way id="1266190975" visible="true" version="1" changeset="149138276" timestamp="2024-03-25T16:01:51Z" user="openmap-vn" uid="21213273">
  <nd ref="11761506736"/>
  <nd ref="11761506737"/>
  <nd ref="11761506735"/>
  <nd ref="11761506734"/>
  <nd ref="11761506736"/>
  <tag k="building" v="yes"/>
 </way>
 <way id="1266190976" visible="true" version="1" changeset="149138276" timestamp="2024-03-25T16:01:51Z" user="openmap-vn" uid="21213273">
  <nd ref="11761506751"/>
  <nd ref="11761506764"/>
  <nd ref="11761506745"/>
  <nd ref="11761506740"/>
  <nd ref="11761506741"/>
  <nd ref="11761506739"/>
  <nd ref="11761506751"/>
  <tag k="building" v="yes"/>
 </way>
 <way id="1266190978" visible="true" version="1" changeset="149138276" timestamp="2024-03-25T16:01:51Z" user="openmap-vn" uid="21213273">
  <nd ref="11761506753"/>
  <nd ref="11761506746"/>
  <nd ref="11761506745"/>
  <nd ref="11761506764"/>
  <nd ref="11761506751"/>
  <nd ref="11761506753"/>
  <tag k="building" v="yes"/>
 </way>
 <way id="1266190979" visible="true" version="1" changeset="149138276" timestamp="2024-03-25T16:01:51Z" user="openmap-vn" uid="21213273">
  <nd ref="11761506757"/>
  <nd ref="11761506753"/>
  <nd ref="11761506751"/>
  <nd ref="11761506763"/>
  <nd ref="11761506757"/>
  <tag k="building" v="yes"/>
 </way>
 <way id="1266190981" visible="true" version="1" changeset="149138276" timestamp="2024-03-25T16:01:51Z" user="openmap-vn" uid="21213273">
  <nd ref="11761506754"/>
  <nd ref="11761506752"/>
  <nd ref="11761506753"/>
  <nd ref="11761506757"/>
  <nd ref="11761506754"/>
  <tag k="building" v="yes"/>
 </way>
 <way id="1266190983" visible="true" version="1" changeset="149138276" timestamp="2024-03-25T16:01:51Z" user="openmap-vn" uid="21213273">
  <nd ref="11761506759"/>
  <nd ref="11761506756"/>
  <nd ref="11761506755"/>
  <nd ref="11761506752"/>
  <nd ref="11761506754"/>
  <nd ref="11761506759"/>
  <tag k="building" v="yes"/>
 </way>
 <way id="1266190984" visible="true" version="1" changeset="149138276" timestamp="2024-03-25T16:01:51Z" user="openmap-vn" uid="21213273">
  <nd ref="11761506760"/>
  <nd ref="11761506761"/>
  <nd ref="11761506758"/>
  <nd ref="11761506756"/>
  <nd ref="11761506759"/>
  <nd ref="11761506760"/>
  <tag k="building" v="yes"/>
 </way>
 <way id="1266190985" visible="true" version="1" changeset="149138276" timestamp="2024-03-25T16:01:51Z" user="openmap-vn" uid="21213273">
  <nd ref="11761506767"/>
  <nd ref="11761506761"/>
  <nd ref="11761506760"/>
  <nd ref="11761506762"/>
  <nd ref="11761506767"/>
  <tag k="building" v="yes"/>
 </way>
 <way id="1266190986" visible="true" version="1" changeset="149138276" timestamp="2024-03-25T16:01:51Z" user="openmap-vn" uid="21213273">
  <nd ref="11761510870"/>
  <nd ref="11761510871"/>
  <nd ref="11761506766"/>
  <nd ref="11761506767"/>
  <nd ref="11761506762"/>
  <nd ref="11761506768"/>
  <nd ref="11761506765"/>
  <nd ref="11761510870"/>
  <tag k="building" v="yes"/>
 </way>
 <way id="1266190987" visible="true" version="1" changeset="149138276" timestamp="2024-03-25T16:01:51Z" user="openmap-vn" uid="21213273">
  <nd ref="11761510872"/>
  <nd ref="11761510871"/>
  <nd ref="11761510870"/>
  <nd ref="11761510869"/>
  <nd ref="11761510872"/>
  <tag k="building" v="yes"/>
 </way>
 <way id="1266197413" visible="true" version="1" changeset="149138558" timestamp="2024-03-25T16:09:25Z" user="openmap-vn" uid="21213273">
  <nd ref="11761498707"/>
  <nd ref="11761498713"/>
  <nd ref="11761498706"/>
  <nd ref="11761498705"/>
  <nd ref="11761498707"/>
  <tag k="building" v="yes"/>
 </way>
 <way id="1266197414" visible="true" version="1" changeset="149138558" timestamp="2024-03-25T16:09:25Z" user="openmap-vn" uid="21213273">
  <nd ref="11761498710"/>
  <nd ref="11761498714"/>
  <nd ref="11761498707"/>
  <nd ref="11761498705"/>
  <nd ref="11761498709"/>
  <nd ref="11761498708"/>
  <nd ref="11761498710"/>
  <tag k="building" v="yes"/>
 </way>
 <way id="1266197415" visible="true" version="1" changeset="149138558" timestamp="2024-03-25T16:09:25Z" user="openmap-vn" uid="21213273">
  <nd ref="11761498714"/>
  <nd ref="11761498710"/>
  <nd ref="11761498711"/>
  <nd ref="11761498715"/>
  <nd ref="11761498714"/>
  <tag k="building" v="yes"/>
 </way>
 <way id="1266197416" visible="true" version="1" changeset="149138558" timestamp="2024-03-25T16:09:25Z" user="openmap-vn" uid="21213273">
  <nd ref="11761498715"/>
  <nd ref="11761498712"/>
  <nd ref="11761498713"/>
  <nd ref="11761498707"/>
  <nd ref="11761498714"/>
  <nd ref="11761498715"/>
  <tag k="building" v="yes"/>
 </way>
 <way id="1266197417" visible="true" version="1" changeset="149138558" timestamp="2024-03-25T16:09:25Z" user="openmap-vn" uid="21213273">
  <nd ref="11761498719"/>
  <nd ref="11761498716"/>
  <nd ref="11761498717"/>
  <nd ref="11761498720"/>
  <nd ref="11761498719"/>
  <tag k="building" v="yes"/>
 </way>
 <way id="1266197418" visible="true" version="1" changeset="149138558" timestamp="2024-03-25T16:09:25Z" user="openmap-vn" uid="21213273">
  <nd ref="11761498721"/>
  <nd ref="11761498719"/>
  <nd ref="11761498720"/>
  <nd ref="11761498718"/>
  <nd ref="11761498722"/>
  <nd ref="11761498721"/>
  <tag k="building" v="yes"/>
 </way>
 <way id="1266197419" visible="true" version="1" changeset="149138558" timestamp="2024-03-25T16:09:25Z" user="openmap-vn" uid="21213273">
  <nd ref="11761498725"/>
  <nd ref="11761498721"/>
  <nd ref="11761498722"/>
  <nd ref="11761498726"/>
  <nd ref="11761498725"/>
  <tag k="building" v="yes"/>
 </way>
 <way id="1266197420" visible="true" version="1" changeset="149138558" timestamp="2024-03-25T16:09:25Z" user="openmap-vn" uid="21213273">
  <nd ref="11761498727"/>
  <nd ref="11761498723"/>
  <nd ref="11761498724"/>
  <nd ref="11761498737"/>
  <nd ref="11761498727"/>
  <tag k="building" v="yes"/>
 </way>
 <way id="1266197421" visible="true" version="1" changeset="149138558" timestamp="2024-03-25T16:09:25Z" user="openmap-vn" uid="21213273">
  <nd ref="11761498728"/>
  <nd ref="11761498725"/>
  <nd ref="11761498726"/>
  <nd ref="11761498723"/>
  <nd ref="11761498727"/>
  <nd ref="11761498736"/>
  <nd ref="11761498728"/>
  <tag k="building" v="yes"/>
 </way>
 <way id="1266197422" visible="true" version="1" changeset="149138558" timestamp="2024-03-25T16:09:25Z" user="openmap-vn" uid="21213273">
  <nd ref="11761498743"/>
  <nd ref="11761498738"/>
  <nd ref="11761498729"/>
  <nd ref="11761498731"/>
  <nd ref="11761498730"/>
  <nd ref="11761498740"/>
  <nd ref="11761498743"/>
  <tag k="building" v="yes"/>
 </way>
 <way id="1266197423" visible="true" version="1" changeset="149138558" timestamp="2024-03-25T16:09:25Z" user="openmap-vn" uid="21213273">
  <nd ref="11761498736"/>
  <nd ref="11761498734"/>
  <nd ref="11761498735"/>
  <nd ref="11761498733"/>
  <nd ref="11761498732"/>
  <nd ref="11761498728"/>
  <nd ref="11761498736"/>
  <tag k="building" v="yes"/>
 </way>
 <way id="1266197424" visible="true" version="1" changeset="149138558" timestamp="2024-03-25T16:09:25Z" user="openmap-vn" uid="21213273">
  <nd ref="11761498739"/>
  <nd ref="11761498735"/>
  <nd ref="11761498734"/>
  <nd ref="11761498736"/>
  <nd ref="11761498727"/>
  <nd ref="11761498737"/>
  <nd ref="11761498738"/>
  <nd ref="11761498743"/>
  <nd ref="11761498739"/>
  <tag k="building" v="yes"/>
 </way>
 <way id="1266197425" visible="true" version="1" changeset="149138558" timestamp="2024-03-25T16:09:25Z" user="openmap-vn" uid="21213273">
  <nd ref="11761498743"/>
  <nd ref="11761498740"/>
  <nd ref="11761498741"/>
  <nd ref="11761498742"/>
  <nd ref="11761498739"/>
  <nd ref="11761498743"/>
  <tag k="building" v="yes"/>
 </way>
 <way id="1266204077" visible="true" version="1" changeset="149139478" timestamp="2024-03-25T16:34:59Z" user="openmap-vn" uid="21213273">
  <nd ref="11761590215"/>
  <nd ref="11761590216"/>
  <nd ref="11761498701"/>
  <nd ref="11761498704"/>
  <nd ref="11761590215"/>
  <tag k="building" v="yes"/>
 </way>
 <way id="1266204078" visible="true" version="1" changeset="149139478" timestamp="2024-03-25T16:34:59Z" user="openmap-vn" uid="21213273">
  <nd ref="11761498703"/>
  <nd ref="11761498702"/>
  <nd ref="11761590216"/>
  <nd ref="11761590215"/>
  <nd ref="11761498703"/>
  <tag k="building" v="yes"/>
 </way>
 <way id="1266204079" visible="true" version="1" changeset="149139478" timestamp="2024-03-25T16:34:59Z" user="openmap-vn" uid="21213273">
  <nd ref="11761590222"/>
  <nd ref="11761590221"/>
  <nd ref="11761590220"/>
  <nd ref="11761590219"/>
  <nd ref="11761590222"/>
  <tag k="building" v="yes"/>
 </way>
 <way id="1266204080" visible="true" version="1" changeset="149139478" timestamp="2024-03-25T16:34:59Z" user="openmap-vn" uid="21213273">
  <nd ref="11761590226"/>
  <nd ref="11761590225"/>
  <nd ref="11761590224"/>
  <nd ref="11761590223"/>
  <nd ref="11761590221"/>
  <nd ref="11761590226"/>
  <tag k="building" v="yes"/>
  <tag k="name" v="Siêu Thị Điện Máy MediaMart Đội Cấn"/>
 </way>
 <way id="1271068417" visible="true" version="2" changeset="153050705" timestamp="2024-06-23T02:13:13Z" user="logus2" uid="21611817">
  <nd ref="11804000482"/>
  <nd ref="11804000480"/>
  <nd ref="445253706"/>
  <nd ref="445253747"/>
  <nd ref="10302026114"/>
  <nd ref="2105753377"/>
  <tag k="highway" v="service"/>
  <tag k="name" v="Ngõ 42 Liễu Giai"/>
  <tag k="service" v="alley"/>
 </way>
 <way id="1271068418" visible="true" version="2" changeset="153050705" timestamp="2024-06-23T02:13:13Z" user="logus2" uid="21611817">
  <nd ref="2084303045"/>
  <nd ref="11804000483"/>
  <nd ref="11804000484"/>
  <tag k="highway" v="service"/>
  <tag k="service" v="alley"/>
 </way>
 <way id="1286509450" visible="true" version="1" changeset="151799518" timestamp="2024-05-25T08:21:16Z" user="vietnam321" uid="11196308">
  <nd ref="11932556618"/>
  <nd ref="11932556619"/>
  <nd ref="11932556620"/>
  <nd ref="11932556621"/>
  <nd ref="11932556622"/>
  <nd ref="11932556623"/>
  <nd ref="11932556624"/>
  <nd ref="11932556625"/>
  <nd ref="11932556618"/>
  <tag k="amenity" v="place_of_worship"/>
  <tag k="building" v="yes"/>
  <tag k="name" v="Đình Kim Mã Thượng"/>
  <tag k="religion" v="vietnamese_folk"/>
 </way>
 <way id="1286509451" visible="true" version="1" changeset="151799518" timestamp="2024-05-25T08:21:16Z" user="vietnam321" uid="11196308">
  <nd ref="11932556626"/>
  <nd ref="11932556627"/>
  <nd ref="11932556628"/>
  <nd ref="11932556629"/>
  <nd ref="11932556630"/>
  <nd ref="11932556631"/>
  <nd ref="11932556626"/>
  <tag k="building" v="yes"/>
 </way>
 <way id="1287959193" visible="true" version="1" changeset="152019749" timestamp="2024-05-30T07:41:57Z" user="vietnam321" uid="11196308">
  <nd ref="11944381482"/>
  <nd ref="11944381483"/>
  <nd ref="11944381484"/>
  <nd ref="11944381485"/>
  <nd ref="11944381482"/>
  <tag k="natural" v="water"/>
 </way>
 <way id="1292544281" visible="true" version="1" changeset="152704838" timestamp="2024-06-15T03:58:19Z" user="vietnam321" uid="11196308">
  <nd ref="11982313965"/>
  <nd ref="11982313966"/>
  <nd ref="11982313967"/>
  <nd ref="11982313968"/>
  <nd ref="11982313969"/>
  <nd ref="11982313970"/>
  <nd ref="11982313971"/>
  <nd ref="11982313972"/>
  <nd ref="11982313973"/>
  <nd ref="11982313974"/>
  <nd ref="11982313975"/>
  <nd ref="11982313976"/>
  <nd ref="11982313965"/>
  <tag k="building" v="apartments"/>
 </way>
 <way id="1292544282" visible="true" version="1" changeset="152704838" timestamp="2024-06-15T03:58:19Z" user="vietnam321" uid="11196308">
  <nd ref="11982313977"/>
  <nd ref="11982313978"/>
  <nd ref="11982313979"/>
  <nd ref="11982313980"/>
  <nd ref="11982313981"/>
  <nd ref="11982313982"/>
  <nd ref="11982313983"/>
  <nd ref="11982313984"/>
  <nd ref="11982313985"/>
  <nd ref="11982313986"/>
  <nd ref="11982313977"/>
  <tag k="building" v="apartments"/>
 </way>
 <way id="1292544283" visible="true" version="1" changeset="152704838" timestamp="2024-06-15T03:58:19Z" user="vietnam321" uid="11196308">
  <nd ref="11982313987"/>
  <nd ref="11982313988"/>
  <nd ref="11982313989"/>
  <nd ref="11982313990"/>
  <nd ref="11982313991"/>
  <nd ref="11982313992"/>
  <nd ref="11982313993"/>
  <nd ref="11982313994"/>
  <nd ref="11982313995"/>
  <nd ref="11982313996"/>
  <nd ref="11982313997"/>
  <nd ref="11982313998"/>
  <nd ref="11982313999"/>
  <nd ref="11982314000"/>
  <nd ref="11982314001"/>
  <nd ref="11982314002"/>
  <nd ref="11982313987"/>
  <tag k="building" v="apartments"/>
 </way>
 <way id="1292544284" visible="true" version="1" changeset="152704838" timestamp="2024-06-15T03:58:19Z" user="vietnam321" uid="11196308">
  <nd ref="11982314003"/>
  <nd ref="11982314004"/>
  <nd ref="11982314005"/>
  <nd ref="11982314006"/>
  <nd ref="11982314007"/>
  <nd ref="11982314008"/>
  <nd ref="11982314009"/>
  <nd ref="11982314010"/>
  <nd ref="11982314011"/>
  <nd ref="11982314012"/>
  <nd ref="11982314003"/>
  <tag k="building" v="apartments"/>
 </way>
 <way id="1294635437" visible="true" version="2" changeset="153050705" timestamp="2024-06-23T02:13:13Z" user="logus2" uid="21611817">
  <nd ref="11998136191"/>
  <nd ref="11998136190"/>
  <nd ref="11998136194"/>
  <tag k="highway" v="service"/>
  <tag k="service" v="alley"/>
 </way>
 <way id="1294709616" visible="true" version="2" changeset="153050942" timestamp="2024-06-23T02:40:28Z" user="logus2" uid="21611817">
  <nd ref="11998689957"/>
  <nd ref="11998689956"/>
  <tag k="highway" v="service"/>
  <tag k="service" v="alley"/>
 </way>
 <way id="1294709618" visible="true" version="1" changeset="152985266" timestamp="2024-06-21T10:04:02Z" user="openmap-vn" uid="21213273">
  <nd ref="11998693771"/>
  <nd ref="11998689968"/>
  <nd ref="11998693769"/>
  <nd ref="11998693770"/>
  <nd ref="11998693771"/>
  <tag k="building" v="yes"/>
 </way>
 <way id="1294709619" visible="true" version="1" changeset="152985266" timestamp="2024-06-21T10:04:02Z" user="openmap-vn" uid="21213273">
  <nd ref="11998693772"/>
  <nd ref="11998693773"/>
  <nd ref="11998693771"/>
  <nd ref="11998693770"/>
  <nd ref="11998693772"/>
  <tag k="building" v="yes"/>
 </way>
 <way id="1294709620" visible="true" version="1" changeset="152985266" timestamp="2024-06-21T10:04:02Z" user="openmap-vn" uid="21213273">
  <nd ref="11998693776"/>
  <nd ref="11998693773"/>
  <nd ref="11998693772"/>
  <nd ref="11998693774"/>
  <nd ref="11998693775"/>
  <nd ref="11998693776"/>
  <tag k="building" v="yes"/>
 </way>
 <way id="1294709621" visible="true" version="1" changeset="152985266" timestamp="2024-06-21T10:04:02Z" user="openmap-vn" uid="21213273">
  <nd ref="11998693779"/>
  <nd ref="11998693776"/>
  <nd ref="11998693775"/>
  <nd ref="11998693777"/>
  <nd ref="11998693778"/>
  <nd ref="11998693779"/>
  <tag k="building" v="yes"/>
 </way>
 <way id="1294709622" visible="true" version="1" changeset="152985266" timestamp="2024-06-21T10:04:02Z" user="openmap-vn" uid="21213273">
  <nd ref="11998693780"/>
  <nd ref="11998693789"/>
  <nd ref="11998693779"/>
  <nd ref="11998693778"/>
  <nd ref="11998693780"/>
  <tag k="building" v="yes"/>
 </way>
 <way id="1294709623" visible="true" version="1" changeset="152985266" timestamp="2024-06-21T10:04:02Z" user="openmap-vn" uid="21213273">
  <nd ref="11998693784"/>
  <nd ref="11998693781"/>
  <nd ref="11998693782"/>
  <nd ref="11998693783"/>
  <nd ref="11998693784"/>
  <tag k="building" v="yes"/>
 </way>
 <way id="1294709624" visible="true" version="1" changeset="152985266" timestamp="2024-06-21T10:04:02Z" user="openmap-vn" uid="21213273">
  <nd ref="11998693786"/>
  <nd ref="11998693789"/>
  <nd ref="11998693780"/>
  <nd ref="11998693785"/>
  <nd ref="11998693784"/>
  <nd ref="11998693783"/>
  <nd ref="11998693786"/>
  <tag k="building" v="yes"/>
 </way>
 <way id="1294709625" visible="true" version="1" changeset="152985266" timestamp="2024-06-21T10:04:02Z" user="openmap-vn" uid="21213273">
  <nd ref="11998693796"/>
  <nd ref="11998693790"/>
  <nd ref="11998693789"/>
  <nd ref="11998693786"/>
  <nd ref="11998693788"/>
  <nd ref="11998693787"/>
  <nd ref="11998693796"/>
  <tag k="building" v="yes"/>
 </way>
 <way id="1294709626" visible="true" version="1" changeset="152985266" timestamp="2024-06-21T10:04:02Z" user="openmap-vn" uid="21213273">
  <nd ref="11998693798"/>
  <nd ref="11998693797"/>
  <nd ref="11998693796"/>
  <nd ref="11998693790"/>
  <nd ref="11998693795"/>
  <nd ref="11998693794"/>
  <nd ref="11998693793"/>
  <nd ref="11998693792"/>
  <nd ref="11998693791"/>
  <nd ref="11998693798"/>
  <tag k="building" v="yes"/>
 </way>
 <way id="1302623063" visible="true" version="3" changeset="173416332" timestamp="2025-10-17T15:19:51Z" user="Hung159" uid="22065819">
  <nd ref="2922908915"/>
  <nd ref="6557766361"/>
  <nd ref="6557766362"/>
  <nd ref="6557766363"/>
  <nd ref="2922908917"/>
  <nd ref="2922908944"/>
  <nd ref="2922908971"/>
  <nd ref="11071444938"/>
  <nd ref="2922908945"/>
  <nd ref="2922908925"/>
  <nd ref="2922908958"/>
  <nd ref="12231311553"/>
  <nd ref="2922908946"/>
  <nd ref="2922908947"/>
  <nd ref="2922908955"/>
  <nd ref="2922908948"/>
  <nd ref="12231311556"/>
  <tag k="highway" v="service"/>
  <tag k="name" v="Ngõ 343 Phố Đội Cấn"/>
  <tag k="service" v="alley"/>
  <tag k="surface" v="asphalt"/>
 </way>
 <way id="1321787079" visible="true" version="1" changeset="157570699" timestamp="2024-10-07T08:31:46Z" user="Grab_Cong" uid="18820325">
  <nd ref="2922908958"/>
  <nd ref="12231311552"/>
  <tag k="highway" v="service"/>
  <tag k="service" v="alley"/>
 </way>
 <way id="1321787080" visible="true" version="1" changeset="157570699" timestamp="2024-10-07T08:31:46Z" user="Grab_Cong" uid="18820325">
  <nd ref="2922908950"/>
  <nd ref="12231311558"/>
  <tag k="highway" v="service"/>
  <tag k="service" v="alley"/>
 </way>
 <way id="1322036854" visible="true" version="2" changeset="173416332" timestamp="2025-10-17T15:19:51Z" user="Hung159" uid="22065819">
  <nd ref="12234036693"/>
  <nd ref="12234036695"/>
  <nd ref="12234036694"/>
  <nd ref="3382291967"/>
  <tag k="highway" v="service"/>
  <tag k="name" v="Hẻm 127/15/1 Đường Văn Cao"/>
  <tag k="service" v="alley"/>
 </way>
 <way id="1322036855" visible="true" version="1" changeset="157605843" timestamp="2024-10-08T03:23:44Z" user="Grab_Cong" uid="18820325">
  <nd ref="12234036695"/>
  <nd ref="12234036696"/>
  <tag k="highway" v="service"/>
  <tag k="name" v="Hẻm 1 Ngách 15 Ngõ 127 Văn Cao"/>
  <tag k="service" v="alley"/>
 </way>
 <way id="1322036856" visible="true" version="2" changeset="173416332" timestamp="2025-10-17T15:19:51Z" user="Hung159" uid="22065819">
  <nd ref="11998689955"/>
  <nd ref="3382291968"/>
  <nd ref="12234036698"/>
  <tag k="highway" v="service"/>
  <tag k="name" v="Hẻm 127/15/2 Đường Văn Cao"/>
  <tag k="service" v="alley"/>
 </way>
 <way id="1322036857" visible="true" version="2" changeset="173416332" timestamp="2025-10-17T15:19:51Z" user="Hung159" uid="22065819">
  <nd ref="3382291967"/>
  <nd ref="12234036697"/>
  <nd ref="3382291968"/>
  <tag k="highway" v="service"/>
  <tag k="name" v="Hẻm 127/15/2 Đường Văn Cao"/>
  <tag k="service" v="alley"/>
 </way>
 <way id="1333155952" visible="true" version="1" changeset="159038233" timestamp="2024-11-12T07:26:56Z" user="GrabVN_Dang" uid="21825913">
  <nd ref="12334007493"/>
  <nd ref="12334007494"/>
  <nd ref="12334007495"/>
  <nd ref="12334007496"/>
  <nd ref="12334007497"/>
  <nd ref="12334007498"/>
  <tag k="highway" v="service"/>
  <tag k="name" v="Ngõ 394 Phố Đội Cấn"/>
  <tag k="service" v="alley"/>
 </way>
 <way id="1335904593" visible="true" version="8" changeset="176487605" timestamp="2025-12-27T15:05:31Z" user="Ilovemap1999" uid="21198639">
  <nd ref="309818611"/>
  <nd ref="2631904636"/>
  <nd ref="6641615017"/>
  <nd ref="6641988479"/>
  <nd ref="6642019894"/>
  <nd ref="6644566941"/>
  <nd ref="2631904726"/>
  <nd ref="6642019908"/>
  <nd ref="6644148842"/>
  <nd ref="2625487077"/>
  <nd ref="6610900668"/>
  <tag k="highway" v="tertiary"/>
  <tag k="lanes" v="2"/>
  <tag k="lit" v="yes"/>
  <tag k="motor_vehicle:conditional" v="no @ (Aug 29 21:30-23:59; Aug 30 00:00-13:30; Sep 1 17:00-23:59; Sep 2 00:00-16:00)"/>
  <tag k="name" v="Phố Đội Cấn"/>
  <tag k="name:en" v="Doi Can Street"/>
  <tag k="name:id" v="Jalan Doi Can"/>
  <tag k="name:ja" v="ドイカン通り"/>
  <tag k="name:zh" v="队艮街"/>
  <tag k="oneway" v="no"/>
  <tag k="surface" v="asphalt"/>
 </way>
 <way id="1413859209" visible="true" version="2" changeset="171112933" timestamp="2025-08-28T04:58:31Z" user="GrabVN_Ngaan" uid="14519322">
  <nd ref="12992646106"/>
  <nd ref="12992646104"/>
  <nd ref="12992646103"/>
  <nd ref="12992646105"/>
  <nd ref="11043454102"/>
  <nd ref="11043454101"/>
  <nd ref="11043454100"/>
  <nd ref="11043454099"/>
  <nd ref="11043454098"/>
  <nd ref="5716479704"/>
  <tag k="highway" v="service"/>
  <tag k="moped" v="yes"/>
  <tag k="motorcar" v="destination"/>
  <tag k="name" v="Ngõ 10 Phố Kim Mã Thượng"/>
  <tag k="service" v="alley"/>
 </way>
 <way id="1413859210" visible="true" version="1" changeset="168750786" timestamp="2025-07-10T16:04:12Z" user="Hung Tran 9x0" uid="20910140">
  <nd ref="11043472005"/>
  <nd ref="11043472006"/>
  <nd ref="11043472007"/>
  <nd ref="11043472008"/>
  <nd ref="11043472009"/>
  <nd ref="11043472010"/>
  <tag k="highway" v="service"/>
  <tag k="name" v="Hẻm 10/16/11 Phố Kim Mã Thượng"/>
  <tag k="service" v="alley"/>
 </way>
 <way id="1413859211" visible="true" version="1" changeset="168750786" timestamp="2025-07-10T16:04:12Z" user="Hung Tran 9x0" uid="20910140">
  <nd ref="5716479693"/>
  <nd ref="5716479692"/>
  <tag k="highway" v="service"/>
  <tag k="moped" v="yes"/>
  <tag k="motorcar" v="destination"/>
  <tag k="name" v="Ngách 294/8 Phố Đội Cấn"/>
 </way>
 <way id="1419617963" visible="true" version="1" changeset="169899980" timestamp="2025-08-03T11:33:37Z" user="doggosmile" uid="20107008">
  <nd ref="13045433266"/>
  <nd ref="13045433267"/>
  <nd ref="13045433268"/>
  <nd ref="13045433269"/>
  <nd ref="13045433266"/>
  <tag k="amenity" v="convention_centre"/>
  <tag k="building" v="yes"/>
  <tag k="name" v="Trung tâm Văn hóa và Phát triển Năng lực số Thanh niên"/>
  <tag k="name:en" v="Hanoi Convention Center"/>
 </way>
 <way id="1420333123" visible="true" version="4" changeset="174896704" timestamp="2025-11-20T09:06:58Z" user="jungfreud" uid="23147920">
  <nd ref="13051628004"/>
  <nd ref="13318868228"/>
  <nd ref="13318868229"/>
  <nd ref="10302642596"/>
  <nd ref="13313079665"/>
  <tag k="layer" v="-2"/>
  <tag k="name" v="Đường sắt đô thị số 5"/>
  <tag k="name:en" v="Hanoi Metro line 5"/>
  <tag k="railway" v="proposed"/>
  <tag k="tunnel" v="yes"/>
 </way>
 <way id="1420658086" visible="true" version="2" changeset="173416332" timestamp="2025-10-17T15:19:51Z" user="Hung159" uid="22065819">
  <nd ref="13055463476"/>
  <nd ref="13055463477"/>
  <nd ref="13055463478"/>
  <nd ref="13055463480"/>
  <nd ref="13055463479"/>
  <tag k="highway" v="service"/>
  <tag k="name" v="Hẻm 294/11/6 Phố Đội Cấn"/>
  <tag k="service" v="alley"/>
 </way>
 <way id="1456412241" visible="true" version="1" changeset="175572180" timestamp="2025-12-06T05:07:06Z" user="Hung Tran 9x0" uid="20910140">
  <nd ref="13356971469"/>
  <nd ref="13356971470"/>
  <tag k="highway" v="service"/>
 </way>
 <way id="1463954730" visible="true" version="1" changeset="176789995" timestamp="2026-01-03T16:55:47Z" user="Hung Tran 9x0" uid="20910140">
  <nd ref="13428888226"/>
  <nd ref="13428888227"/>
  <nd ref="13428888228"/>
  <nd ref="13428888229"/>
  <nd ref="13428888230"/>
  <nd ref="13428888232"/>
  <nd ref="13428888231"/>
  <nd ref="13428888234"/>
  <nd ref="11242922597"/>
  <tag k="highway" v="service"/>
  <tag k="name" v="Ngách 379/7 Phố Đội Cấn"/>
  <tag k="service" v="alley"/>
 </way>
 <way id="1463954732" visible="true" version="1" changeset="176789995" timestamp="2026-01-03T16:55:47Z" user="Hung Tran 9x0" uid="20910140">
  <nd ref="13428888232"/>
  <nd ref="13428888233"/>
  <tag k="highway" v="service"/>
  <tag k="service" v="alley"/>
 </way>
 <way id="1463954734" visible="true" version="1" changeset="176789995" timestamp="2026-01-03T16:55:47Z" user="Hung Tran 9x0" uid="20910140">
  <nd ref="8299505973"/>
  <nd ref="13428888236"/>
  <nd ref="11242922597"/>
  <tag k="highway" v="service"/>
  <tag k="service" v="alley"/>
 </way>
 <way id="1463954735" visible="true" version="1" changeset="176789995" timestamp="2026-01-03T16:55:47Z" user="Hung Tran 9x0" uid="20910140">
  <nd ref="8299505973"/>
  <nd ref="13428888262"/>
  <nd ref="5709910404"/>
  <nd ref="8299505977"/>
  <nd ref="13428888239"/>
  <nd ref="13428888240"/>
  <nd ref="13428888241"/>
  <nd ref="13428888251"/>
  <nd ref="13428888242"/>
  <nd ref="13428888250"/>
  <nd ref="13428888243"/>
  <nd ref="13428888244"/>
  <nd ref="13428888245"/>
  <tag k="highway" v="service"/>
  <tag k="name" v="Ngõ 379 Phố Đội Cấn"/>
  <tag k="service" v="alley"/>
 </way>
 <way id="1463954737" visible="true" version="1" changeset="176789995" timestamp="2026-01-03T16:55:47Z" user="Hung Tran 9x0" uid="20910140">
  <nd ref="8299505971"/>
  <nd ref="8299505970"/>
  <tag k="highway" v="service"/>
  <tag k="motorcar" v="no"/>
  <tag k="motorcycle" v="yes"/>
  <tag k="name" v="Ngách 34 Ngõ 379 Phố Đội Cấn"/>
  <tag k="service" v="alley"/>
 </way>
 <way id="1463954738" visible="true" version="1" changeset="176789995" timestamp="2026-01-03T16:55:47Z" user="Hung Tran 9x0" uid="20910140">
  <nd ref="8299505970"/>
  <nd ref="8299505974"/>
  <nd ref="13428888259"/>
  <nd ref="13428888254"/>
  <nd ref="13428888255"/>
  <tag k="highway" v="service"/>
  <tag k="motorcar" v="no"/>
  <tag k="motorcycle" v="yes"/>
  <tag k="name" v="Ngách 379/36 Phố Đội Cấn"/>
  <tag k="service" v="alley"/>
 </way>
 <way id="1463954739" visible="true" version="1" changeset="176789995" timestamp="2026-01-03T16:55:47Z" user="Hung Tran 9x0" uid="20910140">
  <nd ref="13428888255"/>
  <nd ref="13428888256"/>
  <nd ref="13428888257"/>
  <nd ref="13428888258"/>
  <nd ref="13428888255"/>
  <tag k="landuse" v="recreation_ground"/>
 </way>
 <way id="1463954740" visible="true" version="1" changeset="176789995" timestamp="2026-01-03T16:55:47Z" user="Hung Tran 9x0" uid="20910140">
  <nd ref="8299505974"/>
  <nd ref="13428888260"/>
  <nd ref="13428888261"/>
  <tag k="highway" v="service"/>
  <tag k="service" v="alley"/>
 </way>
 <way id="1463954741" visible="true" version="1" changeset="176789995" timestamp="2026-01-03T16:55:47Z" user="Hung Tran 9x0" uid="20910140">
  <nd ref="8299505973"/>
  <nd ref="13428888238"/>
  <nd ref="8299505971"/>
  <tag k="highway" v="service"/>
  <tag k="motorcar" v="no"/>
  <tag k="motorcycle" v="yes"/>
  <tag k="name" v="Ngách 34 Ngõ 379 Phố Đội Cấn"/>
  <tag k="service" v="alley"/>
 </way>
 <way id="1463954742" visible="true" version="1" changeset="176789995" timestamp="2026-01-03T16:55:47Z" user="Hung Tran 9x0" uid="20910140">
  <nd ref="13428888267"/>
  <nd ref="13428888264"/>
  <nd ref="13428888265"/>
  <nd ref="13428888266"/>
  <tag k="highway" v="service"/>
  <tag k="name" v="Ngõ 82 Phố Văn Cao"/>
  <tag k="service" v="alley"/>
 </way>
 <way id="1463954743" visible="true" version="1" changeset="176789995" timestamp="2026-01-03T16:55:47Z" user="Hung Tran 9x0" uid="20910140">
  <nd ref="5709910403"/>
  <nd ref="13428888273"/>
  <nd ref="13428888269"/>
  <nd ref="13428888270"/>
  <nd ref="13428888271"/>
  <nd ref="13428888272"/>
  <nd ref="13428888269"/>
  <tag k="highway" v="service"/>
 </way>
 <way id="1463954744" visible="true" version="1" changeset="176789995" timestamp="2026-01-03T16:55:47Z" user="Hung Tran 9x0" uid="20910140">
  <nd ref="13428888274"/>
  <nd ref="13428888275"/>
  <tag k="highway" v="service"/>
  <tag k="service" v="alley"/>
 </way>
 <way id="1463954745" visible="true" version="1" changeset="176789995" timestamp="2026-01-03T16:55:47Z" user="Hung Tran 9x0" uid="20910140">
  <nd ref="13428888258"/>
  <nd ref="13428888276"/>
  <tag k="highway" v="service"/>
  <tag k="service" v="alley"/>
 </way>
 <way id="1463954746" visible="true" version="1" changeset="176789995" timestamp="2026-01-03T16:55:47Z" user="Hung Tran 9x0" uid="20910140">
  <nd ref="13428888277"/>
  <nd ref="13428888278"/>
  <tag k="highway" v="service"/>
  <tag k="service" v="alley"/>
 </way>
 <way id="1463954747" visible="true" version="1" changeset="176789995" timestamp="2026-01-03T16:55:47Z" user="Hung Tran 9x0" uid="20910140">
  <nd ref="8299505981"/>
  <nd ref="13428888280"/>
  <nd ref="13428888281"/>
  <tag k="highway" v="service"/>
  <tag k="service" v="alley"/>
 </way>
 <relation id="9421136" visible="true" version="54" changeset="172104147" timestamp="2025-09-18T10:05:53Z" user="Kiharu1410" uid="10610073">
  <member type="way" ref="1419890368" role="outer"/>
  <member type="way" ref="1001943184" role="outer"/>
  <member type="way" ref="1001943183" role="outer"/>
  <member type="way" ref="1413041734" role="outer"/>
  <member type="way" ref="1001943185" role="outer"/>
  <member type="way" ref="1001943186" role="outer"/>
  <member type="way" ref="1001943187" role="outer"/>
  <member type="way" ref="1001943188" role="outer"/>
  <member type="way" ref="1413041736" role="outer"/>
  <member type="way" ref="1413067849" role="outer"/>
  <member type="way" ref="1001940634" role="outer"/>
  <member type="way" ref="1413067852" role="outer"/>
  <member type="way" ref="1001943189" role="outer"/>
  <member type="way" ref="1413067854" role="outer"/>
  <member type="way" ref="832454966" role="outer"/>
  <member type="way" ref="698018289" role="outer"/>
  <member type="way" ref="1413067860" role="outer"/>
  <member type="way" ref="1195523592" role="outer"/>
  <member type="way" ref="1413067864" role="outer"/>
  <member type="way" ref="678539315" role="outer"/>
  <member type="way" ref="698018290" role="outer"/>
  <member type="way" ref="1264085502" role="outer"/>
  <member type="way" ref="700520010" role="outer"/>
  <member type="way" ref="832454972" role="outer"/>
  <member type="way" ref="1413067866" role="outer"/>
  <member type="way" ref="700514233" role="outer"/>
  <member type="way" ref="700514244" role="outer"/>
  <member type="way" ref="700520011" role="outer"/>
  <member type="way" ref="700518256" role="outer"/>
  <member type="way" ref="700518254" role="outer"/>
  <member type="way" ref="1000437475" role="outer"/>
  <member type="way" ref="700518252" role="outer"/>
  <member type="way" ref="832454965" role="outer"/>
  <member type="way" ref="1217929465" role="outer"/>
  <member type="way" ref="1217929840" role="outer"/>
  <member type="way" ref="678539331" role="outer"/>
  <member type="way" ref="700514238" role="outer"/>
  <member type="way" ref="700514236" role="outer"/>
  <member type="way" ref="700514235" role="outer"/>
  <member type="way" ref="832454960" role="outer"/>
  <member type="way" ref="832454959" role="outer"/>
  <member type="way" ref="1419634789" role="outer"/>
  <member type="way" ref="1419890373" role="outer"/>
  <member type="way" ref="1419890372" role="outer"/>
  <member type="way" ref="1001943182" role="outer"/>
  <member type="way" ref="1413041717" role="outer"/>
  <member type="way" ref="1419890370" role="outer"/>
  <member type="relation" ref="9700341" role="subarea"/>
  <member type="relation" ref="9733332" role="subarea"/>
  <member type="relation" ref="9733380" role="subarea"/>
  <member type="relation" ref="13434750" role="subarea"/>
  <member type="relation" ref="11367566" role="subarea"/>
  <member type="relation" ref="11367567" role="subarea"/>
  <member type="relation" ref="11367569" role="subarea"/>
  <member type="relation" ref="11367568" role="subarea"/>
  <member type="relation" ref="11367571" role="subarea"/>
  <member type="relation" ref="11367572" role="subarea"/>
  <member type="relation" ref="11367565" role="subarea"/>
  <member type="relation" ref="11367564" role="subarea"/>
  <member type="relation" ref="11367570" role="subarea"/>
  <tag k="admin_level" v="6"/>
  <tag k="boundary" v="historic"/>
  <tag k="name" v="Quận Ba Đình"/>
  <tag k="name:en" v="Ba Đình District"/>
  <tag k="name:ko" v="바딘군"/>
  <tag k="name:zh" v="巴亭郡"/>
  <tag k="name:zh-Hans" v="巴亭郡"/>
  <tag k="name:zh-Hant" v="巴亭郡"/>
  <tag k="note" v="DO NOT DELETE PLEASE"/>
  <tag k="type" v="boundary"/>
  <tag k="wikidata" v="Q890194"/>
 </relation>
 <relation id="9700341" visible="true" version="15" changeset="170489668" timestamp="2025-08-15T16:43:10Z" user="ItsLouisAnderson" uid="11691953">
  <member type="way" ref="1195523592" role="outer"/>
  <member type="way" ref="1413067864" role="outer"/>
  <member type="way" ref="678539315" role="outer"/>
  <member type="way" ref="698018290" role="outer"/>
  <member type="way" ref="1264085502" role="outer"/>
  <member type="way" ref="700520010" role="outer"/>
  <member type="way" ref="1262856755" role="outer"/>
  <member type="way" ref="698018291" role="outer"/>
  <member type="way" ref="698018292" role="outer"/>
  <tag k="admin_level" v="8"/>
  <tag k="boundary" v="historic"/>
  <tag k="name" v="Phường Vĩnh Phúc"/>
  <tag k="name:en" v="Vinh Phuc Ward"/>
  <tag k="name:id" v="Kecamatan Vinh Phuc"/>
  <tag k="name:ko" v="빈푹방"/>
  <tag k="name:zh" v="永福坊"/>
  <tag k="type" v="boundary"/>
 </relation>
 <relation id="11367565" visible="true" version="10" changeset="170842435" timestamp="2025-08-22T16:46:45Z" user="ItsLouisAnderson" uid="11691953">
  <member type="way" ref="698018292" role="outer"/>
  <member type="way" ref="1413067860" role="outer"/>
  <member type="way" ref="698018289" role="outer"/>
  <member type="way" ref="832455030" role="outer"/>
  <member type="way" ref="1413067856" role="outer"/>
  <member type="way" ref="832454998" role="outer"/>
  <tag k="admin_level" v="8"/>
  <tag k="boundary" v="historic"/>
  <tag k="name" v="Phường Cống Vị"/>
  <tag k="source" v="GADM"/>
  <tag k="type" v="boundary"/>
  <tag k="wikidata" v="Q10752621"/>
 </relation>
 <relation id="11367572" visible="true" version="15" changeset="170489668" timestamp="2025-08-15T16:43:10Z" user="ItsLouisAnderson" uid="11691953">
  <member type="way" ref="832454985" role="outer"/>
  <member type="way" ref="832454998" role="outer"/>
  <member type="way" ref="698018291" role="outer"/>
  <member type="way" ref="1262856755" role="outer"/>
  <member type="way" ref="832454972" role="outer"/>
  <member type="way" ref="1413067866" role="outer"/>
  <member type="way" ref="832455092" role="outer"/>
  <member type="way" ref="832455036" role="outer"/>
  <member type="way" ref="832455061" role="outer"/>
  <tag k="admin_level" v="8"/>
  <tag k="boundary" v="historic"/>
  <tag k="name" v="Phường Liễu Giai"/>
  <tag k="name:en" v="Lieu Giai Ward"/>
  <tag k="source" v="GADM"/>
  <tag k="type" v="boundary"/>
  <tag k="wikidata" v="Q10786613"/>
 </relation>
 <relation id="12726060" visible="true" version="74" changeset="176694651" timestamp="2026-01-01T07:43:46Z" user="edumiz624" uid="20881381">
  <member type="node" ref="4292651591" role="platform"/>
  <member type="node" ref="4292785590" role="platform"/>
  <member type="node" ref="738815828" role="platform"/>
  <member type="node" ref="8741294705" role="platform"/>
  <member type="node" ref="4476131489" role="platform"/>
  <member type="node" ref="738815421" role="platform"/>
  <member type="node" ref="8741294706" role="platform"/>
  <member type="node" ref="8741294707" role="platform"/>
  <member type="node" ref="8741294708" role="platform"/>
  <member type="node" ref="8741294709" role="platform"/>
  <member type="node" ref="8741294710" role="platform"/>
  <member type="node" ref="8741294711" role="platform"/>
  <member type="node" ref="8741294712" role="platform"/>
  <member type="node" ref="8741294713" role="platform"/>
  <member type="node" ref="8741294714" role="platform"/>
  <member type="node" ref="8741294715" role="platform"/>
  <member type="node" ref="8852120921" role="platform"/>
  <member type="node" ref="8852120922" role="platform"/>
  <member type="node" ref="8852120923" role="platform"/>
  <member type="node" ref="8852120924" role="platform"/>
  <member type="node" ref="11515748460" role="platform"/>
  <member type="node" ref="11515748461" role="platform"/>
  <member type="node" ref="11515748462" role="platform_exit_only"/>
  <member type="node" ref="11680376018" role="platform"/>
  <member type="node" ref="738814805" role="platform"/>
  <member type="node" ref="738815469" role="platform"/>
  <member type="node" ref="12167250982" role="platform"/>
  <member type="node" ref="12167250983" role="platform"/>
  <member type="node" ref="13042399011" role="platform"/>
  <member type="node" ref="7589589146" role="platform_entry_only"/>
  <member type="node" ref="738815334" role="platform"/>
  <member type="node" ref="7825858603" role="platform"/>
  <member type="node" ref="738814946" role="platform"/>
  <member type="node" ref="4539039489" role="platform"/>
  <member type="node" ref="7825858601" role=""/>
  <member type="way" ref="954856206" role=""/>
  <member type="way" ref="838509720" role=""/>
  <member type="way" ref="838526715" role=""/>
  <member type="way" ref="1105753219" role=""/>
  <member type="way" ref="838062938" role=""/>
  <member type="way" ref="11005894" role=""/>
  <member type="way" ref="711132577" role=""/>
  <member type="way" ref="686156629" role=""/>
  <member type="way" ref="813360486" role=""/>
  <member type="way" ref="1226365019" role=""/>
  <member type="way" ref="832454962" role=""/>
  <member type="way" ref="769787747" role=""/>
  <member type="way" ref="964674136" role=""/>
  <member type="way" ref="954856202" role=""/>
  <member type="way" ref="707060209" role=""/>
  <member type="way" ref="769798547" role=""/>
  <member type="way" ref="1223385256" role=""/>
  <member type="way" ref="399561785" role=""/>
  <member type="way" ref="864547867" role=""/>
  <member type="way" ref="838526717" role=""/>
  <member type="way" ref="838526718" role=""/>
  <member type="way" ref="707337132" role=""/>
  <member type="way" ref="684044681" role=""/>
  <member type="way" ref="951487948" role=""/>
  <member type="way" ref="707348511" role=""/>
  <member type="way" ref="1334956949" role=""/>
  <member type="way" ref="770552095" role=""/>
  <member type="way" ref="704134620" role=""/>
  <member type="way" ref="708896220" role=""/>
  <member type="way" ref="1305270969" role=""/>
  <member type="way" ref="708896218" role=""/>
  <member type="way" ref="1300392334" role=""/>
  <member type="way" ref="1107657693" role=""/>
  <member type="way" ref="376127898" role=""/>
  <member type="way" ref="1240408551" role=""/>
  <member type="way" ref="11711442" role=""/>
  <member type="way" ref="703403026" role=""/>
  <member type="way" ref="703403028" role=""/>
  <member type="way" ref="1305203175" role=""/>
  <member type="way" ref="697572031" role=""/>
  <member type="way" ref="617110597" role=""/>
  <member type="way" ref="693491243" role=""/>
  <member type="way" ref="1335904593" role=""/>
  <member type="way" ref="1225342668" role=""/>
  <member type="way" ref="703141277" role=""/>
  <member type="way" ref="1225342666" role=""/>
  <member type="way" ref="1225342667" role=""/>
  <member type="way" ref="703141278" role=""/>
  <member type="way" ref="196077638" role=""/>
  <member type="way" ref="37567095" role=""/>
  <member type="way" ref="163906332" role=""/>
  <member type="way" ref="864640268" role=""/>
  <member type="way" ref="864640267" role=""/>
  <member type="way" ref="711526151" role=""/>
  <member type="way" ref="711526155" role=""/>
  <member type="way" ref="711526154" role=""/>
  <member type="way" ref="399351646" role=""/>
  <member type="way" ref="1073767466" role=""/>
  <member type="way" ref="1073767464" role=""/>
  <member type="way" ref="1073767465" role=""/>
  <member type="way" ref="808984103" role=""/>
  <member type="way" ref="711355912" role=""/>
  <member type="way" ref="1226392034" role=""/>
  <member type="way" ref="1226392801" role=""/>
  <member type="way" ref="1173606571" role=""/>
  <member type="way" ref="1197003490" role=""/>
  <member type="way" ref="1197003500" role=""/>
  <member type="way" ref="1197003498" role=""/>
  <member type="way" ref="1355183494" role=""/>
  <member type="way" ref="343741883" role=""/>
  <member type="way" ref="207314366" role=""/>
  <member type="way" ref="704933930" role=""/>
  <member type="way" ref="1010846177" role=""/>
  <member type="way" ref="965992923" role=""/>
  <member type="way" ref="962177674" role=""/>
  <member type="way" ref="616545697" role=""/>
  <member type="way" ref="224441482" role=""/>
  <member type="way" ref="224441480" role=""/>
  <member type="way" ref="951487952" role=""/>
  <member type="way" ref="155925981" role=""/>
  <member type="way" ref="886446130" role=""/>
  <member type="way" ref="486370014" role=""/>
  <member type="way" ref="486370017" role=""/>
  <member type="way" ref="598756945" role=""/>
  <member type="way" ref="447623860" role=""/>
  <member type="way" ref="1448539082" role=""/>
  <member type="way" ref="702570330" role=""/>
  <member type="way" ref="1410881751" role=""/>
  <member type="way" ref="1448539081" role=""/>
  <member type="way" ref="703965597" role=""/>
  <member type="way" ref="1058963348" role=""/>
  <member type="way" ref="1410881752" role=""/>
  <member type="way" ref="1411066136" role=""/>
  <member type="way" ref="615692238" role=""/>
  <member type="way" ref="1448539084" role=""/>
  <member type="way" ref="1412957555" role=""/>
  <member type="way" ref="1448541699" role=""/>
  <member type="way" ref="1411067288" role=""/>
  <member type="way" ref="702571351" role=""/>
  <member type="way" ref="702815319" role=""/>
  <member type="way" ref="1448367798" role=""/>
  <member type="way" ref="1445492545" role=""/>
  <member type="way" ref="1411068938" role=""/>
  <member type="way" ref="1448545169" role=""/>
  <member type="way" ref="944122209" role=""/>
  <member type="way" ref="1448545170" role=""/>
  <member type="way" ref="1411069961" role=""/>
  <member type="way" ref="702815316" role=""/>
  <member type="way" ref="964879571" role=""/>
  <member type="way" ref="1448367788" role=""/>
  <member type="way" ref="1448367787" role=""/>
  <member type="way" ref="962177664" role=""/>
  <member type="way" ref="1448367791" role=""/>
  <member type="way" ref="1239581815" role=""/>
  <member type="way" ref="1257108768" role=""/>
  <member type="way" ref="1257108769" role=""/>
  <member type="way" ref="116786031" role=""/>
  <member type="way" ref="1239581817" role=""/>
  <member type="way" ref="972951544" role=""/>
  <member type="way" ref="1197871299" role=""/>
  <member type="way" ref="953158820" role=""/>
  <member type="way" ref="857573728" role=""/>
  <member type="way" ref="954149164" role=""/>
  <member type="way" ref="954183033" role=""/>
  <member type="way" ref="964350837" role=""/>
  <member type="way" ref="1239575054" role=""/>
  <member type="way" ref="1431883622" role=""/>
  <member type="way" ref="747748774" role=""/>
  <member type="way" ref="1244014561" role=""/>
  <member type="way" ref="1239581820" role=""/>
  <member type="way" ref="335032519" role=""/>
  <member type="way" ref="1239575055" role=""/>
  <member type="way" ref="1242935505" role=""/>
  <member type="way" ref="1059737535" role=""/>
  <member type="way" ref="1059737536" role=""/>
  <member type="way" ref="1389968470" role=""/>
  <member type="way" ref="1239575056" role=""/>
  <tag k="charge" v="10000 VND"/>
  <tag k="colour" v="#9cdd31"/>
  <tag k="fee" v="yes"/>
  <tag k="from" v="Bờ Hồ"/>
  <tag k="interval" v="00:15-00:20"/>
  <tag k="name" v="Trần Khánh Dư - Cầu Giấy - Đại học Mỏ"/>
  <tag k="name:en" v="Tran Khanh Du Bus Interchange - Cau Giay Bus Interchange - Hanoi University of Mining and Geology"/>
  <tag k="network" v="Hanoibus"/>
  <tag k="opening_hours" v="Mo-Su 05:00-21:30"/>
  <tag k="operator" v="Công ty Cổ phần Vận tải &amp; Dịch vụ Liên Ninh"/>
  <tag k="public_transport:version" v="2"/>
  <tag k="ref" v="09A"/>
  <tag k="route" v="bus"/>
  <tag k="to" v="Đại học Mỏ"/>
  <tag k="type" v="route"/>
 </relation>
 <relation id="12726061" visible="true" version="75" changeset="176694651" timestamp="2026-01-01T07:43:46Z" user="edumiz624" uid="20881381">
  <member type="node" ref="8741301517" role="platform"/>
  <member type="node" ref="8741301518" role="platform"/>
  <member type="node" ref="8741301519" role="platform"/>
  <member type="node" ref="8741301520" role="platform"/>
  <member type="node" ref="5118690545" role="platform"/>
  <member type="node" ref="738815241" role="platform"/>
  <member type="node" ref="738815799" role="platform"/>
  <member type="node" ref="738815835" role="platform"/>
  <member type="node" ref="8741301522" role="platform"/>
  <member type="node" ref="738813746" role="platform"/>
  <member type="node" ref="738814345" role="platform"/>
  <member type="node" ref="8741301523" role="platform"/>
  <member type="node" ref="8741301524" role="platform"/>
  <member type="node" ref="738814864" role="platform"/>
  <member type="node" ref="3887711843" role="platform"/>
  <member type="node" ref="738815169" role="platform"/>
  <member type="node" ref="11515782289" role="platform"/>
  <member type="node" ref="11515782288" role="platform"/>
  <member type="node" ref="8850985960" role="platform"/>
  <member type="node" ref="8850985959" role="platform"/>
  <member type="node" ref="8850985958" role="platform"/>
  <member type="node" ref="11515782290" role="platform"/>
  <member type="node" ref="11515748462" role="platform_entry_only"/>
  <member type="node" ref="5118690559" role="platform"/>
  <member type="node" ref="12167250979" role="platform"/>
  <member type="node" ref="12167250980" role="platform"/>
  <member type="node" ref="12167250981" role="platform"/>
  <member type="node" ref="738814524" role="platform"/>
  <member type="node" ref="5561070622" role="platform"/>
  <member type="node" ref="7825858601" role="platform_exit_only"/>
  <member type="way" ref="1239575056" role=""/>
  <member type="way" ref="1389968470" role=""/>
  <member type="way" ref="1059737536" role=""/>
  <member type="way" ref="1059737535" role=""/>
  <member type="way" ref="1242935505" role=""/>
  <member type="way" ref="1239575055" role=""/>
  <member type="way" ref="335032519" role=""/>
  <member type="way" ref="570490083" role=""/>
  <member type="way" ref="702906495" role=""/>
  <member type="way" ref="1079946159" role=""/>
  <member type="way" ref="1192547846" role=""/>
  <member type="way" ref="896405292" role=""/>
  <member type="way" ref="1239581819" role=""/>
  <member type="way" ref="847073920" role=""/>
  <member type="way" ref="116786031" role=""/>
  <member type="way" ref="1257108769" role=""/>
  <member type="way" ref="1257108768" role=""/>
  <member type="way" ref="492297034" role=""/>
  <member type="way" ref="1445478405" role=""/>
  <member type="way" ref="330357143" role=""/>
  <member type="way" ref="702806754" role=""/>
  <member type="way" ref="1448367796" role=""/>
  <member type="way" ref="1445478410" role=""/>
  <member type="way" ref="1058951229" role=""/>
  <member type="way" ref="1445478413" role=""/>
  <member type="way" ref="1445478414" role=""/>
  <member type="way" ref="703961132" role=""/>
  <member type="way" ref="703961131" role=""/>
  <member type="way" ref="703965599" role=""/>
  <member type="way" ref="703976181" role=""/>
  <member type="way" ref="1411141087" role=""/>
  <member type="way" ref="615692217" role=""/>
  <member type="way" ref="486370016" role=""/>
  <member type="way" ref="703978561" role=""/>
  <member type="way" ref="964350828" role=""/>
  <member type="way" ref="492297083" role=""/>
  <member type="way" ref="964350838" role=""/>
  <member type="way" ref="400124203" role=""/>
  <member type="way" ref="965548422" role=""/>
  <member type="way" ref="1165593645" role=""/>
  <member type="way" ref="951487936" role=""/>
  <member type="way" ref="962177667" role=""/>
  <member type="way" ref="1010846167" role=""/>
  <member type="way" ref="616545698" role=""/>
  <member type="way" ref="1121703584" role=""/>
  <member type="way" ref="1121703583" role=""/>
  <member type="way" ref="954542127" role=""/>
  <member type="way" ref="35841479" role=""/>
  <member type="way" ref="1355183493" role=""/>
  <member type="way" ref="1197003501" role=""/>
  <member type="way" ref="1197003494" role=""/>
  <member type="way" ref="1197003488" role=""/>
  <member type="way" ref="1197003500" role=""/>
  <member type="way" ref="343741881" role=""/>
  <member type="way" ref="675914857" role=""/>
  <member type="way" ref="704479890" role=""/>
  <member type="way" ref="36850859" role=""/>
  <member type="way" ref="708558067" role=""/>
  <member type="way" ref="708558066" role=""/>
  <member type="way" ref="708558065" role=""/>
  <member type="way" ref="951487951" role=""/>
  <member type="way" ref="704479488" role=""/>
  <member type="way" ref="864640269" role=""/>
  <member type="way" ref="703129549" role=""/>
  <member type="way" ref="703129550" role=""/>
  <member type="way" ref="252400871" role=""/>
  <member type="way" ref="37567094" role=""/>
  <member type="way" ref="1262856757" role=""/>
  <member type="way" ref="397017618" role=""/>
  <member type="way" ref="1178280524" role=""/>
  <member type="way" ref="207700254" role=""/>
  <member type="way" ref="1302238526" role=""/>
  <member type="way" ref="36836110" role=""/>
  <member type="way" ref="1302238527" role=""/>
  <member type="way" ref="697572032" role=""/>
  <member type="way" ref="1305203175" role=""/>
  <member type="way" ref="703403028" role=""/>
  <member type="way" ref="703403026" role=""/>
  <member type="way" ref="11711442" role=""/>
  <member type="way" ref="1240408551" role=""/>
  <member type="way" ref="376127898" role=""/>
  <member type="way" ref="1107657693" role=""/>
  <member type="way" ref="1300392334" role=""/>
  <member type="way" ref="708896219" role=""/>
  <member type="way" ref="1305270969" role=""/>
  <member type="way" ref="708896220" role=""/>
  <member type="way" ref="704134620" role=""/>
  <member type="way" ref="704134621" role=""/>
  <member type="way" ref="788757975" role=""/>
  <member type="way" ref="1334956950" role=""/>
  <member type="way" ref="770552094" role=""/>
  <member type="way" ref="11005921" role=""/>
  <member type="way" ref="944122214" role=""/>
  <member type="way" ref="1053605852" role=""/>
  <member type="way" ref="769778613" role=""/>
  <member type="way" ref="1223464161" role=""/>
  <member type="way" ref="838526716" role=""/>
  <member type="way" ref="864547867" role=""/>
  <member type="way" ref="399561785" role=""/>
  <member type="way" ref="1223385256" role=""/>
  <member type="way" ref="769798547" role=""/>
  <member type="way" ref="707060209" role=""/>
  <member type="way" ref="1243387893" role=""/>
  <member type="way" ref="954856201" role=""/>
  <member type="way" ref="946030643" role=""/>
  <member type="way" ref="85608570" role=""/>
  <member type="way" ref="711128281" role=""/>
  <member type="way" ref="1360834899" role=""/>
  <member type="way" ref="704147261" role=""/>
  <member type="way" ref="711128282" role=""/>
  <member type="way" ref="954856205" role=""/>
  <member type="way" ref="954812792" role=""/>
  <tag k="charge" v="10000 VND"/>
  <tag k="colour" v="#9cdd31"/>
  <tag k="fee" v="yes"/>
  <tag k="from" v="Đại học Mỏ"/>
  <tag k="interval" v="00:15-00:20"/>
  <tag k="name" v="Đại học Mỏ - Cầu Giấy - Trần Khánh Dư"/>
  <tag k="name:en" v="Hanoi University of Mining and Geology - Cau Giay Bus Interchange - Tran Khanh Du Bus Interchange"/>
  <tag k="network" v="Hanoibus"/>
  <tag k="opening_hours" v="Mo-Th 05:00-21:00"/>
  <tag k="operator" v="Công ty Cổ phần Vận tải &amp; Dịch vụ Liên Ninh"/>
  <tag k="public_transport:version" v="2"/>
  <tag k="ref" v="09A"/>
  <tag k="route" v="bus"/>
  <tag k="to" v="Bờ Hồ"/>
  <tag k="type" v="route"/>
 </relation>
 <relation id="12726062" visible="true" version="4" changeset="172174974" timestamp="2025-09-19T17:30:01Z" user="edumiz624" uid="20881381">
  <member type="relation" ref="12726060" role=""/>
  <member type="relation" ref="12726061" role=""/>
  <tag k="name" v="Trần Khánh Dư ↔ Cầu Giấy ↔ Đại học Mỏ"/>
  <tag k="name:en" v="Tran Khanh Du Bus Interchange - Cau Giay Bus Interchange - Hanoi University of Mining and Geology"/>
  <tag k="network" v="Hanoibus"/>
  <tag k="operator" v="Công ty Cổ phần Vận tải &amp; Dịch vụ Liên Ninh"/>
  <tag k="ref" v="09A"/>
  <tag k="route_master" v="bus"/>
  <tag k="type" v="route_master"/>
 </relation>
 <relation id="12812221" visible="true" version="64" changeset="174405007" timestamp="2025-11-09T07:40:26Z" user="Hung Tran 9x0" uid="20910140">
  <member type="node" ref="8807115895" role="platform_entry_only"/>
  <member type="node" ref="8807115903" role="platform"/>
  <member type="node" ref="8807115905" role="platform"/>
  <member type="node" ref="8807115906" role="platform"/>
  <member type="node" ref="8807115907" role="platform"/>
  <member type="node" ref="8807115908" role="platform"/>
  <member type="node" ref="6742138880" role="platform"/>
  <member type="node" ref="8807115909" role="platform"/>
  <member type="node" ref="8807115910" role="platform"/>
  <member type="node" ref="8741301517" role="platform"/>
  <member type="node" ref="8741301518" role="platform"/>
  <member type="node" ref="8741301519" role="platform"/>
  <member type="node" ref="8741301520" role="platform"/>
  <member type="node" ref="5118690545" role="platform"/>
  <member type="node" ref="5118690559" role="platform"/>
  <member type="node" ref="738815421" role="platform"/>
  <member type="node" ref="8741294706" role="platform"/>
  <member type="node" ref="738814364" role="platform"/>
  <member type="node" ref="738813748" role="platform"/>
  <member type="node" ref="738815727" role="platform"/>
  <member type="node" ref="738815268" role="platform"/>
  <member type="node" ref="1008753034" role="platform"/>
  <member type="node" ref="738815565" role="platform"/>
  <member type="node" ref="7824856485" role="platform"/>
  <member type="node" ref="738813898" role="platform"/>
  <member type="node" ref="738815214" role="platform"/>
  <member type="node" ref="738814039" role="platform"/>
  <member type="node" ref="446044211" role="platform"/>
  <member type="node" ref="446044163" role="platform"/>
  <member type="node" ref="738814794" role="platform"/>
  <member type="node" ref="7056039276" role="platform"/>
  <member type="node" ref="4292785589" role="platform_exit_only"/>
  <member type="node" ref="8807115911" role="platform"/>
  <member type="node" ref="11553653863" role="platform"/>
  <member type="node" ref="11553653864" role="platform"/>
  <member type="node" ref="11527164033" role="platform"/>
  <member type="node" ref="6257442385" role="platform"/>
  <member type="node" ref="738815693" role="platform"/>
  <member type="node" ref="8807115904" role="platform"/>
  <member type="way" ref="267926261" role=""/>
  <member type="way" ref="953158827" role=""/>
  <member type="way" ref="598686004" role=""/>
  <member type="way" ref="598686006" role=""/>
  <member type="way" ref="136184188" role=""/>
  <member type="way" ref="951487931" role=""/>
  <member type="way" ref="1418050260" role=""/>
  <member type="way" ref="502809343" role=""/>
  <member type="way" ref="1418050261" role=""/>
  <member type="way" ref="1241275778" role=""/>
  <member type="way" ref="1241295992" role=""/>
  <member type="way" ref="1242757295" role=""/>
  <member type="way" ref="1178056057" role=""/>
  <member type="way" ref="954183032" role=""/>
  <member type="way" ref="951487932" role=""/>
  <member type="way" ref="954183016" role=""/>
  <member type="way" ref="327208854" role=""/>
  <member type="way" ref="515118399" role=""/>
  <member type="way" ref="515118400" role=""/>
  <member type="way" ref="501851911" role=""/>
  <member type="way" ref="501851910" role=""/>
  <member type="way" ref="1240455085" role=""/>
  <member type="way" ref="1240455076" role=""/>
  <member type="way" ref="397274989" role=""/>
  <member type="way" ref="506335722" role=""/>
  <member type="way" ref="704995430" role=""/>
  <member type="way" ref="704995429" role=""/>
  <member type="way" ref="251794092" role=""/>
  <member type="way" ref="1382445974" role=""/>
  <member type="way" ref="1448552961" role=""/>
  <member type="way" ref="704675414" role=""/>
  <member type="way" ref="1448552962" role=""/>
  <member type="way" ref="1411070643" role=""/>
  <member type="way" ref="1239010655" role=""/>
  <member type="way" ref="1448552963" role=""/>
  <member type="way" ref="1411071314" role=""/>
  <member type="way" ref="1445478400" role=""/>
  <member type="way" ref="704675412" role=""/>
  <member type="way" ref="704675411" role=""/>
  <member type="way" ref="1411071316" role=""/>
  <member type="way" ref="1448555133" role=""/>
  <member type="way" ref="702806760" role=""/>
  <member type="way" ref="1411072209" role=""/>
  <member type="way" ref="702806759" role=""/>
  <member type="way" ref="980632900" role=""/>
  <member type="way" ref="1448367792" role=""/>
  <member type="way" ref="1448367794" role=""/>
  <member type="way" ref="1445478405" role=""/>
  <member type="way" ref="330357143" role=""/>
  <member type="way" ref="702806754" role=""/>
  <member type="way" ref="1448367796" role=""/>
  <member type="way" ref="1445478410" role=""/>
  <member type="way" ref="1058951229" role=""/>
  <member type="way" ref="1445478413" role=""/>
  <member type="way" ref="1445478414" role=""/>
  <member type="way" ref="703961132" role=""/>
  <member type="way" ref="703961131" role=""/>
  <member type="way" ref="703965599" role=""/>
  <member type="way" ref="703976181" role=""/>
  <member type="way" ref="1411141087" role=""/>
  <member type="way" ref="615692217" role=""/>
  <member type="way" ref="486370016" role=""/>
  <member type="way" ref="703978561" role=""/>
  <member type="way" ref="964350828" role=""/>
  <member type="way" ref="492297083" role=""/>
  <member type="way" ref="964350838" role=""/>
  <member type="way" ref="400124203" role=""/>
  <member type="way" ref="965548422" role=""/>
  <member type="way" ref="1165593645" role=""/>
  <member type="way" ref="600148658" role=""/>
  <member type="way" ref="59150929" role=""/>
  <member type="way" ref="59150928" role=""/>
  <member type="way" ref="228474145" role=""/>
  <member type="way" ref="37567095" role=""/>
  <member type="way" ref="163906332" role=""/>
  <member type="way" ref="252400872" role=""/>
  <member type="way" ref="966693588" role=""/>
  <member type="way" ref="708558062" role=""/>
  <member type="way" ref="1216675684" role=""/>
  <member type="way" ref="817461258" role=""/>
  <member type="way" ref="708565765" role=""/>
  <member type="way" ref="967878668" role=""/>
  <member type="way" ref="967878669" role=""/>
  <member type="way" ref="704479490" role=""/>
  <member type="way" ref="1240355962" role=""/>
  <member type="way" ref="1177187695" role=""/>
  <member type="way" ref="707305432" role=""/>
  <member type="way" ref="704479486" role=""/>
  <member type="way" ref="706798106" role=""/>
  <member type="way" ref="946030653" role=""/>
  <member type="way" ref="946030654" role=""/>
  <member type="way" ref="962177668" role=""/>
  <member type="way" ref="408761980" role=""/>
  <member type="way" ref="711776732" role=""/>
  <member type="way" ref="708514872" role=""/>
  <member type="way" ref="708514873" role=""/>
  <member type="way" ref="962493749" role=""/>
  <member type="way" ref="708514874" role=""/>
  <member type="way" ref="601522489" role=""/>
  <member type="way" ref="710176322" role=""/>
  <member type="way" ref="710176323" role=""/>
  <member type="way" ref="1240455070" role=""/>
  <member type="way" ref="943964891" role=""/>
  <member type="way" ref="965041065" role=""/>
  <member type="way" ref="769798550" role=""/>
  <member type="way" ref="1239615467" role=""/>
  <member type="way" ref="951487940" role=""/>
  <member type="way" ref="408818507" role=""/>
  <member type="way" ref="961661880" role=""/>
  <member type="way" ref="971422903" role=""/>
  <member type="way" ref="408484144" role=""/>
  <member type="way" ref="599618293" role=""/>
  <member type="way" ref="951487942" role=""/>
  <member type="way" ref="35972484" role=""/>
  <member type="way" ref="397989528" role=""/>
  <member type="way" ref="918225680" role=""/>
  <member type="way" ref="709685351" role=""/>
  <member type="way" ref="25211489" role=""/>
  <member type="way" ref="1376648991" role=""/>
  <member type="way" ref="1376648992" role=""/>
  <member type="way" ref="946030642" role=""/>
  <member type="way" ref="11007201" role=""/>
  <member type="way" ref="946030637" role=""/>
  <member type="way" ref="951487945" role=""/>
  <member type="way" ref="136557866" role=""/>
  <member type="way" ref="1312397563" role=""/>
  <member type="way" ref="705574248" role=""/>
  <member type="way" ref="1318958366" role=""/>
  <member type="way" ref="705548647" role=""/>
  <member type="way" ref="954362661" role=""/>
  <member type="way" ref="705545549" role=""/>
  <member type="way" ref="597668114" role=""/>
  <member type="way" ref="597668111" role=""/>
  <member type="way" ref="705548642" role=""/>
  <member type="way" ref="597668119" role=""/>
  <member type="way" ref="1240455073" role=""/>
  <member type="way" ref="589521900" role=""/>
  <member type="way" ref="761177384" role=""/>
  <member type="way" ref="711063460" role=""/>
  <member type="way" ref="505717903" role=""/>
  <tag k="charge" v="12000 VND"/>
  <tag k="colour" v="#11a471"/>
  <tag k="fee" v="yes"/>
  <tag k="from" v="Bệnh viện Bệnh nhiệt đới Trung ương cơ sở 2"/>
  <tag k="interval" v="00:15-00:20"/>
  <tag k="name" v="Bệnh viện Bệnh nhiệt đới Trung ương cơ sở 2 - Khu đô thị Times City"/>
  <tag k="name:en" v="National Hospital for Tropical Diseases II - Times City Urban Area"/>
  <tag k="network" v="Hanoibus"/>
  <tag k="opening_hours" v="Mo-Su 05:00-19:30"/>
  <tag k="operator" v="Công ty Bảo Yến"/>
  <tag k="public_transport:version" v="2"/>
  <tag k="ref" v="159"/>
  <tag k="route" v="bus"/>
  <tag k="to" v="Khu đô thị Times City"/>
  <tag k="type" v="route"/>
 </relation>
 <relation id="12812222" visible="true" version="77" changeset="174403773" timestamp="2025-11-09T06:46:10Z" user="Hung Tran 9x0" uid="20910140">
  <member type="node" ref="4292785589" role="platform_entry_only"/>
  <member type="node" ref="7056039272" role="platform"/>
  <member type="node" ref="8807115914" role="platform"/>
  <member type="node" ref="8741080082" role="platform"/>
  <member type="node" ref="738813235" role="platform"/>
  <member type="node" ref="738814309" role="platform"/>
  <member type="node" ref="738815117" role="platform"/>
  <member type="node" ref="738813833" role="platform"/>
  <member type="node" ref="8807115915" role="platform"/>
  <member type="node" ref="738815889" role="platform"/>
  <member type="node" ref="5061383221" role="platform"/>
  <member type="node" ref="738815124" role="platform"/>
  <member type="node" ref="6206929385" role="platform"/>
  <member type="node" ref="738815469" role="platform"/>
  <member type="node" ref="738815823" role="platform"/>
  <member type="node" ref="12078321346" role="platform"/>
  <member type="node" ref="5068125721" role="platform"/>
  <member type="node" ref="8807115916" role="platform"/>
  <member type="node" ref="8900275038" role="platform"/>
  <member type="node" ref="8741301522" role="platform"/>
  <member type="node" ref="738813746" role="platform"/>
  <member type="node" ref="11553653865" role="platform"/>
  <member type="node" ref="11553653866" role="platform"/>
  <member type="node" ref="8741294710" role="platform"/>
  <member type="node" ref="8741294711" role="platform"/>
  <member type="node" ref="8741294712" role="platform"/>
  <member type="node" ref="8741294713" role="platform"/>
  <member type="node" ref="8741294714" role="platform"/>
  <member type="node" ref="8741294715" role="platform"/>
  <member type="node" ref="8807115917" role="platform"/>
  <member type="node" ref="8807115918" role="platform"/>
  <member type="node" ref="8807115919" role="platform"/>
  <member type="node" ref="8807115920" role="platform"/>
  <member type="node" ref="8807115921" role="platform"/>
  <member type="node" ref="8807115922" role="platform"/>
  <member type="node" ref="8807115923" role="platform"/>
  <member type="node" ref="8807115924" role="platform"/>
  <member type="node" ref="8807115925" role="platform"/>
  <member type="node" ref="8807115926" role="platform"/>
  <member type="node" ref="8807115895" role="platform_exit_only"/>
  <member type="way" ref="505717903" role=""/>
  <member type="way" ref="711063460" role=""/>
  <member type="way" ref="685980639" role=""/>
  <member type="way" ref="951487943" role=""/>
  <member type="way" ref="589521899" role=""/>
  <member type="way" ref="505717911" role=""/>
  <member type="way" ref="1216161914" role=""/>
  <member type="way" ref="1105753213" role=""/>
  <member type="way" ref="702795321" role=""/>
  <member type="way" ref="710374972" role=""/>
  <member type="way" ref="1228207856" role=""/>
  <member type="way" ref="1105753216" role=""/>
  <member type="way" ref="1105712687" role=""/>
  <member type="way" ref="1042519576" role=""/>
  <member type="way" ref="954542125" role=""/>
  <member type="way" ref="291885690" role=""/>
  <member type="way" ref="951487944" role=""/>
  <member type="way" ref="28920237" role=""/>
  <member type="way" ref="1240455072" role=""/>
  <member type="way" ref="944100709" role=""/>
  <member type="way" ref="848915405" role=""/>
  <member type="way" ref="1054693400" role=""/>
  <member type="way" ref="1204903472" role=""/>
  <member type="way" ref="303989998" role=""/>
  <member type="way" ref="28366577" role=""/>
  <member type="way" ref="597148560" role=""/>
  <member type="way" ref="597148559" role=""/>
  <member type="way" ref="1312397563" role=""/>
  <member type="way" ref="136557866" role=""/>
  <member type="way" ref="702924870" role=""/>
  <member type="way" ref="11007201" role=""/>
  <member type="way" ref="946030641" role=""/>
  <member type="way" ref="464097836" role=""/>
  <member type="way" ref="711028667" role=""/>
  <member type="way" ref="875229045" role=""/>
  <member type="way" ref="951487946" role=""/>
  <member type="way" ref="858616456" role=""/>
  <member type="way" ref="1240127124" role=""/>
  <member type="way" ref="1311925556" role=""/>
  <member type="way" ref="28103274" role=""/>
  <member type="way" ref="711134472" role=""/>
  <member type="way" ref="838419177" role=""/>
  <member type="way" ref="1217544977" role=""/>
  <member type="way" ref="1225696487" role=""/>
  <member type="way" ref="961685431" role=""/>
  <member type="way" ref="708997710" role=""/>
  <member type="way" ref="708997707" role=""/>
  <member type="way" ref="951487941" role=""/>
  <member type="way" ref="408783962" role=""/>
  <member type="way" ref="769798550" role=""/>
  <member type="way" ref="965041065" role=""/>
  <member type="way" ref="601595921" role=""/>
  <member type="way" ref="684044679" role=""/>
  <member type="way" ref="1053605852" role=""/>
  <member type="way" ref="707348510" role=""/>
  <member type="way" ref="1334956949" role=""/>
  <member type="way" ref="770552095" role=""/>
  <member type="way" ref="704134620" role=""/>
  <member type="way" ref="708896220" role=""/>
  <member type="way" ref="28945358" role=""/>
  <member type="way" ref="1277728731" role=""/>
  <member type="way" ref="962493731" role=""/>
  <member type="way" ref="954812793" role=""/>
  <member type="way" ref="37458956" role=""/>
  <member type="way" ref="703425765" role=""/>
  <member type="way" ref="1213535774" role=""/>
  <member type="way" ref="601885679" role=""/>
  <member type="way" ref="1213535597" role=""/>
  <member type="way" ref="1396737512" role=""/>
  <member type="way" ref="1368026127" role=""/>
  <member type="way" ref="599088007" role=""/>
  <member type="way" ref="946030652" role=""/>
  <member type="way" ref="703182856" role=""/>
  <member type="way" ref="706476836" role=""/>
  <member type="way" ref="706476835" role=""/>
  <member type="way" ref="706476833" role=""/>
  <member type="way" ref="1240355963" role=""/>
  <member type="way" ref="1111992697" role=""/>
  <member type="way" ref="706486128" role=""/>
  <member type="way" ref="967878670" role=""/>
  <member type="way" ref="805181679" role=""/>
  <member type="way" ref="884156406" role=""/>
  <member type="way" ref="37927459" role=""/>
  <member type="way" ref="601991606" role=""/>
  <member type="way" ref="704479488" role=""/>
  <member type="way" ref="864640269" role=""/>
  <member type="way" ref="703129549" role=""/>
  <member type="way" ref="703129550" role=""/>
  <member type="way" ref="252400871" role=""/>
  <member type="way" ref="196077638" role=""/>
  <member type="way" ref="228474145" role=""/>
  <member type="way" ref="59150928" role=""/>
  <member type="way" ref="59150927" role=""/>
  <member type="way" ref="224441480" role=""/>
  <member type="way" ref="951487952" role=""/>
  <member type="way" ref="155925981" role=""/>
  <member type="way" ref="886446130" role=""/>
  <member type="way" ref="486370014" role=""/>
  <member type="way" ref="486370017" role=""/>
  <member type="way" ref="598756945" role=""/>
  <member type="way" ref="447623860" role=""/>
  <member type="way" ref="1448539082" role=""/>
  <member type="way" ref="702570330" role=""/>
  <member type="way" ref="1410881751" role=""/>
  <member type="way" ref="1448539081" role=""/>
  <member type="way" ref="703965597" role=""/>
  <member type="way" ref="1058963348" role=""/>
  <member type="way" ref="1410881752" role=""/>
  <member type="way" ref="1411066136" role=""/>
  <member type="way" ref="615692238" role=""/>
  <member type="way" ref="1448539084" role=""/>
  <member type="way" ref="1412957555" role=""/>
  <member type="way" ref="1448541699" role=""/>
  <member type="way" ref="1411067288" role=""/>
  <member type="way" ref="702571351" role=""/>
  <member type="way" ref="702815319" role=""/>
  <member type="way" ref="1448367798" role=""/>
  <member type="way" ref="1445492545" role=""/>
  <member type="way" ref="1411068938" role=""/>
  <member type="way" ref="1448545169" role=""/>
  <member type="way" ref="944122209" role=""/>
  <member type="way" ref="1448545170" role=""/>
  <member type="way" ref="1411069961" role=""/>
  <member type="way" ref="702815316" role=""/>
  <member type="way" ref="964879571" role=""/>
  <member type="way" ref="1448367788" role=""/>
  <member type="way" ref="1445492552" role=""/>
  <member type="way" ref="1448367790" role=""/>
  <member type="way" ref="1448367790" role=""/>
  <member type="way" ref="333827554" role=""/>
  <member type="way" ref="1426152844" role=""/>
  <member type="way" ref="1445492557" role=""/>
  <member type="way" ref="1445492556" role=""/>
  <member type="way" ref="1412958335" role=""/>
  <member type="way" ref="1284795889" role=""/>
  <member type="way" ref="1120365421" role=""/>
  <member type="way" ref="1361116651" role=""/>
  <member type="way" ref="251794091" role=""/>
  <member type="way" ref="704984017" role=""/>
  <member type="way" ref="704984016" role=""/>
  <member type="way" ref="704984015" role=""/>
  <member type="way" ref="506335711" role=""/>
  <member type="way" ref="1008813937" role=""/>
  <member type="way" ref="895143471" role=""/>
  <member type="way" ref="397582166" role=""/>
  <member type="way" ref="747949620" role=""/>
  <member type="way" ref="1107403993" role=""/>
  <member type="way" ref="704999943" role=""/>
  <member type="way" ref="1180364645" role=""/>
  <member type="way" ref="1241911688" role=""/>
  <member type="way" ref="1240455084" role=""/>
  <member type="way" ref="501851908" role=""/>
  <member type="way" ref="515118401" role=""/>
  <member type="way" ref="498131064" role=""/>
  <member type="way" ref="515118402" role=""/>
  <member type="way" ref="954183017" role=""/>
  <member type="way" ref="136184172" role=""/>
  <member type="way" ref="954183031" role=""/>
  <member type="way" ref="965643851" role=""/>
  <member type="way" ref="951487927" role=""/>
  <member type="way" ref="1418050264" role=""/>
  <member type="way" ref="1242757294" role=""/>
  <member type="way" ref="1418050263" role=""/>
  <member type="way" ref="1178056056" role=""/>
  <member type="way" ref="264719148" role=""/>
  <member type="way" ref="267926261" role=""/>
  <member type="way" ref="953158827" role=""/>
  <member type="way" ref="1412958871" role=""/>
  <tag k="charge" v="12000 VND"/>
  <tag k="colour" v="#11a471"/>
  <tag k="fee" v="yes"/>
  <tag k="from" v="Khu đô thị Times City"/>
  <tag k="interval" v="00:15-00:20"/>
  <tag k="name" v="Khu đô thị Times City - Bệnh viện Bệnh nhiệt đới Trung ương cơ sở 2"/>
  <tag k="name:en" v="Times City Urban Area - National Hospital for Tropical Diseases II"/>
  <tag k="network" v="Hanoibus"/>
  <tag k="opening_hours" v="Mo-Su 05:00-21:00"/>
  <tag k="operator" v="Công ty Bảo Yến"/>
  <tag k="public_transport:version" v="2"/>
  <tag k="ref" v="159"/>
  <tag k="route" v="bus"/>
  <tag k="to" v="Bệnh viện Bệnh nhiệt đới Trung ương cơ sở 2"/>
  <tag k="type" v="route"/>
 </relation>
 <relation id="12812223" visible="true" version="3" changeset="148381528" timestamp="2024-03-08T12:14:50Z" user="edumiz624" uid="20881381">
  <member type="relation" ref="12812221" role=""/>
  <member type="relation" ref="12812222" role=""/>
  <tag k="interval" v="00:15"/>
  <tag k="name" v="Bệnh viện Bệnh nhiệt đới Trung ương cơ sở 2 ↔ Khu đô thị Times City"/>
  <tag k="name:en" v="National Hospital for Tropical Diseases II - Times City Urban Area"/>
  <tag k="network" v="Hanoibus"/>
  <tag k="operator" v="Công ty Bảo Yến"/>
  <tag k="ref" v="159"/>
  <tag k="route_master" v="bus"/>
  <tag k="type" v="route_master"/>
 </relation>
 <relation id="13534191" visible="true" version="50" changeset="175985520" timestamp="2025-12-16T02:38:28Z" user="phoenixsaigon1698" uid="3323343">
  <member type="node" ref="8831817111" role="platform_entry_only"/>
  <member type="node" ref="8822946771" role="platform"/>
  <member type="node" ref="8822946772" role="platform"/>
  <member type="node" ref="4559411156" role="platform"/>
  <member type="node" ref="738815384" role="platform"/>
  <member type="node" ref="481837146" role="platform"/>
  <member type="node" ref="8920049618" role="platform"/>
  <member type="node" ref="8920049619" role="platform"/>
  <member type="node" ref="8920049620" role="platform"/>
  <member type="node" ref="9325944973" role="platform"/>
  <member type="node" ref="738815421" role="platform"/>
  <member type="node" ref="8741294706" role="platform"/>
  <member type="node" ref="8856174814" role="platform"/>
  <member type="node" ref="738815241" role="platform"/>
  <member type="node" ref="738813553" role="platform"/>
  <member type="node" ref="8218246214" role="platform"/>
  <member type="node" ref="8766627151" role="platform"/>
  <member type="node" ref="8766627152" role="platform"/>
  <member type="node" ref="8766627153" role="platform"/>
  <member type="node" ref="8766627154" role="platform"/>
  <member type="node" ref="7298159285" role="platform"/>
  <member type="node" ref="8813408803" role="platform"/>
  <member type="node" ref="8808907343" role="platform"/>
  <member type="node" ref="7622858413" role="platform"/>
  <member type="node" ref="8829926853" role="platform"/>
  <member type="node" ref="8829926854" role="platform"/>
  <member type="node" ref="8829926855" role="platform"/>
  <member type="node" ref="9013469842" role="platform"/>
  <member type="node" ref="9013469843" role="platform"/>
  <member type="node" ref="8945948098" role="platform"/>
  <member type="node" ref="8808907346" role="platform"/>
  <member type="node" ref="9320083031" role="platform_exit_only"/>
  <member type="node" ref="11516291186" role="platform"/>
  <member type="node" ref="11515782291" role="platform"/>
  <member type="node" ref="12345971115" role="platform"/>
  <member type="node" ref="738815799" role="platform"/>
  <member type="node" ref="8835043626" role=""/>
  <member type="way" ref="1357122964" role=""/>
  <member type="way" ref="954542122" role=""/>
  <member type="way" ref="219867179" role=""/>
  <member type="way" ref="37555725" role=""/>
  <member type="way" ref="1287255416" role=""/>
  <member type="way" ref="769785756" role=""/>
  <member type="way" ref="769777576" role=""/>
  <member type="way" ref="769777581" role=""/>
  <member type="way" ref="703199103" role=""/>
  <member type="way" ref="701454824" role=""/>
  <member type="way" ref="769777575" role=""/>
  <member type="way" ref="703199102" role=""/>
  <member type="way" ref="701454823" role=""/>
  <member type="way" ref="703199100" role=""/>
  <member type="way" ref="705250832" role=""/>
  <member type="way" ref="701886585" role=""/>
  <member type="way" ref="701339681" role=""/>
  <member type="way" ref="1239581823" role=""/>
  <member type="way" ref="701365202" role=""/>
  <member type="way" ref="220303926" role=""/>
  <member type="way" ref="946030644" role=""/>
  <member type="way" ref="953227393" role=""/>
  <member type="way" ref="769777580" role=""/>
  <member type="way" ref="701371238" role=""/>
  <member type="way" ref="954542123" role=""/>
  <member type="way" ref="223799615" role=""/>
  <member type="way" ref="1367342312" role=""/>
  <member type="way" ref="1353599147" role=""/>
  <member type="way" ref="701441994" role=""/>
  <member type="way" ref="701441993" role=""/>
  <member type="way" ref="37563012" role=""/>
  <member type="way" ref="701891251" role=""/>
  <member type="way" ref="701386167" role=""/>
  <member type="way" ref="701436416" role=""/>
  <member type="way" ref="701424330" role=""/>
  <member type="way" ref="196230407" role=""/>
  <member type="way" ref="487370731" role=""/>
  <member type="way" ref="706522566" role=""/>
  <member type="way" ref="196230406" role=""/>
  <member type="way" ref="1290128835" role=""/>
  <member type="way" ref="1175244245" role=""/>
  <member type="way" ref="700062723" role=""/>
  <member type="way" ref="1296760283" role=""/>
  <member type="way" ref="1296760282" role=""/>
  <member type="way" ref="1296760284" role=""/>
  <member type="way" ref="1228119384" role=""/>
  <member type="way" ref="1163433812" role=""/>
  <member type="way" ref="602288821" role=""/>
  <member type="way" ref="1166046296" role=""/>
  <member type="way" ref="1226371113" role=""/>
  <member type="way" ref="896077759" role=""/>
  <member type="way" ref="1162841407" role=""/>
  <member type="way" ref="701423536" role=""/>
  <member type="way" ref="207704307" role=""/>
  <member type="way" ref="98837093" role=""/>
  <member type="way" ref="37567095" role=""/>
  <member type="way" ref="163906332" role=""/>
  <member type="way" ref="252400872" role=""/>
  <member type="way" ref="1347202117" role=""/>
  <member type="way" ref="1349483147" role=""/>
  <member type="way" ref="37696595" role=""/>
  <member type="way" ref="817452577" role=""/>
  <member type="way" ref="207130526" role=""/>
  <member type="way" ref="962177673" role=""/>
  <member type="way" ref="1010846167" role=""/>
  <member type="way" ref="616545698" role=""/>
  <member type="way" ref="1121703584" role=""/>
  <member type="way" ref="1121703583" role=""/>
  <member type="way" ref="954542127" role=""/>
  <member type="way" ref="35841479" role=""/>
  <member type="way" ref="1355183493" role=""/>
  <member type="way" ref="1197003501" role=""/>
  <member type="way" ref="1197003494" role=""/>
  <member type="way" ref="1197003488" role=""/>
  <member type="way" ref="1197003500" role=""/>
  <member type="way" ref="1197003498" role=""/>
  <member type="way" ref="1355183494" role=""/>
  <member type="way" ref="343741883" role=""/>
  <member type="way" ref="886446127" role=""/>
  <member type="way" ref="1121703582" role=""/>
  <member type="way" ref="221297385" role=""/>
  <member type="way" ref="157394828" role=""/>
  <member type="way" ref="601973261" role=""/>
  <member type="way" ref="1325575769" role=""/>
  <member type="way" ref="1165357407" role=""/>
  <member type="way" ref="1256457624" role=""/>
  <member type="way" ref="1314534274" role=""/>
  <member type="way" ref="954183008" role=""/>
  <member type="way" ref="701844725" role=""/>
  <member type="way" ref="615426395" role=""/>
  <member type="way" ref="1240683346" role=""/>
  <member type="way" ref="687233229" role=""/>
  <member type="way" ref="1368317682" role=""/>
  <member type="way" ref="788967973" role=""/>
  <member type="way" ref="1240182990" role=""/>
  <member type="way" ref="947077260" role=""/>
  <member type="way" ref="772663726" role=""/>
  <member type="way" ref="1359074566" role=""/>
  <member type="way" ref="1325575738" role=""/>
  <member type="way" ref="601522752" role=""/>
  <member type="way" ref="1240344628" role=""/>
  <member type="way" ref="703519574" role=""/>
  <member type="way" ref="1337871555" role=""/>
  <member type="way" ref="703519573" role=""/>
  <member type="way" ref="704942289" role=""/>
  <member type="way" ref="1163312635" role=""/>
  <member type="way" ref="815621263" role=""/>
  <member type="way" ref="703519572" role=""/>
  <member type="way" ref="816197481" role=""/>
  <member type="way" ref="704959984" role=""/>
  <member type="way" ref="703986437" role=""/>
  <member type="way" ref="704964051" role=""/>
  <member type="way" ref="898262239" role=""/>
  <member type="way" ref="1240663517" role=""/>
  <member type="way" ref="951694405" role=""/>
  <member type="way" ref="1000435074" role=""/>
  <member type="way" ref="962493746" role=""/>
  <member type="way" ref="948123041" role=""/>
  <member type="way" ref="703986436" role=""/>
  <member type="way" ref="704984905" role=""/>
  <member type="way" ref="704984904" role=""/>
  <member type="way" ref="704984906" role=""/>
  <member type="way" ref="704990515" role=""/>
  <member type="way" ref="704990516" role=""/>
  <member type="way" ref="704031049" role=""/>
  <member type="way" ref="704990514" role=""/>
  <member type="way" ref="704031050" role=""/>
  <member type="way" ref="704031047" role=""/>
  <member type="way" ref="1010846168" role=""/>
  <member type="way" ref="116610215" role=""/>
  <member type="way" ref="116610214" role=""/>
  <member type="way" ref="704627672" role=""/>
  <member type="way" ref="704634938" role=""/>
  <member type="way" ref="600520773" role=""/>
  <member type="way" ref="356005197" role=""/>
  <member type="way" ref="684695014" role=""/>
  <member type="way" ref="710333730" role=""/>
  <member type="way" ref="710333731" role=""/>
  <member type="way" ref="684695013" role=""/>
  <member type="way" ref="1391521949" role=""/>
  <member type="way" ref="708949470" role=""/>
  <member type="way" ref="708949471" role=""/>
  <member type="way" ref="708952022" role=""/>
  <member type="way" ref="708953645" role=""/>
  <member type="way" ref="708953644" role=""/>
  <member type="way" ref="951694410" role=""/>
  <member type="way" ref="684695011" role=""/>
  <member type="way" ref="596300519" role=""/>
  <member type="way" ref="1010846170" role=""/>
  <member type="way" ref="560585109" role=""/>
  <member type="way" ref="560585111" role=""/>
  <member type="way" ref="1010846172" role=""/>
  <member type="way" ref="883802899" role=""/>
  <member type="way" ref="883802901" role=""/>
  <member type="way" ref="883802898" role=""/>
  <member type="way" ref="1010127283" role=""/>
  <member type="way" ref="1010127279" role=""/>
  <member type="way" ref="1010846174" role=""/>
  <member type="way" ref="883802904" role=""/>
  <member type="way" ref="1010846175" role=""/>
  <member type="way" ref="1409256071" role=""/>
  <tag k="charge" v="10000 VND"/>
  <tag k="colour" v="#9cdd31"/>
  <tag k="fee" v="yes"/>
  <tag k="from" v="Long Biên"/>
  <tag k="interval" v="00:15-00:20"/>
  <tag k="name" v="Long Biên - Cầu Giấy - Khu đô thị Smart City"/>
  <tag k="name:en" v="Long Bien Bus Interchange - Cau Giay Bus Interchange - Smart City Urban Area"/>
  <tag k="network" v="Hanoibus"/>
  <tag k="opening_hours" v="Mo-Su 05:00-21:30"/>
  <tag k="operator" v="VinBus"/>
  <tag k="public_transport:version" v="2"/>
  <tag k="ref" v="E05"/>
  <tag k="route" v="bus"/>
  <tag k="to" v="Khu đô thị Smart City"/>
  <tag k="type" v="route"/>
  <tag k="via" v="Cầu Giấy"/>
 </relation>
 <relation id="13534192" visible="true" version="44" changeset="175985520" timestamp="2025-12-16T02:38:28Z" user="phoenixsaigon1698" uid="3323343">
  <member type="node" ref="9320083031" role="platform_entry_only"/>
  <member type="node" ref="8808913249" role="platform"/>
  <member type="node" ref="8808913250" role="platform"/>
  <member type="node" ref="9013469859" role="platform"/>
  <member type="node" ref="9013469860" role="platform"/>
  <member type="node" ref="9013469861" role="platform"/>
  <member type="node" ref="8821681976" role="platform"/>
  <member type="node" ref="8821681977" role="platform"/>
  <member type="node" ref="8821681978" role="platform"/>
  <member type="node" ref="7617390958" role="platform"/>
  <member type="node" ref="7617390959" role="platform"/>
  <member type="node" ref="8813408786" role="platform"/>
  <member type="node" ref="8813408787" role="platform"/>
  <member type="node" ref="738813535" role="platform"/>
  <member type="node" ref="738815665" role="platform"/>
  <member type="node" ref="8766627162" role="platform"/>
  <member type="node" ref="4914822521" role="platform"/>
  <member type="node" ref="8741294708" role="platform"/>
  <member type="node" ref="8807115913" role="platform"/>
  <member type="node" ref="8741301522" role="platform"/>
  <member type="node" ref="738813746" role="platform"/>
  <member type="node" ref="738814345" role="platform"/>
  <member type="node" ref="8741301523" role="platform"/>
  <member type="node" ref="8741301524" role="platform"/>
  <member type="node" ref="8920049634" role="platform"/>
  <member type="node" ref="8920049635" role="platform"/>
  <member type="node" ref="8903312085" role="platform"/>
  <member type="node" ref="8903312086" role="platform"/>
  <member type="node" ref="738815149" role="platform"/>
  <member type="node" ref="5561075722" role="platform"/>
  <member type="node" ref="738813307" role="platform"/>
  <member type="node" ref="8831817105" role="platform_exit_only"/>
  <member type="node" ref="11518476666" role="platform"/>
  <member type="node" ref="11672588051" role="platform"/>
  <member type="node" ref="738813636" role="platform"/>
  <member type="node" ref="738813553" role="platform"/>
  <member type="node" ref="8835043626" role=""/>
  <member type="way" ref="1357122963" role=""/>
  <member type="way" ref="1010127278" role=""/>
  <member type="way" ref="596278982" role=""/>
  <member type="way" ref="1010127280" role=""/>
  <member type="way" ref="596278979" role=""/>
  <member type="way" ref="709798665" role=""/>
  <member type="way" ref="459219631" role=""/>
  <member type="way" ref="596300500" role=""/>
  <member type="way" ref="596300503" role=""/>
  <member type="way" ref="709798663" role=""/>
  <member type="way" ref="457757000" role=""/>
  <member type="way" ref="704627670" role=""/>
  <member type="way" ref="600520774" role=""/>
  <member type="way" ref="711088046" role=""/>
  <member type="way" ref="711088047" role=""/>
  <member type="way" ref="675481683" role=""/>
  <member type="way" ref="675481682" role=""/>
  <member type="way" ref="705508334" role=""/>
  <member type="way" ref="705508333" role=""/>
  <member type="way" ref="705508332" role=""/>
  <member type="way" ref="704024160" role=""/>
  <member type="way" ref="962493734" role=""/>
  <member type="way" ref="37562784" role=""/>
  <member type="way" ref="704024159" role=""/>
  <member type="way" ref="706403447" role=""/>
  <member type="way" ref="704015766" role=""/>
  <member type="way" ref="704015767" role=""/>
  <member type="way" ref="704013518" role=""/>
  <member type="way" ref="703992425" role=""/>
  <member type="way" ref="705790144" role=""/>
  <member type="way" ref="705790143" role=""/>
  <member type="way" ref="703992426" role=""/>
  <member type="way" ref="703997645" role=""/>
  <member type="way" ref="703997646" role=""/>
  <member type="way" ref="815619172" role=""/>
  <member type="way" ref="705564896" role=""/>
  <member type="way" ref="703992427" role=""/>
  <member type="way" ref="1458914359" role=""/>
  <member type="way" ref="703521534" role=""/>
  <member type="way" ref="703521533" role=""/>
  <member type="way" ref="1337871557" role=""/>
  <member type="way" ref="704705860" role=""/>
  <member type="way" ref="703523507" role=""/>
  <member type="way" ref="703521535" role=""/>
  <member type="way" ref="958138881" role=""/>
  <member type="way" ref="1240344625" role=""/>
  <member type="way" ref="705241731" role=""/>
  <member type="way" ref="1239581821" role=""/>
  <member type="way" ref="482324745" role=""/>
  <member type="way" ref="1240683351" role=""/>
  <member type="way" ref="705519697" role=""/>
  <member type="way" ref="157394813" role=""/>
  <member type="way" ref="1240683345" role=""/>
  <member type="way" ref="1241605219" role=""/>
  <member type="way" ref="776703518" role=""/>
  <member type="way" ref="615426402" role=""/>
  <member type="way" ref="704938980" role=""/>
  <member type="way" ref="1325575768" role=""/>
  <member type="way" ref="973485822" role=""/>
  <member type="way" ref="158829325" role=""/>
  <member type="way" ref="601973263" role=""/>
  <member type="way" ref="1121703583" role=""/>
  <member type="way" ref="954542127" role=""/>
  <member type="way" ref="35841479" role=""/>
  <member type="way" ref="1355183493" role=""/>
  <member type="way" ref="1197003501" role=""/>
  <member type="way" ref="1197003494" role=""/>
  <member type="way" ref="1197003488" role=""/>
  <member type="way" ref="1197003500" role=""/>
  <member type="way" ref="1197003498" role=""/>
  <member type="way" ref="1355183494" role=""/>
  <member type="way" ref="343741883" role=""/>
  <member type="way" ref="207314366" role=""/>
  <member type="way" ref="704933930" role=""/>
  <member type="way" ref="35841545" role=""/>
  <member type="way" ref="202516833" role=""/>
  <member type="way" ref="817454548" role=""/>
  <member type="way" ref="1349483149" role=""/>
  <member type="way" ref="1347202118" role=""/>
  <member type="way" ref="708558062" role=""/>
  <member type="way" ref="708558065" role=""/>
  <member type="way" ref="951487951" role=""/>
  <member type="way" ref="704479488" role=""/>
  <member type="way" ref="864640269" role=""/>
  <member type="way" ref="703129549" role=""/>
  <member type="way" ref="703129550" role=""/>
  <member type="way" ref="252400871" role=""/>
  <member type="way" ref="37567094" role=""/>
  <member type="way" ref="1262856757" role=""/>
  <member type="way" ref="397017618" role=""/>
  <member type="way" ref="1178280524" role=""/>
  <member type="way" ref="207700254" role=""/>
  <member type="way" ref="597551344" role=""/>
  <member type="way" ref="1376021708" role=""/>
  <member type="way" ref="1203978167" role=""/>
  <member type="way" ref="711053760" role=""/>
  <member type="way" ref="587879893" role=""/>
  <member type="way" ref="1290128836" role=""/>
  <member type="way" ref="28190348" role=""/>
  <member type="way" ref="1259560430" role=""/>
  <member type="way" ref="1259560754" role=""/>
  <member type="way" ref="706812840" role=""/>
  <member type="way" ref="701424331" role=""/>
  <member type="way" ref="701380294" role=""/>
  <member type="way" ref="701441995" role=""/>
  <member type="way" ref="701441996" role=""/>
  <member type="way" ref="701380293" role=""/>
  <member type="way" ref="1353599147" role=""/>
  <member type="way" ref="1367342312" role=""/>
  <member type="way" ref="223799615" role=""/>
  <member type="way" ref="219867179" role=""/>
  <member type="way" ref="37555725" role=""/>
  <member type="way" ref="1287255416" role=""/>
  <member type="way" ref="769785756" role=""/>
  <member type="way" ref="769777576" role=""/>
  <member type="way" ref="220303927" role=""/>
  <member type="way" ref="769777575" role=""/>
  <member type="way" ref="703199102" role=""/>
  <member type="way" ref="701454823" role=""/>
  <member type="way" ref="703199100" role=""/>
  <member type="way" ref="705250832" role=""/>
  <member type="way" ref="701886585" role=""/>
  <member type="way" ref="701339681" role=""/>
  <member type="way" ref="1239581823" role=""/>
  <member type="way" ref="701365202" role=""/>
  <member type="way" ref="944100710" role=""/>
  <member type="way" ref="701371239" role=""/>
  <member type="way" ref="946030644" role=""/>
  <member type="way" ref="953227393" role=""/>
  <member type="way" ref="597567980" role=""/>
  <member type="way" ref="701452887" role=""/>
  <member type="way" ref="221160174" role=""/>
  <member type="way" ref="1409256071" role=""/>
  <tag k="charge" v="10000 VND"/>
  <tag k="colour" v="#9cdd31"/>
  <tag k="fee" v="yes"/>
  <tag k="from" v="Khu đô thị Smart City"/>
  <tag k="interval" v="00:15-00:20"/>
  <tag k="name" v="Khu đô thị Smart City - Cầu Giấy - Long Biên"/>
  <tag k="name:en" v="Smart City Urban Area - Cau Giay Bus Interchange - Long Bien Bus Interchange"/>
  <tag k="network" v="Hanoibus"/>
  <tag k="opening_hours" v="Mo-Su 05:00-21:30"/>
  <tag k="operator" v="VinBus"/>
  <tag k="public_transport:version" v="2"/>
  <tag k="ref" v="E05"/>
  <tag k="route" v="bus"/>
  <tag k="to" v="Long Biên"/>
  <tag k="type" v="route"/>
  <tag k="via" v="Cầu Giấy"/>
 </relation>
 <relation id="13534193" visible="true" version="2" changeset="148381528" timestamp="2024-03-08T12:14:50Z" user="edumiz624" uid="20881381">
  <member type="relation" ref="13534191" role=""/>
  <member type="relation" ref="13534192" role=""/>
  <tag k="name" v="Long Biên - Cầu Giấy - Khu đô thị Smart City"/>
  <tag k="name:en" v="Long Bien Bus Interchange - Cau Giay Bus Interchange - Smart City Urban Area"/>
  <tag k="network" v="Hanoibus"/>
  <tag k="operator" v="VinBus"/>
  <tag k="ref" v="E05"/>
  <tag k="route_master" v="bus"/>
  <tag k="type" v="route_master"/>
 </relation>
 <relation id="16720239" visible="true" version="2" changeset="168721892" timestamp="2025-07-10T04:03:00Z" user="phoenixsaigon1698" uid="3323343">
  <member type="way" ref="703141277" role="from"/>
  <member type="node" ref="106098698" role="via"/>
  <member type="way" ref="194422287" role="to"/>
  <tag k="except" v="motorcycle;bicycle"/>
  <tag k="restriction" v="no_left_turn"/>
  <tag k="type" v="restriction"/>
 </relation>
 <relation id="17079746" visible="true" version="30" changeset="172272619" timestamp="2025-09-22T03:31:03Z" user="GrabVN_HHanh" uid="21825758">
  <member type="node" ref="11551502890" role="platform_entry_only"/>
  <member type="node" ref="11515782290" role="platform"/>
  <member type="node" ref="11515782289" role="platform"/>
  <member type="node" ref="7294698285" role="platform"/>
  <member type="node" ref="4224823335" role="platform"/>
  <member type="node" ref="8831420065" role="platform"/>
  <member type="node" ref="738815777" role="platform"/>
  <member type="node" ref="7294678089" role="platform"/>
  <member type="node" ref="8831420066" role="platform"/>
  <member type="node" ref="12080105447" role="platform"/>
  <member type="node" ref="738815534" role="platform"/>
  <member type="node" ref="7294698188" role="platform"/>
  <member type="node" ref="7294698386" role="platform"/>
  <member type="node" ref="8920049630" role="platform"/>
  <member type="node" ref="8920049631" role="platform"/>
  <member type="node" ref="8920049632" role="platform"/>
  <member type="node" ref="8920049633" role="platform"/>
  <member type="node" ref="9325944973" role="platform"/>
  <member type="node" ref="738815421" role="platform"/>
  <member type="node" ref="8741294706" role="platform"/>
  <member type="node" ref="738814364" role="platform"/>
  <member type="node" ref="738813748" role="platform"/>
  <member type="node" ref="11294871987" role="platform"/>
  <member type="node" ref="8751624829" role="platform"/>
  <member type="node" ref="8751624830" role="platform"/>
  <member type="node" ref="738813355" role="platform"/>
  <member type="node" ref="8757875262" role="platform"/>
  <member type="node" ref="738815785" role="platform"/>
  <member type="node" ref="738814705" role="platform"/>
  <member type="node" ref="7629327424" role="platform"/>
  <member type="node" ref="738814514" role="platform"/>
  <member type="node" ref="738815806" role="platform"/>
  <member type="node" ref="738814370" role="platform"/>
  <member type="node" ref="738815825" role="platform"/>
  <member type="node" ref="738813696" role="platform"/>
  <member type="node" ref="7821883015" role="platform"/>
  <member type="node" ref="738814139" role="platform"/>
  <member type="node" ref="10118488781" role="platform"/>
  <member type="node" ref="10118488782" role="platform"/>
  <member type="node" ref="7821910475" role="platform"/>
  <member type="node" ref="7825858601" role="platform_exit_only"/>
  <member type="way" ref="1239575055" role=""/>
  <member type="way" ref="335032519" role=""/>
  <member type="way" ref="1239581820" role=""/>
  <member type="way" ref="1244014561" role=""/>
  <member type="way" ref="702906495" role=""/>
  <member type="way" ref="1411061249" role=""/>
  <member type="way" ref="962215935" role=""/>
  <member type="way" ref="1411061250" role=""/>
  <member type="way" ref="973101807" role=""/>
  <member type="way" ref="1411062721" role=""/>
  <member type="way" ref="1411062723" role=""/>
  <member type="way" ref="1411063588" role=""/>
  <member type="way" ref="1411062724" role=""/>
  <member type="way" ref="1411063589" role=""/>
  <member type="way" ref="37559371" role=""/>
  <member type="way" ref="967878682" role=""/>
  <member type="way" ref="1178369251" role=""/>
  <member type="way" ref="1178369252" role=""/>
  <member type="way" ref="721496144" role=""/>
  <member type="way" ref="28207692" role=""/>
  <member type="way" ref="1240205396" role=""/>
  <member type="way" ref="1210334157" role=""/>
  <member type="way" ref="1008258691" role=""/>
  <member type="way" ref="1210334174" role=""/>
  <member type="way" ref="1169767223" role=""/>
  <member type="way" ref="1169767226" role=""/>
  <member type="way" ref="1169767227" role=""/>
  <member type="way" ref="38134037" role=""/>
  <member type="way" ref="1169767228" role=""/>
  <member type="way" ref="1169767229" role=""/>
  <member type="way" ref="1239628944" role=""/>
  <member type="way" ref="954183036" role=""/>
  <member type="way" ref="964350838" role=""/>
  <member type="way" ref="944122212" role=""/>
  <member type="way" ref="886446129" role=""/>
  <member type="way" ref="886446130" role=""/>
  <member type="way" ref="486370014" role=""/>
  <member type="way" ref="175975104" role=""/>
  <member type="way" ref="1264085501" role=""/>
  <member type="way" ref="1262857181" role=""/>
  <member type="way" ref="1164420169" role=""/>
  <member type="way" ref="36850858" role=""/>
  <member type="way" ref="207704307" role=""/>
  <member type="way" ref="98837093" role=""/>
  <member type="way" ref="37567095" role=""/>
  <member type="way" ref="163906332" role=""/>
  <member type="way" ref="252400872" role=""/>
  <member type="way" ref="966693588" role=""/>
  <member type="way" ref="708558062" role=""/>
  <member type="way" ref="1216675684" role=""/>
  <member type="way" ref="817461258" role=""/>
  <member type="way" ref="708565765" role=""/>
  <member type="way" ref="967878668" role=""/>
  <member type="way" ref="967878669" role=""/>
  <member type="way" ref="704479490" role=""/>
  <member type="way" ref="1240355962" role=""/>
  <member type="way" ref="1177187695" role=""/>
  <member type="way" ref="707305432" role=""/>
  <member type="way" ref="704479486" role=""/>
  <member type="way" ref="706798106" role=""/>
  <member type="way" ref="946030653" role=""/>
  <member type="way" ref="1218947562" role=""/>
  <member type="way" ref="1218947565" role=""/>
  <member type="way" ref="1078449398" role=""/>
  <member type="way" ref="1218947564" role=""/>
  <member type="way" ref="1218947563" role=""/>
  <member type="way" ref="28945482" role=""/>
  <member type="way" ref="707354681" role=""/>
  <member type="way" ref="945322254" role=""/>
  <member type="way" ref="711400669" role=""/>
  <member type="way" ref="965992922" role=""/>
  <member type="way" ref="711400670" role=""/>
  <member type="way" ref="1040753543" role=""/>
  <member type="way" ref="710264445" role=""/>
  <member type="way" ref="710271827" role=""/>
  <member type="way" ref="1204906467" role=""/>
  <member type="way" ref="710279560" role=""/>
  <member type="way" ref="710279559" role=""/>
  <member type="way" ref="621977218" role=""/>
  <member type="way" ref="708995000" role=""/>
  <member type="way" ref="1298270941" role=""/>
  <member type="way" ref="708944664" role=""/>
  <member type="way" ref="708903075" role=""/>
  <member type="way" ref="708960888" role=""/>
  <member type="way" ref="708914976" role=""/>
  <member type="way" ref="1240127122" role=""/>
  <member type="way" ref="179990709" role=""/>
  <member type="way" ref="1266449985" role=""/>
  <member type="way" ref="707362060" role=""/>
  <member type="way" ref="884156407" role=""/>
  <member type="way" ref="962493747" role=""/>
  <member type="way" ref="512285541" role=""/>
  <member type="way" ref="961661884" role=""/>
  <member type="way" ref="1262812937" role=""/>
  <member type="way" ref="1262812936" role=""/>
  <member type="way" ref="37972515" role=""/>
  <member type="way" ref="946030632" role=""/>
  <member type="way" ref="596710666" role=""/>
  <member type="way" ref="1204912790" role=""/>
  <member type="way" ref="684766065" role=""/>
  <member type="way" ref="946030657" role=""/>
  <member type="way" ref="9964551" role=""/>
  <member type="way" ref="708576351" role=""/>
  <member type="way" ref="708576350" role=""/>
  <member type="way" ref="708576345" role=""/>
  <member type="way" ref="708581287" role=""/>
  <member type="way" ref="178091734" role=""/>
  <member type="way" ref="1185723928" role=""/>
  <member type="way" ref="1185723929" role=""/>
  <member type="way" ref="708584851" role=""/>
  <member type="way" ref="708584848" role=""/>
  <member type="way" ref="596721704" role=""/>
  <member type="way" ref="164211021" role=""/>
  <member type="way" ref="702927012" role=""/>
  <member type="way" ref="702927011" role=""/>
  <member type="way" ref="711031661" role=""/>
  <member type="way" ref="1185723926" role=""/>
  <member type="way" ref="1185723924" role=""/>
  <member type="way" ref="945322274" role=""/>
  <member type="way" ref="37861980" role=""/>
  <member type="way" ref="1216160206" role=""/>
  <member type="way" ref="1414558554" role=""/>
  <member type="way" ref="1136650311" role=""/>
  <member type="way" ref="1216159884" role=""/>
  <member type="way" ref="1391732619" role=""/>
  <member type="way" ref="947077275" role=""/>
  <member type="way" ref="711085009" role=""/>
  <member type="way" ref="236355199" role=""/>
  <member type="way" ref="136557833" role=""/>
  <member type="way" ref="38095070" role=""/>
  <member type="way" ref="37862082" role=""/>
  <member type="way" ref="163843403" role=""/>
  <member type="way" ref="704626468" role=""/>
  <member type="way" ref="838419181" role=""/>
  <member type="way" ref="838419182" role=""/>
  <member type="way" ref="704626467" role=""/>
  <member type="way" ref="709685353" role=""/>
  <member type="way" ref="875229044" role=""/>
  <member type="way" ref="709685350" role=""/>
  <member type="way" ref="709685351" role=""/>
  <member type="way" ref="25211489" role=""/>
  <member type="way" ref="1376648991" role=""/>
  <member type="way" ref="1376648992" role=""/>
  <member type="way" ref="946030642" role=""/>
  <member type="way" ref="838059690" role=""/>
  <member type="way" ref="708979872" role=""/>
  <member type="way" ref="708987533" role=""/>
  <member type="way" ref="708987532" role=""/>
  <member type="way" ref="711089912" role=""/>
  <member type="way" ref="464097837" role=""/>
  <member type="way" ref="711089907" role=""/>
  <member type="way" ref="1165355228" role=""/>
  <member type="way" ref="954362667" role=""/>
  <member type="way" ref="1165355229" role=""/>
  <member type="way" ref="818018267" role=""/>
  <member type="way" ref="1105753218" role=""/>
  <member type="way" ref="711372337" role=""/>
  <member type="way" ref="85739368" role=""/>
  <member type="way" ref="1311942194" role=""/>
  <member type="way" ref="1303403704" role=""/>
  <member type="way" ref="600115734" role=""/>
  <member type="way" ref="686156629" role=""/>
  <member type="way" ref="711132577" role=""/>
  <member type="way" ref="11550678" role=""/>
  <member type="way" ref="1236782073" role=""/>
  <member type="way" ref="838062935" role=""/>
  <member type="way" ref="211897427" role=""/>
  <member type="way" ref="954856204" role=""/>
  <member type="way" ref="954856205" role=""/>
  <member type="way" ref="954812792" role=""/>
  <tag k="charge" v="10000 VND"/>
  <tag k="colour" v="#11a471"/>
  <tag k="fee" v="yes"/>
  <tag k="from" v="Đại học Mỏ"/>
  <tag k="interval" v="00:20-00:25"/>
  <tag k="name" v="Đại học Mỏ - Trần Khánh Dư"/>
  <tag k="name:en" v="Hanoi University of Mining and Geology - Tran Khanh Du Bus Interchange"/>
  <tag k="network" v="Hanoibus"/>
  <tag k="opening_hours" v="Mo-Su 05:00-21:00"/>
  <tag k="operator" v="Công ty Bảo Yến"/>
  <tag k="public_transport:version" v="2"/>
  <tag k="ref" v="144"/>
  <tag k="route" v="bus"/>
  <tag k="to" v="Trần Khánh Dư"/>
  <tag k="type" v="route"/>
 </relation>
 <relation id="17079747" visible="true" version="29" changeset="172381241" timestamp="2025-09-24T08:34:42Z" user="rajashekhar_n" uid="20462914">
  <member type="node" ref="7589589146" role="platform_entry_only"/>
  <member type="node" ref="738813697" role="platform"/>
  <member type="node" ref="7162770672" role="platform"/>
  <member type="node" ref="738814459" role="platform"/>
  <member type="node" ref="738813771" role="platform"/>
  <member type="node" ref="738813975" role="platform"/>
  <member type="node" ref="7608990478" role="platform"/>
  <member type="node" ref="738815717" role="platform"/>
  <member type="node" ref="8757875252" role="platform"/>
  <member type="node" ref="738814480" role="platform"/>
  <member type="node" ref="8903312082" role="platform"/>
  <member type="node" ref="738813861" role="platform"/>
  <member type="node" ref="8903312083" role="platform"/>
  <member type="node" ref="8751624856" role="platform"/>
  <member type="node" ref="8751624857" role="platform"/>
  <member type="node" ref="738813654" role="platform"/>
  <member type="node" ref="8900275038" role="platform"/>
  <member type="node" ref="8741301522" role="platform"/>
  <member type="node" ref="738813746" role="platform"/>
  <member type="node" ref="738814345" role="platform"/>
  <member type="node" ref="8920049621" role="platform"/>
  <member type="node" ref="8920049622" role="platform"/>
  <member type="node" ref="8920049623" role="platform"/>
  <member type="node" ref="8920049624" role="platform"/>
  <member type="node" ref="738813966" role="platform"/>
  <member type="node" ref="8831420038" role="platform"/>
  <member type="node" ref="738813928" role="platform"/>
  <member type="node" ref="4584884500" role="platform"/>
  <member type="node" ref="8821681979" role="platform"/>
  <member type="node" ref="8831420042" role="platform"/>
  <member type="node" ref="738815813" role="platform"/>
  <member type="node" ref="8821681980" role="platform"/>
  <member type="node" ref="8821681981" role="platform"/>
  <member type="node" ref="8821681982" role="platform"/>
  <member type="node" ref="11515748460" role="platform"/>
  <member type="node" ref="11515748461" role="platform"/>
  <member type="node" ref="11551502890" role="platform_exit_only"/>
  <member type="node" ref="10118163076" role="platform"/>
  <member type="node" ref="738814907" role="platform"/>
  <member type="node" ref="7825858601" role=""/>
  <member type="node" ref="12080105450" role=""/>
  <member type="way" ref="925424841" role=""/>
  <member type="way" ref="925424843" role=""/>
  <member type="way" ref="1304962756" role=""/>
  <member type="way" ref="164031250" role=""/>
  <member type="way" ref="944122211" role=""/>
  <member type="way" ref="964350828" role=""/>
  <member type="way" ref="954183010" role=""/>
  <member type="way" ref="1206350890" role=""/>
  <member type="way" ref="964350829" role=""/>
  <member type="way" ref="332762597" role=""/>
  <member type="way" ref="1240693325" role=""/>
  <member type="way" ref="1008258690" role=""/>
  <member type="way" ref="1210334176" role=""/>
  <member type="way" ref="1169767221" role=""/>
  <member type="way" ref="28207688" role=""/>
  <member type="way" ref="1410884566" role=""/>
  <member type="way" ref="967878683" role=""/>
  <member type="way" ref="1210656076" role=""/>
  <member type="way" ref="858369192" role=""/>
  <member type="way" ref="1094428085" role=""/>
  <member type="way" ref="1411060167" role=""/>
  <member type="way" ref="1411060168" role=""/>
  <member type="way" ref="967878676" role=""/>
  <member type="way" ref="1411060170" role=""/>
  <member type="way" ref="1411060169" role=""/>
  <member type="way" ref="965560981" role=""/>
  <member type="way" ref="1275926707" role=""/>
  <member type="way" ref="1200039177" role=""/>
  <member type="way" ref="1411060687" role=""/>
  <member type="way" ref="962005181" role=""/>
  <member type="way" ref="1411060686" role=""/>
  <member type="way" ref="1304188944" role=""/>
  <member type="way" ref="894506651" role=""/>
  <member type="way" ref="747748774" role=""/>
  <member type="way" ref="1244014561" role=""/>
  <member type="way" ref="1239581820" role=""/>
  <member type="way" ref="335032519" role=""/>
  <member type="way" ref="1239575055" role=""/>
  <member type="way" ref="954856206" role=""/>
  <member type="way" ref="838509720" role=""/>
  <member type="way" ref="838526715" role=""/>
  <member type="way" ref="1105753219" role=""/>
  <member type="way" ref="838062938" role=""/>
  <member type="way" ref="11005894" role=""/>
  <member type="way" ref="711132577" role=""/>
  <member type="way" ref="686156629" role=""/>
  <member type="way" ref="600115734" role=""/>
  <member type="way" ref="1303403704" role=""/>
  <member type="way" ref="1311942194" role=""/>
  <member type="way" ref="85739368" role=""/>
  <member type="way" ref="711530189" role=""/>
  <member type="way" ref="711530188" role=""/>
  <member type="way" ref="600544654" role=""/>
  <member type="way" ref="711090413" role=""/>
  <member type="way" ref="601488898" role=""/>
  <member type="way" ref="37758709" role=""/>
  <member type="way" ref="1226366665" role=""/>
  <member type="way" ref="711493644" role=""/>
  <member type="way" ref="711493643" role=""/>
  <member type="way" ref="708987534" role=""/>
  <member type="way" ref="813364992" role=""/>
  <member type="way" ref="708979873" role=""/>
  <member type="way" ref="711028668" role=""/>
  <member type="way" ref="464097836" role=""/>
  <member type="way" ref="711028667" role=""/>
  <member type="way" ref="875229045" role=""/>
  <member type="way" ref="951487946" role=""/>
  <member type="way" ref="711028666" role=""/>
  <member type="way" ref="236354440" role=""/>
  <member type="way" ref="709685349" role=""/>
  <member type="way" ref="397989527" role=""/>
  <member type="way" ref="875229043" role=""/>
  <member type="way" ref="1240127123" role=""/>
  <member type="way" ref="875229042" role=""/>
  <member type="way" ref="838419179" role=""/>
  <member type="way" ref="838419180" role=""/>
  <member type="way" ref="37862085" role=""/>
  <member type="way" ref="163843395" role=""/>
  <member type="way" ref="709360971" role=""/>
  <member type="way" ref="1333362366" role=""/>
  <member type="way" ref="711052546" role=""/>
  <member type="way" ref="709665785" role=""/>
  <member type="way" ref="711085008" role=""/>
  <member type="way" ref="962177670" role=""/>
  <member type="way" ref="947077275" role=""/>
  <member type="way" ref="1136650312" role=""/>
  <member type="way" ref="1216159884" role=""/>
  <member type="way" ref="1136650311" role=""/>
  <member type="way" ref="1414558554" role=""/>
  <member type="way" ref="1216160206" role=""/>
  <member type="way" ref="37861980" role=""/>
  <member type="way" ref="945322274" role=""/>
  <member type="way" ref="1185723923" role=""/>
  <member type="way" ref="711031659" role=""/>
  <member type="way" ref="945322258" role=""/>
  <member type="way" ref="702927013" role=""/>
  <member type="way" ref="710286229" role=""/>
  <member type="way" ref="702927014" role=""/>
  <member type="way" ref="1186000755" role=""/>
  <member type="way" ref="164211258" role=""/>
  <member type="way" ref="1185723930" role=""/>
  <member type="way" ref="708581285" role=""/>
  <member type="way" ref="708576344" role=""/>
  <member type="way" ref="708576347" role=""/>
  <member type="way" ref="708614256" role=""/>
  <member type="way" ref="708573721" role=""/>
  <member type="way" ref="711404120" role=""/>
  <member type="way" ref="219977622" role=""/>
  <member type="way" ref="1012665674" role=""/>
  <member type="way" ref="875229039" role=""/>
  <member type="way" ref="875229038" role=""/>
  <member type="way" ref="1331204980" role=""/>
  <member type="way" ref="601448191" role=""/>
  <member type="way" ref="37972515" role=""/>
  <member type="way" ref="1262812936" role=""/>
  <member type="way" ref="1262812937" role=""/>
  <member type="way" ref="709301078" role=""/>
  <member type="way" ref="1349903768" role=""/>
  <member type="way" ref="962493748" role=""/>
  <member type="way" ref="709017800" role=""/>
  <member type="way" ref="1266449984" role=""/>
  <member type="way" ref="946867355" role=""/>
  <member type="way" ref="1432500749" role=""/>
  <member type="way" ref="207272547" role=""/>
  <member type="way" ref="1216203224" role=""/>
  <member type="way" ref="1203979590" role=""/>
  <member type="way" ref="708903076" role=""/>
  <member type="way" ref="709017797" role=""/>
  <member type="way" ref="708944663" role=""/>
  <member type="way" ref="711708478" role=""/>
  <member type="way" ref="194581841" role=""/>
  <member type="way" ref="711708476" role=""/>
  <member type="way" ref="711708477" role=""/>
  <member type="way" ref="711708475" role=""/>
  <member type="way" ref="945322276" role=""/>
  <member type="way" ref="1277725973" role=""/>
  <member type="way" ref="1040753543" role=""/>
  <member type="way" ref="711400670" role=""/>
  <member type="way" ref="965992922" role=""/>
  <member type="way" ref="571026093" role=""/>
  <member type="way" ref="945322254" role=""/>
  <member type="way" ref="707354681" role=""/>
  <member type="way" ref="711379959" role=""/>
  <member type="way" ref="707354680" role=""/>
  <member type="way" ref="706486126" role=""/>
  <member type="way" ref="706476832" role=""/>
  <member type="way" ref="706476834" role=""/>
  <member type="way" ref="706476833" role=""/>
  <member type="way" ref="1240355963" role=""/>
  <member type="way" ref="1111992697" role=""/>
  <member type="way" ref="706486128" role=""/>
  <member type="way" ref="967878670" role=""/>
  <member type="way" ref="805181679" role=""/>
  <member type="way" ref="884156406" role=""/>
  <member type="way" ref="37927459" role=""/>
  <member type="way" ref="601991606" role=""/>
  <member type="way" ref="704479488" role=""/>
  <member type="way" ref="864640269" role=""/>
  <member type="way" ref="703129549" role=""/>
  <member type="way" ref="703129550" role=""/>
  <member type="way" ref="252400871" role=""/>
  <member type="way" ref="37567094" role=""/>
  <member type="way" ref="1262856757" role=""/>
  <member type="way" ref="602288822" role=""/>
  <member type="way" ref="913029429" role=""/>
  <member type="way" ref="1226371113" role=""/>
  <member type="way" ref="1164421592" role=""/>
  <member type="way" ref="488397490" role=""/>
  <member type="way" ref="1227174379" role=""/>
  <tag k="charge" v="7000 VND"/>
  <tag k="colour" v="#11a471"/>
  <tag k="fee" v="yes"/>
  <tag k="from" v="Trần Khánh Dư"/>
  <tag k="interval" v="00:20-00:25"/>
  <tag k="name" v="Trần Khánh Dư - Đại học Mỏ"/>
  <tag k="name:en" v="Tran Khanh Du Bus Interchange - Hanoi University of Mining and Geology"/>
  <tag k="network" v="Hanoibus"/>
  <tag k="opening_hours" v="Mo-Su 05:00-21:06"/>
  <tag k="operator" v="Công ty Bảo Yến"/>
  <tag k="ref" v="144"/>
  <tag k="route" v="bus"/>
  <tag k="to" v="Đại học Mỏ"/>
  <tag k="type" v="route"/>
 </relation>
 <relation id="17079748" visible="true" version="2" changeset="148381528" timestamp="2024-03-08T12:14:50Z" user="edumiz624" uid="20881381">
  <member type="relation" ref="17079747" role=""/>
  <member type="relation" ref="17079746" role=""/>
  <tag k="name" v="Đại học Mỏ - Trần Khánh Dư"/>
  <tag k="name:en" v="Hanoi University of Mining and Geology - Tran Khanh Du Bus Interchange"/>
  <tag k="network" v="Hanoibus"/>
  <tag k="operator" v="Cong ty Bảo Yến"/>
  <tag k="ref" v="144"/>
  <tag k="route_master" v="bus"/>
  <tag k="type" v="route_master"/>
 </relation>
</osm>
